DEPTH = 65536;
WIDTH = 8;
ADDRESS_RADIX = HEX;
DATA_RADIX = HEX;
CONTENT BEGIN
0000 : 9F;
0001 : AF;
0002 : CF;
0003 : FF;
0004 : FF;
0005 : FF;
0006 : FF;
0007 : D5;
0008 : FF;
0009 : D8;
000A : FF;
000B : FF;
000C : FF;
000D : FF;
000E : FF;
000F : FF;
0010 : FF;
0011 : FF;
0012 : FF;
0013 : FF;
0014 : FF;
0015 : FF;
0016 : FF;
0017 : FF;
0018 : FF;
0019 : FF;
001A : FF;
001B : FF;
001C : FF;
001D : FF;
001E : FF;
001F : FF;
0020 : FF;
0021 : FF;
0022 : FF;
0023 : FF;
0024 : FF;
0025 : FF;
0026 : FF;
0027 : FF;
0028 : FF;
0029 : FF;
002A : FF;
002B : FF;
002C : FF;
002D : FF;
002E : FF;
002F : FF;
0030 : FF;
0031 : FF;
0032 : FF;
0033 : FF;
0034 : FF;
0035 : FF;
0036 : FF;
0037 : FF;
0038 : FF;
0039 : FF;
003A : FF;
003B : FF;
003C : FF;
003D : FF;
003E : FF;
003F : FF;
0040 : 0F;
0041 : BF;
0042 : FF;
0043 : FF;
0044 : DF;
0045 : DF;
0046 : FD;
0047 : 5F;
0048 : FD;
0049 : 8F;
004A : DF;
004B : FF;
004C : FF;
004D : FF;
004E : FF;
004F : FF;
0050 : FF;
0051 : FF;
0052 : FF;
0053 : FF;
0054 : FF;
0055 : FF;
0056 : FF;
0057 : FF;
0058 : FF;
0059 : FF;
005A : FF;
005B : FF;
005C : FF;
005D : FF;
005E : FF;
005F : FF;
0060 : FF;
0061 : FF;
0062 : FF;
0063 : FF;
0064 : FF;
0065 : FF;
0066 : FF;
0067 : FF;
0068 : FF;
0069 : FF;
006A : FF;
006B : FF;
006C : FF;
006D : FF;
006E : FF;
006F : FF;
0070 : FF;
0071 : FF;
0072 : FF;
0073 : FF;
0074 : FF;
0075 : FF;
0076 : FF;
0077 : FF;
0078 : FF;
0079 : FF;
007A : FF;
007B : FF;
007C : FF;
007D : FF;
007E : FF;
007F : FF;
0080 : 10;
0081 : 00;
0082 : 05;
0083 : 4C;
0084 : 00;
0085 : 0E;
0086 : 01;
0087 : 24;
0088 : 01;
0089 : 54;
008A : 00;
008B : 00;
008C : 00;
008D : 00;
008E : 48;
008F : E7;
0090 : 3F;
0091 : 3E;
0092 : 49;
0093 : FA;
0094 : 01;
0095 : 26;
0096 : 29;
0097 : 4C;
0098 : 00;
0099 : 02;
009A : 43;
009B : FA;
009C : 05;
009D : 30;
009E : 29;
009F : 49;
00A0 : 00;
00A1 : 06;
00A2 : 43;
00A3 : FA;
00A4 : 01;
00A5 : 30;
00A6 : 29;
00A7 : 49;
00A8 : 00;
00A9 : 0E;
00AA : 43;
00AB : FA;
00AC : 01;
00AD : 35;
00AE : 29;
00AF : 49;
00B0 : 00;
00B1 : 12;
00B2 : 4E;
00B3 : 54;
00B4 : FF;
00B5 : EC;
00B6 : 70;
00B7 : 00;
00B8 : 10;
00B9 : 39;
00BA : 00;
00BB : BF;
00BC : E0;
00BD : 01;
00BE : 08;
00BF : 00;
00C0 : 00;
00C1 : 06;
00C2 : 66;
00C3 : 26;
00C4 : 33;
00C5 : FC;
00C6 : 0F;
00C7 : 00;
00C8 : 00;
00C9 : DF;
00CA : F0;
00CB : 34;
00CC : 32;
00CD : 3C;
00CE : 04;
00CF : 00;
00D0 : 51;
00D1 : C9;
00D2 : FF;
00D3 : FE;
00D4 : 72;
00D5 : 07;
00D6 : 70;
00D7 : 00;
00D8 : 30;
00D9 : 39;
00DA : 00;
00DB : DF;
00DC : F0;
00DD : 16;
00DE : 08;
00DF : 00;
00E0 : 00;
00E1 : 0A;
00E2 : 67;
00E3 : 06;
00E4 : 51;
00E5 : C9;
00E6 : FF;
00E7 : F0;
00E8 : 60;
00E9 : 4C;
00EA : 20;
00EB : 3C;
00EC : 00;
00ED : 00;
00EE : 05;
00EF : D0;
00F0 : 61;
00F1 : 00;
00F2 : 04;
00F3 : 5C;
00F4 : 20;
00F5 : 3C;
00F6 : 00;
00F7 : 00;
00F8 : FF;
00F9 : FC;
00FA : 61;
00FB : 00;
00FC : 03;
00FD : EE;
00FE : B0;
00FF : BC;
0100 : 2F;
0101 : 43;
0102 : 44;
0103 : 48;
0104 : 66;
0105 : 10;
0106 : 20;
0107 : 3C;
0108 : 00;
0109 : 00;
010A : FF;
010B : F4;
010C : 61;
010D : 00;
010E : 03;
010F : DC;
0110 : 4A;
0111 : 80;
0112 : 66;
0113 : 2C;
0114 : 60;
0115 : 20;
0116 : 20;
0117 : 3C;
0118 : 00;
0119 : 00;
011A : 7F;
011B : FC;
011C : 61;
011D : 00;
011E : 03;
011F : CC;
0120 : B0;
0121 : BC;
0122 : 2F;
0123 : 43;
0124 : 44;
0125 : 48;
0126 : 66;
0127 : 18;
0128 : 20;
0129 : 3C;
012A : 00;
012B : 00;
012C : 7F;
012D : F4;
012E : 61;
012F : 00;
0130 : 03;
0131 : BA;
0132 : 4A;
0133 : 80;
0134 : 66;
0135 : 0A;
0136 : 4E;
0137 : 5C;
0138 : 49;
0139 : FA;
013A : 00;
013B : 80;
013C : 42;
013D : 94;
013E : 60;
013F : 5C;
0140 : 4E;
0141 : 5C;
0142 : 20;
0143 : 3C;
0144 : 00;
0145 : 00;
0146 : 05;
0147 : D0;
0148 : 61;
0149 : 00;
014A : 00;
014B : CA;
014C : 4A;
014D : 80;
014E : 66;
014F : 2E;
0150 : 48;
0151 : E7;
0152 : 30;
0153 : 00;
0154 : 34;
0155 : 3C;
0156 : 00;
0157 : 20;
0158 : 36;
0159 : 3C;
015A : FF;
015B : FF;
015C : 42;
015D : 79;
015E : 00;
015F : DF;
0160 : F1;
0161 : 80;
0162 : 33;
0163 : FC;
0164 : 0F;
0165 : 0C;
0166 : 00;
0167 : DF;
0168 : F1;
0169 : 80;
016A : 51;
016B : CB;
016C : FF;
016D : F0;
016E : 51;
016F : CA;
0170 : FF;
0171 : E8;
0172 : 4C;
0173 : DF;
0174 : 00;
0175 : 0C;
0176 : 70;
0177 : 00;
0178 : 4C;
0179 : DF;
017A : 7C;
017B : FC;
017C : 4E;
017D : 75;
017E : 49;
017F : FA;
0180 : 00;
0181 : 3A;
0182 : 24;
0183 : 40;
0184 : 58;
0185 : 8A;
0186 : 0C;
0187 : 6A;
0188 : 4A;
0189 : FC;
018A : 00;
018B : 04;
018C : 67;
018D : 06;
018E : 29;
018F : 4A;
0190 : 00;
0191 : 16;
0192 : 60;
0193 : 08;
0194 : 45;
0195 : EA;
0196 : 00;
0197 : 1A;
0198 : 29;
0199 : 52;
019A : 00;
019B : 16;
019C : 4C;
019D : DF;
019E : 7C;
019F : FC;
01A0 : 70;
01A1 : 01;
01A2 : 4E;
01A3 : 75;
01A4 : 43;
01A5 : FA;
01A6 : 00;
01A7 : 62;
01A8 : 4E;
01A9 : AE;
01AA : FF;
01AB : A0;
01AC : 4A;
01AD : 80;
01AE : 67;
01AF : 08;
01B0 : 20;
01B1 : 40;
01B2 : 20;
01B3 : 68;
01B4 : 00;
01B5 : 16;
01B6 : 4E;
01B7 : 90;
01B8 : 4E;
01B9 : 75;
01BA : 4A;
01BB : FC;
01BC : 00;
01BD : 00;
01BE : 00;
01BF : 00;
01C0 : 00;
01C1 : 00;
01C2 : 00;
01C3 : 00;
01C4 : 01;
01C5 : 2A;
01C6 : 03;
01C7 : 0A;
01C8 : 00;
01C9 : 00;
01CA : 00;
01CB : 00;
01CC : 00;
01CD : 00;
01CE : 00;
01CF : 00;
01D0 : 00;
01D1 : 00;
01D2 : 00;
01D3 : 00;
01D4 : 61;
01D5 : 34;
01D6 : 30;
01D7 : 39;
01D8 : 31;
01D9 : 2E;
01DA : 64;
01DB : 65;
01DC : 76;
01DD : 69;
01DE : 63;
01DF : 65;
01E0 : 00;
01E1 : 41;
01E2 : 34;
01E3 : 30;
01E4 : 39;
01E5 : 31;
01E6 : 20;
01E7 : 73;
01E8 : 63;
01E9 : 73;
01EA : 69;
01EB : 64;
01EC : 69;
01ED : 73;
01EE : 6B;
01EF : 20;
01F0 : 34;
01F1 : 32;
01F2 : 2E;
01F3 : 33;
01F4 : 39;
01F5 : 2D;
01F6 : 31;
01F7 : 31;
01F8 : 2D;
01F9 : 67;
01FA : 61;
01FB : 31;
01FC : 39;
01FD : 39;
01FE : 66;
01FF : 61;
0200 : 38;
0201 : 2D;
0202 : 64;
0203 : 69;
0204 : 72;
0205 : 74;
0206 : 79;
0207 : 00;
0208 : 64;
0209 : 6F;
020A : 73;
020B : 2E;
020C : 6C;
020D : 69;
020E : 62;
020F : 72;
0210 : 61;
0211 : 72;
0212 : 79;
0213 : 00;
0214 : 4E;
0215 : 54;
0216 : FF;
0217 : EC;
0218 : 61;
0219 : 00;
021A : 03;
021B : 34;
021C : 61;
021D : 00;
021E : 02;
021F : E6;
0220 : B0;
0221 : BC;
0222 : 5A;
0223 : 58;
0224 : 30;
0225 : 01;
0226 : 67;
0227 : 06;
0228 : 61;
0229 : 7E;
022A : 4E;
022B : 5C;
022C : 4E;
022D : 75;
022E : 48;
022F : E7;
0230 : 7F;
0231 : FE;
0232 : 61;
0233 : 00;
0234 : 02;
0235 : D0;
0236 : 26;
0237 : 00;
0238 : 72;
0239 : 01;
023A : 2C;
023B : 78;
023C : 00;
023D : 04;
023E : 4E;
023F : AE;
0240 : FF;
0241 : 3A;
0242 : 24;
0243 : 00;
0244 : 61;
0245 : 00;
0246 : 02;
0247 : BE;
0248 : 2A;
0249 : 00;
024A : 56;
024B : 40;
024C : C0;
024D : 3C;
024E : 00;
024F : FC;
0250 : 72;
0251 : 01;
0252 : 4E;
0253 : AE;
0254 : FF;
0255 : 3A;
0256 : 28;
0257 : 00;
0258 : 20;
0259 : 44;
025A : 22;
025B : 05;
025C : 53;
025D : 41;
025E : E4;
025F : 89;
0260 : 61;
0261 : 00;
0262 : 02;
0263 : A2;
0264 : 20;
0265 : 80;
0266 : 58;
0267 : 48;
0268 : 51;
0269 : C9;
026A : FF;
026B : F6;
026C : 20;
026D : 44;
026E : 22;
026F : 42;
0270 : 61;
0271 : 00;
0272 : 03;
0273 : 02;
0274 : 22;
0275 : 44;
0276 : 20;
0277 : 05;
0278 : 56;
0279 : 40;
027A : C0;
027B : 3C;
027C : 00;
027D : FC;
027E : 4E;
027F : AE;
0280 : FF;
0281 : 2E;
0282 : 29;
0283 : 42;
0284 : FF;
0285 : EC;
0286 : 42;
0287 : AC;
0288 : FF;
0289 : F0;
028A : 29;
028B : 42;
028C : FF;
028D : F4;
028E : 61;
028F : 00;
0290 : 02;
0291 : 74;
0292 : 61;
0293 : 14;
0294 : 28;
0295 : 00;
0296 : 22;
0297 : 42;
0298 : 20;
0299 : 03;
029A : 4E;
029B : AE;
029C : FF;
029D : 2E;
029E : 20;
029F : 04;
02A0 : 4C;
02A1 : DF;
02A2 : 7F;
02A3 : FE;
02A4 : 4E;
02A5 : 5C;
02A6 : 4E;
02A7 : 75;
02A8 : 48;
02A9 : E7;
02AA : 7F;
02AB : FE;
02AC : B0;
02AD : BC;
02AE : 00;
02AF : 00;
02B0 : 03;
02B1 : F3;
02B2 : 66;
02B3 : 00;
02B4 : 00;
02B5 : CC;
02B6 : 61;
02B7 : 00;
02B8 : 02;
02B9 : 4C;
02BA : 61;
02BB : 00;
02BC : 02;
02BD : 48;
02BE : 2E;
02BF : 00;
02C0 : 52;
02C1 : 80;
02C2 : 29;
02C3 : 40;
02C4 : FF;
02C5 : F8;
02C6 : E3;
02C7 : 88;
02C8 : 53;
02C9 : 80;
02CA : 42;
02CB : A7;
02CC : 51;
02CD : C8;
02CE : FF;
02CF : FC;
02D0 : 29;
02D1 : 4F;
02D2 : FF;
02D3 : FC;
02D4 : 53;
02D5 : 47;
02D6 : 2C;
02D7 : 07;
02D8 : 61;
02D9 : 00;
02DA : 02;
02DB : 2A;
02DC : 61;
02DD : 00;
02DE : 02;
02DF : 26;
02E0 : 2C;
02E1 : 78;
02E2 : 00;
02E3 : 04;
02E4 : 24;
02E5 : 6C;
02E6 : FF;
02E7 : FC;
02E8 : 20;
02E9 : 2C;
02EA : FF;
02EB : F8;
02EC : E5;
02ED : 88;
02EE : 47;
02EF : F2;
02F0 : 00;
02F1 : 00;
02F2 : 72;
02F3 : 01;
02F4 : 61;
02F5 : 00;
02F6 : 02;
02F7 : 0E;
02F8 : E5;
02F9 : 88;
02FA : 26;
02FB : C0;
02FC : 50;
02FD : 40;
02FE : 4E;
02FF : AE;
0300 : FF;
0301 : 3A;
0302 : 4A;
0303 : 80;
0304 : 67;
0305 : 7A;
0306 : 50;
0307 : 40;
0308 : 24;
0309 : C0;
030A : 51;
030B : CF;
030C : FF;
030D : E6;
030E : 2A;
030F : 6C;
0310 : FF;
0311 : FC;
0312 : 20;
0313 : 55;
0314 : 61;
0315 : 00;
0316 : 01;
0317 : EE;
0318 : B0;
0319 : BC;
031A : 00;
031B : 00;
031C : 03;
031D : E9;
031E : 67;
031F : 76;
0320 : B0;
0321 : BC;
0322 : 00;
0323 : 00;
0324 : 03;
0325 : EA;
0326 : 67;
0327 : 6E;
0328 : B0;
0329 : BC;
032A : 00;
032B : 00;
032C : 03;
032D : EB;
032E : 67;
032F : 7C;
0330 : B0;
0331 : BC;
0332 : 00;
0333 : 00;
0334 : 03;
0335 : EC;
0336 : 67;
0337 : 00;
0338 : 00;
0339 : 86;
033A : B0;
033B : BC;
033C : 00;
033D : 00;
033E : 03;
033F : FC;
0340 : 67;
0341 : 00;
0342 : 00;
0343 : AA;
0344 : B0;
0345 : BC;
0346 : 00;
0347 : 00;
0348 : 03;
0349 : F7;
034A : 67;
034B : 00;
034C : 00;
034D : A0;
034E : B0;
034F : BC;
0350 : 00;
0351 : 00;
0352 : 03;
0353 : F0;
0354 : 67;
0355 : 00;
0356 : 00;
0357 : D6;
0358 : B0;
0359 : BC;
035A : 00;
035B : 00;
035C : 03;
035D : FD;
035E : 67;
035F : 00;
0360 : 00;
0361 : E2;
0362 : B0;
0363 : BC;
0364 : 00;
0365 : 00;
0366 : 03;
0367 : E8;
0368 : 67;
0369 : 00;
036A : 01;
036B : 10;
036C : B0;
036D : BC;
036E : 00;
036F : 00;
0370 : 03;
0371 : F1;
0372 : 67;
0373 : 00;
0374 : 01;
0375 : 06;
0376 : B0;
0377 : BC;
0378 : 00;
0379 : 00;
037A : 03;
037B : F2;
037C : 67;
037D : 00;
037E : 01;
037F : 12;
0380 : 4A;
0381 : AC;
0382 : FF;
0383 : F8;
0384 : 67;
0385 : 08;
0386 : 20;
0387 : 2C;
0388 : FF;
0389 : F8;
038A : E7;
038B : 88;
038C : DF;
038D : C0;
038E : 70;
038F : 00;
0390 : 4C;
0391 : DF;
0392 : 7F;
0393 : FE;
0394 : 4E;
0395 : 75;
0396 : 61;
0397 : 00;
0398 : 01;
0399 : 6C;
039A : 2E;
039B : 00;
039C : 53;
039D : 87;
039E : 61;
039F : 00;
03A0 : 01;
03A1 : 64;
03A2 : 20;
03A3 : C0;
03A4 : 51;
03A5 : CF;
03A6 : FF;
03A7 : F8;
03A8 : 60;
03A9 : 00;
03AA : FF;
03AB : 68;
03AC : 61;
03AD : 00;
03AE : 01;
03AF : 56;
03B0 : 2E;
03B1 : 00;
03B2 : 53;
03B3 : 87;
03B4 : 42;
03B5 : 98;
03B6 : 51;
03B7 : CF;
03B8 : FF;
03B9 : FC;
03BA : 60;
03BB : 00;
03BC : FF;
03BD : 56;
03BE : 61;
03BF : 00;
03C0 : 01;
03C1 : 44;
03C2 : 4A;
03C3 : 80;
03C4 : 67;
03C5 : 00;
03C6 : FF;
03C7 : 4C;
03C8 : 22;
03C9 : 00;
03CA : 53;
03CB : 81;
03CC : 61;
03CD : 00;
03CE : 01;
03CF : 36;
03D0 : 24;
03D1 : 00;
03D2 : E5;
03D3 : 8A;
03D4 : 24;
03D5 : 6C;
03D6 : FF;
03D7 : FC;
03D8 : D5;
03D9 : C2;
03DA : 26;
03DB : 12;
03DC : 61;
03DD : 00;
03DE : 01;
03DF : 26;
03E0 : 26;
03E1 : 48;
03E2 : D7;
03E3 : C0;
03E4 : D7;
03E5 : 93;
03E6 : 51;
03E7 : C9;
03E8 : FF;
03E9 : F4;
03EA : 60;
03EB : D2;
03EC : 61;
03ED : 00;
03EE : 01;
03EF : 12;
03F0 : 4A;
03F1 : 80;
03F2 : 67;
03F3 : 24;
03F4 : 22;
03F5 : 00;
03F6 : 53;
03F7 : 81;
03F8 : 61;
03F9 : 00;
03FA : 01;
03FB : 06;
03FC : 24;
03FD : 00;
03FE : E5;
03FF : 8A;
0400 : 24;
0401 : 6C;
0402 : FF;
0403 : FC;
0404 : D5;
0405 : C2;
0406 : 26;
0407 : 12;
0408 : 61;
0409 : 00;
040A : 00;
040B : F6;
040C : 26;
040D : 48;
040E : D7;
040F : C0;
0410 : D7;
0411 : 93;
0412 : 51;
0413 : C9;
0414 : FF;
0415 : F4;
0416 : 60;
0417 : D4;
0418 : 20;
0419 : 2C;
041A : FF;
041B : EC;
041C : 54;
041D : 80;
041E : C0;
041F : BC;
0420 : FF;
0421 : FF;
0422 : FF;
0423 : FC;
0424 : 29;
0425 : 40;
0426 : FF;
0427 : EC;
0428 : 60;
0429 : 00;
042A : FE;
042B : E8;
042C : 61;
042D : 00;
042E : 00;
042F : D6;
0430 : 4A;
0431 : 80;
0432 : 67;
0433 : 00;
0434 : FE;
0435 : DE;
0436 : 2E;
0437 : 00;
0438 : 61;
0439 : 00;
043A : 00;
043B : CA;
043C : 51;
043D : CF;
043E : FF;
043F : FA;
0440 : 60;
0441 : EA;
0442 : 61;
0443 : 00;
0444 : 00;
0445 : BC;
0446 : 4A;
0447 : 80;
0448 : 67;
0449 : 00;
044A : FE;
044B : C8;
044C : 22;
044D : 00;
044E : 53;
044F : 81;
0450 : 61;
0451 : 00;
0452 : 00;
0453 : AE;
0454 : 24;
0455 : 00;
0456 : E5;
0457 : 8A;
0458 : 24;
0459 : 6C;
045A : FF;
045B : FC;
045C : D5;
045D : C2;
045E : 26;
045F : 52;
0460 : 24;
0461 : 48;
0462 : 61;
0463 : 00;
0464 : 00;
0465 : 9C;
0466 : 22;
0467 : 4A;
0468 : D3;
0469 : C0;
046A : 26;
046B : 11;
046C : 96;
046D : 8A;
046E : 96;
046F : 80;
0470 : D6;
0471 : 8B;
0472 : 22;
0473 : 83;
0474 : 51;
0475 : C9;
0476 : FF;
0477 : EC;
0478 : 60;
0479 : C8;
047A : 61;
047B : 00;
047C : 00;
047D : 88;
047E : 4A;
047F : 80;
0480 : 67;
0481 : 00;
0482 : FE;
0483 : 90;
0484 : 53;
0485 : 80;
0486 : 61;
0487 : 7C;
0488 : 51;
0489 : C8;
048A : FF;
048B : FC;
048C : 60;
048D : 00;
048E : FE;
048F : 84;
0490 : 58;
0491 : 8D;
0492 : 51;
0493 : CE;
0494 : FE;
0495 : 7E;
0496 : 61;
0497 : 22;
0498 : 20;
0499 : 6C;
049A : FF;
049B : FC;
049C : 24;
049D : 10;
049E : 59;
049F : 82;
04A0 : 20;
04A1 : 2C;
04A2 : FF;
04A3 : F8;
04A4 : E7;
04A5 : 88;
04A6 : DF;
04A7 : C0;
04A8 : 2F;
04A9 : 02;
04AA : 2C;
04AB : 78;
04AC : 00;
04AD : 04;
04AE : 4E;
04AF : AE;
04B0 : FD;
04B1 : 84;
04B2 : 20;
04B3 : 1F;
04B4 : 4C;
04B5 : DF;
04B6 : 7F;
04B7 : FE;
04B8 : 4E;
04B9 : 75;
04BA : 20;
04BB : 6C;
04BC : FF;
04BD : FC;
04BE : 22;
04BF : 50;
04C0 : 20;
04C1 : 2C;
04C2 : FF;
04C3 : F8;
04C4 : E5;
04C5 : 88;
04C6 : 20;
04C7 : 30;
04C8 : 00;
04C9 : 00;
04CA : 50;
04CB : 80;
04CC : E4;
04CD : 88;
04CE : 23;
04CF : 40;
04D0 : FF;
04D1 : F8;
04D2 : 58;
04D3 : 88;
04D4 : 20;
04D5 : 10;
04D6 : 4A;
04D7 : 80;
04D8 : 67;
04D9 : 0A;
04DA : 59;
04DB : 80;
04DC : E4;
04DD : 88;
04DE : 23;
04DF : 40;
04E0 : FF;
04E1 : FC;
04E2 : 60;
04E3 : DA;
04E4 : 23;
04E5 : 40;
04E6 : FF;
04E7 : FC;
04E8 : 4E;
04E9 : 75;
04EA : 48;
04EB : E7;
04EC : 00;
04ED : C0;
04EE : 20;
04EF : 6C;
04F0 : FF;
04F1 : F4;
04F2 : E5;
04F3 : 88;
04F4 : D1;
04F5 : C0;
04F6 : 29;
04F7 : 48;
04F8 : FF;
04F9 : EC;
04FA : 20;
04FB : 5F;
04FC : 22;
04FD : 5F;
04FE : 60;
04FF : 04;
0500 : 70;
0501 : 01;
0502 : 60;
0503 : 02;
0504 : 70;
0505 : 03;
0506 : 48;
0507 : E7;
0508 : 70;
0509 : C0;
050A : 20;
050B : 6C;
050C : FF;
050D : EC;
050E : 4A;
050F : AC;
0510 : FF;
0511 : F0;
0512 : 66;
0513 : 0E;
0514 : B0;
0515 : 3C;
0516 : 00;
0517 : 03;
0518 : 66;
0519 : 04;
051A : 20;
051B : 18;
051C : 60;
051D : 26;
051E : 30;
051F : 18;
0520 : 60;
0521 : 22;
0522 : 26;
0523 : 00;
0524 : E1;
0525 : 88;
0526 : 12;
0527 : 10;
0528 : C2;
0529 : BC;
052A : 00;
052B : 00;
052C : 00;
052D : F0;
052E : 14;
052F : 28;
0530 : 00;
0531 : 02;
0532 : C4;
0533 : BC;
0534 : 00;
0535 : 00;
0536 : 00;
0537 : F0;
0538 : E8;
0539 : 4A;
053A : 84;
053B : 01;
053C : 10;
053D : 02;
053E : 58;
053F : 48;
0540 : 51;
0541 : CB;
0542 : FF;
0543 : E2;
0544 : 29;
0545 : 48;
0546 : FF;
0547 : EC;
0548 : 4C;
0549 : DF;
054A : 03;
054B : 0E;
054C : 4E;
054D : 75;
054E : 48;
054F : E7;
0550 : 00;
0551 : C0;
0552 : E5;
0553 : 88;
0554 : 29;
0555 : 48;
0556 : FF;
0557 : F4;
0558 : D1;
0559 : C0;
055A : 29;
055B : 48;
055C : FF;
055D : EC;
055E : 29;
055F : 40;
0560 : FF;
0561 : F0;
0562 : 42;
0563 : AC;
0564 : FF;
0565 : F8;
0566 : 20;
0567 : 5F;
0568 : 22;
0569 : 5F;
056A : 4E;
056B : 75;
056C : 20;
056D : 6F;
056E : 00;
056F : 04;
0570 : 22;
0571 : 6F;
0572 : 00;
0573 : 08;
0574 : 48;
0575 : E7;
0576 : 20;
0577 : 20;
0578 : 72;
0579 : 80;
057A : 74;
057B : FF;
057C : 61;
057D : 36;
057E : 53;
057F : 80;
0580 : 12;
0581 : D8;
0582 : 51;
0583 : C8;
0584 : FF;
0585 : FC;
0586 : D2;
0587 : 01;
0588 : 65;
0589 : 12;
058A : 61;
058B : 28;
058C : 53;
058D : 80;
058E : 24;
058F : 49;
0590 : D5;
0591 : C2;
0592 : 12;
0593 : DA;
0594 : 51;
0595 : C8;
0596 : FF;
0597 : FC;
0598 : D2;
0599 : 01;
059A : 64;
059B : E0;
059C : 70;
059D : FE;
059E : 61;
059F : 16;
05A0 : 52;
05A1 : 00;
05A2 : 67;
05A3 : 22;
05A4 : 34;
05A5 : 00;
05A6 : E1;
05A7 : 4A;
05A8 : 70;
05A9 : 01;
05AA : 14;
05AB : 18;
05AC : E2;
05AD : 82;
05AE : 65;
05AF : DE;
05B0 : 61;
05B1 : 0E;
05B2 : 60;
05B3 : DA;
05B4 : 70;
05B5 : 01;
05B6 : D2;
05B7 : 01;
05B8 : 66;
05B9 : 04;
05BA : 12;
05BB : 18;
05BC : D3;
05BD : 01;
05BE : 65;
05BF : 0A;
05C0 : D2;
05C1 : 01;
05C2 : D1;
05C3 : 80;
05C4 : 60;
05C5 : F0;
05C6 : 4C;
05C7 : DF;
05C8 : 04;
05C9 : 04;
05CA : 4E;
05CB : 75;
05CC : 00;
05CD : 00;
05CE : 00;
05CF : 00;
05D0 : 5A;
05D1 : 58;
05D2 : 30;
05D3 : 01;
05D4 : 00;
05D5 : 00;
05D6 : B3;
05D7 : 70;
05D8 : 00;
05D9 : 00;
05DA : 6B;
05DB : 76;
05DC : A6;
05DD : 00;
05DE : 03;
05DF : F3;
05E0 : 00;
05E1 : 4B;
05E2 : 03;
05E3 : CA;
05E4 : F0;
05E5 : 02;
05E6 : 22;
05E7 : 28;
05E8 : 71;
05E9 : 6E;
05EA : D3;
05EB : D2;
05EC : A6;
05ED : 4F;
05EE : F9;
05EF : E9;
05F0 : E0;
05F1 : 3A;
05F2 : 70;
05F3 : FF;
05F4 : 4E;
05F5 : 75;
05F6 : 4A;
05F7 : FC;
05F8 : D4;
05F9 : 9A;
05FA : 04;
05FB : 1E;
05FC : AB;
05FD : 2A;
05FE : 0A;
05FF : F8;
0600 : F0;
0601 : 8F;
0602 : 99;
0603 : 04;
0604 : 94;
0605 : 18;
0606 : 86;
0607 : 61;
0608 : 34;
0609 : 30;
060A : 39;
060B : 31;
060C : 2E;
060D : 64;
060E : 65;
060F : 76;
0610 : 69;
0611 : 63;
0612 : 65;
0613 : 84;
0614 : F8;
0615 : 59;
0616 : 8F;
0617 : 48;
0618 : E7;
0619 : 20;
061A : 26;
061B : 24;
061C : 40;
061D : 23;
061E : F8;
061F : A4;
0620 : 3E;
0621 : 01;
0622 : 24;
0623 : 23;
0624 : C8;
0625 : 90;
0626 : 0E;
0627 : 42;
0628 : 82;
0629 : 4B;
062A : F9;
062B : E4;
062C : 80;
062D : E7;
062E : 10;
062F : 4A;
0630 : 82;
0631 : 67;
0632 : 62;
0633 : 10;
0634 : 02;
0635 : 06;
0636 : EB;
0637 : 31;
0638 : 13;
0639 : C0;
063A : EB;
063B : E0;
063C : 0C;
063D : E7;
063E : 01;
063F : D3;
0640 : 66;
0641 : 0A;
0642 : 13;
0643 : BA;
0644 : 45;
0645 : 6E;
0646 : C0;
0647 : 78;
0648 : 11;
0649 : 60;
064A : 1A;
064B : DC;
064C : A1;
064D : 02;
064E : A1;
064F : 72;
0650 : BA;
0651 : 08;
0652 : EC;
0653 : 82;
0654 : 74;
0655 : 4E;
0656 : 20;
0657 : 02;
0658 : 53;
0659 : 80;
065A : E2;
065B : 88;
065C : CC;
065D : 29;
065E : 64;
065F : A1;
0660 : 12;
0661 : BF;
0662 : 68;
0663 : EC;
0664 : A9;
0665 : DC;
0666 : 2E;
0667 : 9E;
0668 : 13;
0669 : 42;
066A : 39;
066B : 78;
066C : A8;
066D : 14;
066E : A4;
066F : 02;
0670 : 1A;
0671 : F8;
0672 : 48;
0673 : 7A;
0674 : FF;
0675 : 6A;
0676 : 48;
0677 : 79;
0678 : 3C;
0679 : 89;
067A : 4E;
067B : B9;
067C : F8;
067D : 9B;
067E : 80;
067F : 2C;
0680 : E8;
0681 : D8;
0682 : 24;
0683 : 43;
0684 : F8;
0685 : 80;
0686 : 21;
0687 : 41;
0688 : EE;
0689 : 01;
068A : 5E;
068B : 4E;
068C : AE;
068D : FE;
068E : EC;
068F : 50;
0690 : 8F;
0691 : 4A;
0692 : 80;
0693 : 67;
0694 : 0C;
0695 : 52;
0696 : 82;
0697 : A8;
0698 : 08;
0699 : 72;
069A : 00;
069B : FF;
069C : 64;
069D : 15;
069E : 7C;
069F : F0;
06A0 : 9F;
06A1 : 08;
06A2 : 25;
06A3 : 7C;
06A4 : B4;
06A5 : 8E;
06A6 : 00;
06A7 : 0A;
06A8 : E4;
06A9 : D8;
06AA : AF;
06AB : EA;
06AC : 0E;
06AD : 35;
06AE : F5;
06AF : 2A;
06B0 : 9A;
06B1 : 14;
06B2 : 27;
06B3 : BD;
06B4 : 16;
06B5 : CD;
06B6 : 89;
06B7 : 18;
06B8 : FE;
06B9 : 18;
06BA : 41;
06BB : F9;
06BC : 9C;
06BD : 58;
06BE : 78;
06BF : 6D;
06C0 : F4;
06C1 : FD;
06C2 : D2;
06C3 : E0;
06C4 : 9A;
06C5 : CC;
06C6 : 52;
06C7 : 6A;
06C8 : 78;
06C9 : 20;
06CA : 41;
06CB : EF;
06CC : 95;
06CD : 3E;
06CE : 42;
06CF : A0;
06D0 : 2F;
06D1 : 08;
06D2 : 00;
06D3 : 1E;
06D4 : 1D;
06D5 : 50;
06D6 : 58;
06D7 : 8F;
06D8 : 53;
06D9 : D8;
06DA : E7;
06DB : 9C;
06DC : 9E;
06DD : 84;
06DE : 08;
06DF : F8;
06E0 : C9;
06E1 : A9;
06E2 : 7E;
06E3 : C6;
06E4 : 95;
06E5 : CA;
06E6 : 60;
06E7 : 04;
06E8 : F0;
06E9 : 4F;
06EA : 20;
06EB : 0A;
06EC : 4C;
06ED : DF;
06EE : 64;
06EF : 04;
06F0 : B1;
06F1 : 32;
06F2 : 2D;
06F3 : 80;
06F4 : BF;
06F5 : 22;
06F6 : 53;
06F7 : 58;
06F8 : 5A;
06F9 : 4A;
06FA : 63;
06FB : 67;
06FC : 1A;
06FD : 7D;
06FE : E9;
06FF : D9;
0700 : F4;
0701 : D9;
0702 : 00;
0703 : B2;
0704 : C6;
0705 : 45;
0706 : 3E;
0707 : 60;
0708 : 58;
0709 : 30;
070A : 38;
070B : 12;
070C : 72;
070D : 55;
070E : E2;
070F : 66;
0710 : DC;
0711 : 1C;
0712 : DD;
0713 : F0;
0714 : C4;
0715 : 82;
0716 : FF;
0717 : 7C;
0718 : 24;
0719 : 39;
071A : 67;
071B : 04;
071C : 22;
071D : 4A;
071E : 83;
071F : DC;
0720 : 58;
0721 : E5;
0722 : E1;
0723 : 80;
0724 : 30;
0725 : 71;
0726 : FD;
0727 : 10;
0728 : 42;
0729 : 81;
072A : 32;
072B : 2A;
072C : 9B;
072D : D0;
072E : 83;
072F : 93;
0730 : C0;
0731 : D0;
0732 : 81;
0733 : AF;
0734 : C8;
0735 : 2E;
0736 : 48;
0737 : 5C;
0738 : DA;
0739 : 15;
073A : D1;
073B : 44;
073C : D8;
073D : D5;
073E : 36;
073F : 4E;
0740 : 55;
0741 : FF;
0742 : F8;
0743 : CD;
0744 : 69;
0745 : 30;
0746 : 32;
0747 : 26;
0748 : AC;
0749 : 24;
074A : 49;
074B : 26;
074C : 24;
074D : CB;
074E : 27;
074F : C5;
0750 : 07;
0751 : DB;
0752 : B0;
0753 : 0C;
0754 : 5B;
0755 : 89;
0756 : 23;
0757 : 20;
0758 : B9;
0759 : A7;
075A : 62;
075B : 06;
075C : 50;
075D : E9;
075E : 1F;
075F : 60;
0760 : 62;
0761 : 9C;
0762 : 7C;
0763 : 8A;
0764 : F0;
0765 : 6B;
0766 : 24;
0767 : A8;
0768 : 2F;
0769 : 02;
076A : 48;
076B : 6A;
076C : 00;
076D : 18;
076E : 03;
076F : 27;
0770 : 1E;
0771 : 58;
0772 : 24;
0773 : 4C;
0774 : 57;
0775 : 97;
0776 : D1;
0777 : 0C;
0778 : 67;
0779 : 2A;
077A : 48;
077B : 6D;
077C : FF;
077D : FC;
077E : F9;
077F : F9;
0780 : 5D;
0781 : D0;
0782 : 9E;
0783 : 11;
0784 : E8;
0785 : 53;
0786 : AC;
0787 : 8F;
0788 : 15;
0789 : 42;
078A : 85;
078B : D6;
078C : 04;
078D : 0F;
078E : 60;
078F : 14;
0790 : 15;
0791 : 40;
0792 : D4;
0793 : 5C;
0794 : 8A;
0795 : A9;
0796 : 4C;
0797 : ED;
0798 : 18;
0799 : 0C;
079A : FF;
079B : E4;
079C : 4E;
079D : 5D;
079E : 22;
079F : 00;
07A0 : 32;
07A1 : 23;
07A2 : 26;
07A3 : 49;
07A4 : 35;
07A5 : A4;
07A6 : 8F;
07A7 : 2F;
07A8 : 2B;
07A9 : 19;
07AA : E3;
07AB : 1C;
07AC : 1F;
07AD : 42;
07AE : 3F;
07AF : 10;
07B0 : 80;
07B1 : 5C;
07B2 : CB;
07B3 : 35;
07B4 : FD;
07B5 : 08;
07B6 : 28;
07B7 : 6D;
07B8 : 03;
07B9 : 80;
07BA : D8;
07BB : 67;
07BC : 06;
07BD : 2C;
07BE : 4A;
07BF : 4E;
07C0 : BA;
07C1 : FE;
07C2 : 8E;
07C3 : 39;
07C4 : 8C;
07C5 : 4C;
07C6 : 00;
07C7 : 60;
07C8 : 89;
07C9 : 29;
07CA : 2F;
07CB : 0E;
07CC : 30;
07CD : 29;
07CE : 00;
07CF : 1C;
07D0 : 0C;
07D1 : 40;
07D2 : 6D;
07D3 : 15;
07D4 : 66;
07D5 : 26;
07D6 : 2F;
07D7 : 09;
07D8 : 2F;
07D9 : 49;
07DA : 62;
07DB : 80;
07DC : 22;
07DD : 13;
07DE : 9C;
07DF : 29;
07E0 : 22;
07E1 : 6F;
07E2 : C7;
07E3 : 04;
07E4 : 08;
07E5 : 29;
07E6 : 00;
07E7 : 8D;
07E8 : 66;
07E9 : 50;
07EA : D8;
07EB : C0;
07EC : A6;
07ED : FE;
07EE : 86;
07EF : 44;
07F0 : 12;
07F1 : 29;
07F2 : 98;
07F3 : 1E;
07F4 : 08;
07F5 : 01;
07F6 : 8F;
07F7 : 67;
07F8 : 22;
07F9 : 95;
07FA : 6B;
07FB : 4C;
07FC : 10;
07FD : AA;
07FE : 88;
07FF : 14;
0800 : 8E;
0801 : 16;
0802 : 90;
0803 : 2C;
0804 : 56;
0805 : 79;
0806 : 85;
0807 : EC;
0808 : 8E;
0809 : 14;
080A : 00;
080B : 7D;
080C : 02;
080D : 60;
080E : 18;
080F : 02;
0810 : 01;
0811 : 00;
0812 : FE;
0813 : 13;
0814 : 41;
0815 : 2F;
0816 : 20;
0817 : 80;
0818 : B8;
0819 : 0C;
081A : 74;
081B : 27;
081C : 92;
081D : 2C;
081E : 5F;
081F : 5E;
0820 : 10;
0821 : 3C;
0822 : 70;
0823 : FD;
0824 : F9;
0825 : 6B;
0826 : 0A;
0827 : 04;
0828 : AE;
0829 : F8;
082A : 9A;
082B : CC;
082C : B5;
082D : 6E;
082E : 72;
082F : DE;
0830 : EA;
0831 : E8;
0832 : 1B;
0833 : 03;
0834 : ED;
0835 : FF;
0836 : FE;
0837 : 6A;
0838 : FC;
0839 : C0;
083A : 20;
083B : D6;
083C : 3E;
083D : 22;
083E : 2C;
083F : 78;
0840 : 64;
0841 : 98;
0842 : 08;
0843 : 23;
0844 : CE;
0845 : 23;
0846 : 20;
0847 : 08;
0848 : 0A;
0849 : 89;
084A : 23;
084B : 3B;
084C : 62;
084D : E3;
084E : A8;
084F : 41;
0850 : FA;
0851 : 9A;
0852 : BD;
0853 : 93;
0854 : C9;
0855 : 70;
0856 : 0D;
0857 : 45;
0858 : FA;
0859 : FC;
085A : 7A;
085B : 68;
085C : 0C;
085D : DD;
085E : AC;
085F : 26;
0860 : D5;
0861 : 98;
0862 : A1;
0863 : CC;
0864 : 22;
0865 : 40;
0866 : 1B;
0867 : 50;
0868 : 26;
0869 : 20;
086A : 3B;
086B : 0A;
086C : 20;
086D : 21;
086E : 4A;
086F : FE;
0870 : F1;
0871 : 9D;
0872 : C0;
0873 : DB;
0874 : AC;
0875 : E4;
0876 : AC;
0877 : C3;
0878 : 44;
0879 : 2F;
087A : 6D;
087B : 2C;
087C : C8;
087D : 8D;
087E : 09;
087F : D2;
0880 : E2;
0881 : A9;
0882 : F0;
0883 : 28;
0884 : E4;
0885 : 18;
0886 : 8D;
0887 : 2B;
0888 : 7C;
0889 : 65;
088A : 35;
088B : 0F;
088C : FF;
088D : E0;
088E : 7A;
088F : 01;
0890 : 42;
0891 : 80;
0892 : 42;
0893 : 86;
0894 : 1C;
0895 : 04;
0896 : 72;
0897 : 07;
0898 : B0;
0899 : 86;
089A : 67;
089B : 06;
089C : 2B;
089D : 80;
089E : 5C;
089F : E0;
08A0 : 52;
08A1 : 85;
08A2 : 52;
08A3 : 80;
08A4 : 53;
08A5 : 81;
08A6 : 64;
08A7 : F0;
08A8 : BC;
08A9 : 8A;
08AA : 01;
08AB : 10;
08AC : 79;
08AD : C2;
08AE : 41;
08AF : ED;
08B0 : B5;
08B1 : 1E;
08B2 : 2B;
08B3 : 48;
08B4 : FF;
08B5 : C6;
08B6 : 42;
08B7 : AD;
08B8 : FF;
08B9 : CA;
08BA : 2B;
08BB : 4A;
08BC : FF;
08BD : CE;
08BE : 2B;
08BF : 1C;
08C0 : 23;
08C1 : FF;
08C2 : D2;
08C3 : 88;
08C4 : 5C;
08C5 : EB;
08C6 : F8;
08C7 : 0C;
08C8 : E6;
08C9 : 52;
08CA : 60;
08CB : 89;
08CC : 5E;
08CD : 80;
08CE : 44;
08CF : 40;
08D0 : 3B;
08D1 : 40;
08D2 : FF;
08D3 : D6;
08D4 : 0A;
08D5 : 42;
08D6 : 00;
08D7 : 10;
08D8 : E9;
08D9 : C2;
08DA : 26;
08DB : C1;
08DC : 3B;
08DD : 42;
08DE : FF;
08DF : D8;
08E0 : 08;
08E1 : 60;
08E2 : DE;
08E3 : 42;
08E4 : 40;
08E5 : 10;
08E6 : 28;
08E7 : 87;
08E8 : C8;
08E9 : B8;
08EA : DA;
08EB : EC;
08EC : A6;
08ED : 42;
08EE : 1D;
08EF : DC;
08F0 : 1B;
08F1 : 44;
08F2 : FF;
08F3 : DE;
08F4 : 3F;
08F5 : B5;
08F6 : 4D;
08F7 : 7C;
08F8 : 8F;
08F9 : 55;
08FA : 6C;
08FB : F4;
08FC : 83;
08FD : 74;
08FE : B8;
08FF : 20;
0900 : 03;
0901 : 58;
0902 : 0D;
0903 : A8;
0904 : 44;
0905 : 7C;
0906 : A4;
0907 : 35;
0908 : 22;
0909 : 14;
090A : 04;
090B : 34;
090C : 20;
090D : 34;
090E : 32;
090F : 2E;
0910 : 33;
0911 : 39;
0912 : 2D;
0913 : 31;
0914 : 31;
0915 : 2D;
0916 : 67;
0917 : 61;
0918 : 31;
0919 : 39;
091A : 39;
091B : 66;
091C : 61;
091D : 38;
091E : 2D;
091F : 64;
0920 : 69;
0921 : 72;
0922 : 74;
0923 : 79;
0924 : 20;
0925 : 28;
0926 : 36;
0927 : 2E;
0928 : 39;
0929 : 2E;
092A : 32;
092B : 30;
092C : 32;
092D : 36;
092E : 29;
092F : 0D;
0930 : 6E;
0931 : A8;
0932 : A8;
0933 : 67;
0934 : 50;
0935 : 61;
0936 : 6E;
0937 : 47;
0938 : BD;
0939 : 4A;
093A : 01;
093B : 4B;
093C : 80;
093D : 36;
093E : 69;
093F : 6E;
0940 : 74;
0941 : 75;
0942 : 69;
0943 : 74;
0944 : 69;
0945 : 6F;
0946 : 6E;
0947 : 2E;
0948 : 6C;
0949 : 69;
094A : 62;
094B : 72;
094C : 61;
094D : 72;
094E : A8;
094F : 8A;
0950 : 4F;
0951 : EF;
0952 : C2;
0953 : EC;
0954 : 10;
0955 : B5;
0956 : 32;
0957 : 68;
0958 : 94;
0959 : CF;
095A : 10;
095B : 20;
095C : 60;
095D : 56;
095E : 89;
095F : F9;
0960 : 98;
0961 : F0;
0962 : EA;
0963 : 04;
0964 : C0;
0965 : 20;
0966 : DD;
0967 : 28;
0968 : EB;
0969 : BC;
096A : EC;
096B : CC;
096C : 26;
096D : 74;
096E : 72;
096F : 70;
0970 : 25;
0971 : 43;
0972 : 35;
0973 : C9;
0974 : BF;
0975 : 45;
0976 : 89;
0977 : FD;
0978 : D8;
0979 : 24;
097A : 3A;
097B : 1E;
097C : 2C;
097D : 40;
097E : 91;
097F : C8;
0980 : 43;
0981 : 98;
0982 : E7;
0983 : 47;
0984 : B5;
0985 : 2C;
0986 : 24;
0987 : 48;
0988 : A7;
0989 : D4;
098A : B4;
098B : 22;
098C : 42;
098D : 20;
098E : 24;
098F : B4;
0990 : 62;
0991 : AF;
0992 : 54;
0993 : 04;
0994 : 4D;
0995 : D5;
0996 : 69;
0997 : CB;
0998 : 58;
0999 : 6F;
099A : A3;
099B : 48;
099C : 0A;
099D : 67;
099E : C2;
099F : B1;
09A0 : 15;
09A1 : 9D;
09A2 : 0E;
09A3 : 76;
09A4 : D8;
09A5 : A8;
09A6 : 3E;
09A7 : 0A;
09A8 : 22;
09A9 : A0;
09AA : E6;
09AB : 74;
09AC : 23;
09AD : C5;
09AE : 0E;
09AF : 2F;
09B0 : 2C;
09B1 : C4;
09B2 : 22;
09B3 : 1C;
09B4 : EB;
09B5 : F9;
09B6 : D8;
09B7 : 52;
09B8 : 09;
09B9 : 08;
09BA : D9;
09BB : A9;
09BC : D0;
09BD : 6D;
09BE : 65;
09BF : 72;
09C0 : 83;
09C1 : 3C;
09C2 : 56;
09C3 : F4;
09C4 : 9F;
09C5 : 02;
09C6 : 42;
09C7 : A7;
09C8 : FD;
09C9 : 39;
09CA : 48;
09CB : A0;
09CC : 9F;
09CD : D8;
09CE : 26;
09CF : AC;
09D0 : 50;
09D1 : 8F;
09D2 : 67;
09D3 : 44;
09D4 : 78;
09D5 : 5A;
09D6 : 93;
09D7 : 2F;
09D8 : F9;
09D9 : DC;
09DA : 98;
09DB : A0;
09DC : 94;
09DD : 24;
09DE : C3;
09DF : 66;
09E0 : 0C;
09E1 : 1C;
09E2 : FD;
09E3 : 7C;
09E4 : 2B;
09E5 : 10;
09E6 : 28;
09E7 : 9D;
09E8 : 28;
09E9 : 2C;
09EA : C4;
09EB : B5;
09EC : 7D;
09ED : 2F;
09EE : 7D;
09EF : 10;
09F0 : E9;
09F1 : B9;
09F2 : 10;
09F3 : EB;
09F4 : 44;
09F5 : 4A;
09F6 : 00;
09F7 : 24;
09F8 : 02;
09F9 : 1D;
09FA : 05;
09FB : 1F;
09FC : 11;
09FD : 0D;
09FE : 52;
09FF : 7C;
0A00 : BD;
0A01 : 02;
0A02 : 91;
0A03 : 5E;
0A04 : 28;
0A05 : 37;
0A06 : 40;
0A07 : 0C;
0A08 : A4;
0A09 : 29;
0A0A : 2F;
0A0B : E2;
0A0C : 90;
0A0D : 07;
0A0E : 4A;
0A0F : 28;
0A10 : 01;
0A11 : 26;
0A12 : 6D;
0A13 : 0C;
0A14 : E7;
0A15 : 8A;
0A16 : 60;
0A17 : 97;
0A18 : A9;
0A19 : 71;
0A1A : 53;
0A1B : 82;
0A1C : 64;
0A1D : FA;
0A1E : 60;
0A1F : 4A;
0A20 : 17;
0A21 : 94;
0A22 : 83;
0A23 : 4E;
0A24 : 1F;
0A25 : 6E;
0A26 : 04;
0A27 : 74;
0A28 : F9;
0A29 : 7F;
0A2A : 89;
0A2B : 0D;
0A2C : BB;
0A2D : AC;
0A2E : 78;
0A2F : 6C;
0A30 : 5D;
0A31 : 1D;
0A32 : AA;
0A33 : 80;
0A34 : 80;
0A35 : D0;
0A36 : 2E;
0A37 : AA;
0A38 : A0;
0A39 : 09;
0A3A : 2B;
0A3B : 1C;
0A3C : 4C;
0A3D : 28;
0A3E : 5A;
0A3F : 51;
0A40 : 0F;
0A41 : 22;
0A42 : 25;
0A43 : 40;
0A44 : 9F;
0A45 : 24;
0A46 : 25;
0A47 : 42;
0A48 : 4F;
0A49 : 64;
0A4A : 20;
0A4B : AB;
0A4C : 38;
0A4D : 4A;
0A4E : 72;
0A4F : 3C;
0A50 : 7F;
0A51 : FA;
0A52 : FE;
0A53 : EA;
0A54 : F0;
0A55 : 5C;
0A56 : 68;
0A57 : E1;
0A58 : 05;
0A59 : 83;
0A5A : 3C;
0A5B : 00;
0A5C : 00;
0A5D : 06;
0A5E : 60;
0A5F : EA;
0A60 : EF;
0A61 : 04;
0A62 : 14;
0A63 : CB;
0A64 : A1;
0A65 : 18;
0A66 : 7D;
0A67 : 57;
0A68 : 69;
0A69 : 93;
0A6A : D5;
0A6B : 6C;
0A6C : 02;
0A6D : 44;
0A6E : 80;
0A6F : 76;
0A70 : 01;
0A71 : 31;
0A72 : C5;
0A73 : 8A;
0A74 : 29;
0A75 : 10;
0A76 : BC;
0A77 : 79;
0A78 : 30;
0A79 : 11;
0A7A : 42;
0A7B : 1D;
0A7C : 0D;
0A7D : 60;
0A7E : 5E;
0A7F : 22;
0A80 : 00;
0A81 : 4C;
0A82 : 44;
0A83 : 18;
0A84 : 05;
0A85 : 22;
0A86 : 03;
0A87 : 0C;
0A88 : 85;
0A89 : 68;
0A8A : A4;
0A8B : 6B;
0A8C : 09;
0A8D : 6F;
0A8E : 06;
0A8F : 06;
0A90 : 05;
0A91 : 57;
0A92 : 7E;
0A93 : E5;
0A94 : F5;
0A95 : C0;
0A96 : 9F;
0A97 : 85;
0A98 : 38;
0A99 : FF;
0A9A : C9;
0A9B : 42;
0A9C : B3;
0A9D : 34;
0A9E : 52;
0A9F : 83;
0AA0 : 2B;
0AA1 : E4;
0AA2 : D8;
0AA3 : B1;
0AA4 : 95;
0AA5 : 6C;
0AA6 : 29;
0AA7 : 35;
0AA8 : 84;
0AA9 : A8;
0AAA : 0A;
0AAB : E3;
0AAC : 08;
0AAD : 11;
0AAE : 85;
0AAF : 2D;
0AB0 : 18;
0AB1 : 9E;
0AB2 : D1;
0AB3 : 81;
0AB4 : 42;
0AB5 : 30;
0AB6 : F5;
0AB7 : 89;
0AB8 : 53;
0AB9 : 78;
0ABA : 80;
0ABB : 4A;
0ABC : 81;
0ABD : 67;
0ABE : 16;
0ABF : 14;
0AC0 : 30;
0AC1 : AD;
0AC2 : FA;
0AC3 : 11;
0AC4 : B0;
0AC5 : D5;
0AC6 : F4;
0AC7 : 8C;
0AC8 : 82;
0AC9 : 78;
0ACA : 54;
0ACB : 30;
0ACC : B2;
0ACD : 80;
0ACE : 6E;
0ACF : EA;
0AD0 : D8;
0AD1 : 51;
0AD2 : CD;
0AD3 : 8B;
0AD4 : 00;
0AD5 : 3C;
0AD6 : 20;
0AD7 : 56;
0AD8 : 14;
0AD9 : 89;
0ADA : B1;
0ADB : F9;
0ADC : AD;
0ADD : 38;
0ADE : AB;
0ADF : E1;
0AE0 : 68;
0AE1 : 0C;
0AE2 : 07;
0AE3 : 65;
0AE4 : F8;
0AE5 : E8;
0AE6 : C5;
0AE7 : 33;
0AE8 : 67;
0AE9 : 20;
0AEA : 42;
0AEB : A8;
0AEC : 6D;
0AED : BC;
0AEE : C1;
0AEF : 22;
0AF0 : D9;
0AF1 : B0;
0AF2 : B5;
0AF3 : 09;
0AF4 : BB;
0AF5 : D9;
0AF6 : 23;
0AF7 : C8;
0AF8 : FE;
0AF9 : FD;
0AFA : BC;
0AFB : C8;
0AFC : 98;
0AFD : 04;
0AFE : 21;
0AFF : 49;
0B00 : E7;
0B01 : 88;
0B02 : F9;
0B03 : B5;
0B04 : F9;
0B05 : EC;
0B06 : A6;
0B07 : 4A;
0B08 : 0D;
0B09 : 56;
0B0A : C0;
0B0B : 49;
0B0C : C0;
0B0D : F3;
0B0E : 6D;
0B0F : 55;
0B10 : 15;
0B11 : A8;
0B12 : DC;
0B13 : 08;
0B14 : 0C;
0B15 : 8F;
0B16 : 11;
0B17 : 44;
0B18 : 82;
0B19 : B0;
0B1A : C4;
0B1B : CA;
0B1C : A9;
0B1D : 70;
0B1E : 62;
0B1F : 90;
0B20 : 20;
0B21 : 02;
0B22 : 3A;
0B23 : 24;
0B24 : 1F;
0B25 : B8;
0B26 : 62;
0B27 : 0A;
0B28 : 41;
0B29 : EF;
0B2A : 79;
0B2B : 24;
0B2C : 58;
0B2D : 22;
0B2E : FD;
0B2F : 7C;
0B30 : 18;
0B31 : 20;
0B32 : 10;
0B33 : 24;
0B34 : 89;
0B35 : 25;
0B36 : 41;
0B37 : BD;
0B38 : FE;
0B39 : 65;
0B3A : DD;
0B3B : D1;
0B3C : B4;
0B3D : 9D;
0B3E : 6A;
0B3F : 42;
0B40 : AA;
0B41 : 7D;
0B42 : C4;
0B43 : E3;
0B44 : D0;
0B45 : 25;
0B46 : 48;
0B47 : F8;
0B48 : 11;
0B49 : 9D;
0B4A : 14;
0B4B : B8;
0B4C : 4A;
0B4D : D9;
0B4E : 82;
0B4F : 23;
0B50 : CA;
0B51 : 39;
0B52 : 24;
0B53 : 5F;
0B54 : 18;
0B55 : DA;
0B56 : C4;
0B57 : 9E;
0B58 : 04;
0B59 : 99;
0B5A : F6;
0B5B : 68;
0B5C : 6D;
0B5D : F0;
0B5E : BE;
0B5F : D1;
0B60 : 54;
0B61 : E3;
0B62 : 24;
0B63 : 94;
0B64 : 1A;
0B65 : F0;
0B66 : 1C;
0B67 : 32;
0B68 : 20;
0B69 : 52;
0B6A : B0;
0B6B : FC;
0B6C : 0A;
0B6D : 08;
0B6E : 78;
0B6F : 0C;
0B70 : 42;
0B71 : 92;
0B72 : 58;
0B73 : B4;
0B74 : D0;
0B75 : AE;
0B76 : AC;
0B77 : 16;
0B78 : 70;
0B79 : 9D;
0B7A : 12;
0B7B : 41;
0B7C : E8;
0B7D : 5E;
0B7E : 81;
0B7F : 61;
0B80 : A4;
0B81 : 6F;
0B82 : 9A;
0B83 : 24;
0B84 : 88;
0B85 : 60;
0B86 : 06;
0B87 : 24;
0B88 : BC;
0B89 : 01;
0B8A : B6;
0B8B : 6A;
0B8C : 50;
0B8D : CB;
0B8E : 81;
0B8F : CE;
0B90 : D8;
0B91 : 51;
0B92 : 54;
0B93 : 63;
0B94 : 43;
0B95 : E8;
0B96 : A7;
0B97 : 48;
0B98 : 89;
0B99 : 21;
0B9A : 48;
0B9B : EB;
0B9C : 4D;
0B9D : 54;
0B9E : 0E;
0B9F : BF;
0BA0 : 50;
0BA1 : 21;
0BA2 : B9;
0BA3 : B3;
0BA4 : B1;
0BA5 : 1C;
0BA6 : 55;
0BA7 : 4A;
0BA8 : A0;
0BA9 : AE;
0BAA : 7C;
0BAB : 4E;
0BAC : 08;
0BAD : B4;
0BAE : 88;
0BAF : 28;
0BB0 : C8;
0BB1 : 69;
0BB2 : 22;
0BB3 : E8;
0BB4 : C1;
0BB5 : 07;
0BB6 : 82;
0BB7 : E3;
0BB8 : 40;
0BB9 : 52;
0BBA : AA;
0BBB : B1;
0BBC : 83;
0BBD : 28;
0BBE : AF;
0BBF : 9C;
0BC0 : 29;
0BC1 : B5;
0BC2 : 59;
0BC3 : 8D;
0BC4 : D8;
0BC5 : E0;
0BC6 : 89;
0BC7 : 11;
0BC8 : 65;
0BC9 : 8D;
0BCA : 06;
0BCB : 11;
0BCC : 7B;
0BCD : 81;
0BCE : 9D;
0BCF : 14;
0BD0 : 2B;
0BD1 : 80;
0BD2 : 14;
0BD3 : 06;
0BD4 : E9;
0BD5 : 88;
0BD6 : 12;
0BD7 : 70;
0BD8 : 3D;
0BD9 : 70;
0BDA : 01;
0BDB : E3;
0BDC : A8;
0BDD : 82;
0BDE : D0;
0BDF : 1A;
0BE0 : BC;
0BE1 : E8;
0BE2 : EA;
0BE3 : 01;
0BE4 : 04;
0BE5 : C9;
0BE6 : 0B;
0BE7 : 98;
0BE8 : EE;
0BE9 : 0D;
0BEA : 2C;
0BEB : 08;
0BEC : D0;
0BED : DA;
0BEE : 55;
0BEF : B0;
0BF0 : 8F;
0BF1 : 94;
0BF2 : 1D;
0BF3 : 52;
0BF4 : 90;
0BF5 : 75;
0BF6 : 7C;
0BF7 : 33;
0BF8 : 21;
0BF9 : 78;
0BFA : A4;
0BFB : 82;
0BFC : 21;
0BFD : 02;
0BFE : 2E;
0BFF : 2E;
0C00 : 3C;
0C01 : 37;
0C02 : E6;
0C03 : BE;
0C04 : 80;
0C05 : 34;
0C06 : CF;
0C07 : 8D;
0C08 : 6B;
0C09 : 00;
0C0A : E2;
0C0B : BA;
0C0C : F5;
0C0D : 60;
0C0E : B5;
0C0F : 88;
0C10 : B8;
0C11 : 42;
0C12 : BD;
0C13 : 2B;
0C14 : 7C;
0C15 : 70;
0C16 : 93;
0C17 : C9;
0C18 : 7C;
0C19 : 06;
0C1A : 9E;
0C1B : D5;
0C1C : 38;
0C1D : B0;
0C1E : C8;
0C1F : 29;
0C20 : 67;
0C21 : E9;
0C22 : 0A;
0C23 : 7A;
0C24 : 98;
0C25 : 01;
0C26 : 45;
0C27 : E9;
0C28 : 01;
0C29 : 10;
0C2A : 74;
0C2B : C3;
0C2C : 76;
0C2D : 8F;
0C2E : EA;
0C2F : 91;
0C30 : B5;
0C31 : BA;
0C32 : 01;
0C33 : D3;
0C34 : 1A;
0C35 : 72;
0C36 : 01;
0C37 : 26;
0C38 : 4A;
0C39 : 2A;
0C3A : 04;
0C3B : 67;
0C3C : 0E;
0C3D : 53;
0C3E : 85;
0C3F : 67;
0C40 : 0A;
0C41 : B0;
0C42 : 9B;
0C43 : 66;
0C44 : 02;
0C45 : B1;
0C46 : 83;
0C47 : ED;
0C48 : 66;
0C49 : F6;
0C4A : B2;
0C4B : 82;
0C4C : 2E;
0C4D : EC;
0C4E : CD;
0C4F : 5E;
0C50 : 00;
0C51 : 51;
0C52 : CC;
0C53 : FF;
0C54 : DE;
0C55 : 23;
0C56 : C3;
0C57 : 14;
0C58 : 9C;
0C59 : 3C;
0C5A : 33;
0C5B : FC;
0C5C : 5E;
0C5D : E9;
0C5E : 04;
0C5F : BD;
0C60 : 40;
0C61 : 81;
0C62 : BE;
0C63 : C3;
0C64 : 20;
0C65 : 88;
0C66 : 7E;
0C67 : FF;
0C68 : 22;
0C69 : 39;
0C6A : D0;
0C6B : 03;
0C6C : B2;
0C6D : A2;
0C6E : 57;
0C6F : C8;
0C70 : FF;
0C71 : FC;
0C72 : 66;
0C73 : 0E;
0C74 : 12;
0C75 : 84;
0C76 : 9C;
0C77 : 44;
0C78 : 65;
0C79 : 08;
0C7A : D5;
0C7B : 85;
0C7C : 8A;
0C7D : 75;
0C7E : 0E;
0C7F : 3E;
0C80 : 2E;
0C81 : 73;
0C82 : 70;
0C83 : F0;
0C84 : 70;
0C85 : AD;
0C86 : 4C;
0C87 : 84;
0C88 : 4E;
0C89 : F0;
0C8A : 86;
0C8B : 01;
0C8C : 4A;
0C8D : 41;
0C8E : EA;
0C8F : FF;
0C90 : BC;
0C91 : B0;
0C92 : FC;
0C93 : 2A;
0C94 : BB;
0C95 : 62;
0C96 : 4A;
0C97 : F8;
0C98 : 68;
0C99 : 3F;
0C9A : 66;
0C9B : 06;
0C9C : 42;
0C9D : B9;
0C9E : 48;
0C9F : 78;
0CA0 : 78;
0CA1 : 95;
0CA2 : 09;
0CA3 : 80;
0CA4 : C1;
0CA5 : B3;
0CA6 : EC;
0CA7 : 05;
0CA8 : 7D;
0CA9 : 84;
0CAA : D9;
0CAB : 79;
0CAC : 80;
0CAD : 65;
0CAE : E2;
0CAF : E5;
0CB0 : 88;
0CB1 : D3;
0CB2 : C0;
0CB3 : 20;
0CB4 : 11;
0CB5 : 22;
0CB6 : 90;
0CB7 : 3F;
0CB8 : 22;
0CB9 : 5F;
0CBA : 3C;
0CBB : 48;
0CBC : 48;
0CBD : C3;
0CBE : BF;
0CBF : 60;
0CC0 : E5;
0CC1 : EB;
0CC2 : DF;
0CC3 : F0;
0CC4 : 1C;
0CC5 : 08;
0CC6 : 55;
0CC7 : 0E;
0CC8 : 2F;
0CC9 : 21;
0CCA : 1F;
0CCB : 0D;
0CCC : 9C;
0CCD : 19;
0CCE : 40;
0CCF : C0;
0CD0 : 22;
0CD1 : 8C;
0CD2 : A0;
0CD3 : 1A;
0CD4 : 2C;
0CD5 : 88;
0CD6 : BE;
0CD7 : 33;
0CD8 : 03;
0CD9 : 02;
0CDA : 60;
0CDB : E8;
0CDC : 80;
0CDD : 23;
0CDE : 50;
0CDF : D1;
0CE0 : 6C;
0CE1 : F9;
0CE2 : 8C;
0CE3 : 0B;
0CE4 : F1;
0CE5 : 10;
0CE6 : 1A;
0CE7 : 6C;
0CE8 : 31;
0CE9 : 50;
0CEA : C0;
0CEB : 3F;
0CEC : DD;
0CED : D8;
0CEE : FB;
0CEF : 49;
0CF0 : B5;
0CF1 : 15;
0CF2 : 02;
0CF3 : 16;
0CF4 : 10;
0CF5 : FC;
0CF6 : D9;
0CF7 : DC;
0CF8 : A6;
0CF9 : 0C;
0CFA : 29;
0CFB : D0;
0CFC : 4A;
0CFD : D6;
0CFE : 6D;
0CFF : 04;
0D00 : 70;
0D01 : 28;
0D02 : D7;
0D03 : B9;
0D04 : E4;
0D05 : D1;
0D06 : AC;
0D07 : BE;
0D08 : B8;
0D09 : D8;
0D0A : E6;
0D0B : 22;
0D0C : 64;
0D0D : C4;
0D0E : 69;
0D0F : C6;
0D10 : 7D;
0D11 : 04;
0D12 : 9A;
0D13 : 0C;
0D14 : 4A;
0D15 : 29;
0D16 : 09;
0D17 : 40;
0D18 : 67;
0D19 : 06;
0D1A : 21;
0D1B : F5;
0D1C : E1;
0D1D : DC;
0D1E : AC;
0D1F : 6A;
0D20 : EC;
0D21 : 2C;
0D22 : 61;
0D23 : 8C;
0D24 : 1C;
0D25 : 20;
0D26 : 10;
0D27 : B0;
0D28 : AF;
0D29 : 34;
0D2A : 69;
0D2B : E9;
0D2C : B9;
0D2D : B8;
0D2E : AB;
0D2F : 0E;
0D30 : 42;
0D31 : A9;
0D32 : 2C;
0D33 : FE;
0D34 : A5;
0D35 : 27;
0D36 : ED;
0D37 : E0;
0D38 : E4;
0D39 : 49;
0D3A : C5;
0D3B : 65;
0D3C : 78;
0D3D : 70;
0D3E : 61;
0D3F : 6E;
0D40 : 73;
0D41 : 96;
0D42 : CE;
0D43 : E3;
0D44 : 48;
0D45 : F7;
0D46 : 64;
0D47 : 77;
0D48 : 95;
0D49 : EF;
0D4A : 25;
0D4B : 65;
0D4C : 20;
0D4D : 74;
0D4E : 65;
0D4F : 73;
0D50 : 74;
0D51 : 20;
0D52 : 66;
0D53 : 61;
0D54 : 69;
0D55 : 6C;
0D56 : 75;
0D57 : 72;
0D58 : 65;
0D59 : 0A;
0D5A : 20;
0D5B : 20;
0D5C : 54;
0D5D : 45;
0D5E : 4D;
0D5F : 50;
0D60 : 20;
0D61 : 25;
0D62 : 30;
0D63 : 38;
0D64 : 6C;
0D65 : 78;
0D66 : 20;
0D67 : 21;
0D68 : 3D;
0D69 : B8;
0D6A : 5B;
0D6B : E0;
0D6C : BC;
0D6D : 5D;
0D6E : 98;
0D6F : 09;
0D70 : 79;
0D71 : 53;
0D72 : 43;
0D73 : 52;
0D74 : 41;
0D75 : 54;
0D76 : 43;
0D77 : 48;
0D78 : 92;
0D79 : 5C;
0D7A : 4E;
0D7B : F8;
0D7C : 88;
0D7D : F0;
0D7E : C9;
0D7F : 3F;
0D80 : 3E;
0D81 : C8;
0D82 : 8C;
0D83 : 26;
0D84 : 6F;
0D85 : 08;
0D86 : D8;
0D87 : B7;
0D88 : 1C;
0D89 : CC;
0D8A : C5;
0D8B : 98;
0D8C : 0C;
0D8D : 9A;
0D8E : 42;
0D8F : 80;
0D90 : 5E;
0D91 : 08;
0D92 : D2;
0D93 : 23;
0D94 : C0;
0D95 : 74;
0D96 : AD;
0D97 : 28;
0D98 : 9C;
0D99 : 8F;
0D9A : E6;
0D9B : 26;
0D9C : 39;
0D9D : 08;
0D9E : 74;
0D9F : B4;
0DA0 : 68;
0DA1 : 5A;
0DA2 : 24;
0DA3 : AE;
0DA4 : 2C;
0DA5 : 98;
0DA6 : FC;
0DA7 : 71;
0DA8 : 23;
0DA9 : D9;
0DAA : 70;
0DAB : 10;
0DAC : F1;
0DAD : E0;
0DAE : A7;
0DAF : FC;
0DB0 : 76;
0DB1 : E8;
0DB2 : 88;
0DB3 : 73;
0DB4 : 29;
0DB5 : 09;
0DB6 : F1;
0DB7 : A4;
0DB8 : 21;
0DB9 : D4;
0DBA : B9;
0DBB : 60;
0DBC : 91;
0DBD : F5;
0DBE : AE;
0DBF : 28;
0DC0 : 6F;
0DC1 : C1;
0DC2 : 4E;
0DC3 : 9F;
0DC4 : 7C;
0DC5 : 9D;
0DC6 : C6;
0DC7 : 10;
0DC8 : 2C;
0DC9 : BB;
0DCA : 05;
0DCB : 08;
0DCC : BE;
0DCD : 0C;
0DCE : F9;
0DCF : A7;
0DD0 : 18;
0DD1 : FD;
0DD2 : 19;
0DD3 : 40;
0DD4 : E6;
0DD5 : E5;
0DD6 : 00;
0DD7 : 3E;
0DD8 : 11;
0DD9 : 7C;
0DDA : D9;
0DDB : 0D;
0DDC : F6;
0DDD : 24;
0DDE : C5;
0DDF : 27;
0DE0 : D4;
0DE1 : 4C;
0DE2 : A8;
0DE3 : 50;
0DE4 : 30;
0DE5 : 97;
0DE6 : 66;
0DE7 : F8;
0DE8 : 60;
0DE9 : 52;
0DEA : 28;
0DEB : 43;
0DEC : 2C;
0DED : 8E;
0DEE : 64;
0DEF : D8;
0DF0 : AE;
0DF1 : 3C;
0DF2 : 01;
0DF3 : 7A;
0DF4 : 02;
0DF5 : 72;
0DF6 : 54;
0DF7 : 34;
0DF8 : 74;
0DF9 : B8;
0DFA : 28;
0DFB : 40;
0DFC : 2B;
0DFD : 0C;
0DFE : 26;
0DFF : 82;
0E00 : 6C;
0E01 : 90;
0E02 : 1C;
0E03 : 24;
0E04 : AA;
0E05 : 16;
0E06 : 83;
0E07 : 60;
0E08 : 10;
0E09 : 52;
0E0A : 83;
0E0B : 0C;
0E0C : BB;
0E0D : BA;
0E0E : 89;
0E0F : 30;
0E10 : E3;
0E11 : 48;
0E12 : 42;
0E13 : 13;
0E14 : 75;
0E15 : C4;
0E16 : D3;
0E17 : CC;
0E18 : 26;
0E19 : C2;
0E1A : 21;
0E1B : 4C;
0E1C : B0;
0E1D : 28;
0E1E : 6E;
0E1F : E0;
0E20 : 38;
0E21 : EB;
0E22 : 2D;
0E23 : F0;
0E24 : 92;
0E25 : FF;
0E26 : D0;
0E27 : 82;
0E28 : 0C;
0E29 : 80;
0E2A : DF;
0E2B : FF;
0E2C : 2E;
0E2D : 62;
0E2E : 8D;
0E2F : 4D;
0E30 : 3C;
0E31 : E8;
0E32 : C2;
0E33 : 02;
0E34 : 18;
0E35 : 66;
0E36 : AE;
0E37 : 05;
0E38 : 34;
0E39 : 4D;
0E3A : C8;
0E3B : 80;
0E3C : A9;
0E3D : 29;
0E3E : D7;
0E3F : C2;
0E40 : 2C;
0E41 : 2B;
0E42 : 8B;
0E43 : 34;
0E44 : 2E;
0E45 : 2B;
0E46 : 2A;
0E47 : E3;
0E48 : E0;
0E49 : 34;
0E4A : 28;
0E4B : 83;
0E4C : A1;
0E4D : E7;
0E4E : C3;
0E4F : A5;
0E50 : 28;
0E51 : E2;
0E52 : C8;
0E53 : 1C;
0E54 : DB;
0E55 : 84;
0E56 : A1;
0E57 : D9;
0E58 : C2;
0E59 : 7A;
0E5A : 1F;
0E5B : 26;
0E5C : 04;
0E5D : E3;
0E5E : 9B;
0E5F : 27;
0E60 : 44;
0E61 : E6;
0E62 : 74;
0E63 : 27;
0E64 : 43;
0E65 : 00;
0E66 : 5C;
0E67 : 2C;
0E68 : 48;
0E69 : 20;
0E6A : 4D;
0E6B : 70;
0E6C : 04;
0E6D : 22;
0E6E : 3C;
0E6F : DC;
0E70 : 0D;
0E71 : AF;
0E72 : 60;
0E73 : 7E;
0E74 : D8;
0E75 : 29;
0E76 : 4C;
0E77 : 0B;
0E78 : 20;
0E79 : A2;
0E7A : 58;
0E7B : 2C;
0E7C : 6B;
0E7D : 2C;
0E7E : B8;
0E7F : 5E;
0E80 : 79;
0E81 : C9;
0E82 : 74;
0E83 : A6;
0E84 : BD;
0E85 : C3;
0E86 : A7;
0E87 : 88;
0E88 : 0E;
0E89 : B7;
0E8A : 80;
0E8B : 1D;
0E8C : 45;
0E8D : 12;
0E8E : 9D;
0E8F : 1B;
0E90 : 2F;
0E91 : 0E;
0E92 : 48;
0E93 : 7A;
0E94 : FD;
0E95 : 07;
0E96 : 44;
0E97 : 9C;
0E98 : 04;
0E99 : E2;
0E9A : 4F;
0E9B : 0A;
0E9C : 08;
0E9D : D1;
0E9E : 60;
0E9F : 65;
0EA0 : 55;
0EA1 : 88;
0EA2 : A4;
0EA3 : 28;
0EA4 : 03;
0EA5 : 51;
0EA6 : CD;
0EA7 : FF;
0EA8 : 9A;
0EA9 : EA;
0EAA : 27;
0EAB : 46;
0EAC : 34;
0EAD : 47;
0EAE : 2F;
0EAF : 4A;
0EB0 : 94;
0EB1 : BA;
0EB2 : 94;
0EB3 : CC;
0EB4 : 5C;
0EB5 : 9E;
0EB6 : 72;
0EB7 : 09;
0EB8 : C2;
0EB9 : 80;
0EBA : 25;
0EBB : 41;
0EBC : 86;
0EBD : F5;
0EBE : 70;
0EBF : 07;
0EC0 : C0;
0EC1 : 83;
0EC2 : 25;
0EC3 : D3;
0EC4 : 5F;
0EC5 : 42;
0EC6 : 8C;
0EC7 : B0;
0EC8 : 50;
0EC9 : F4;
0ECA : 05;
0ECB : F9;
0ECC : 2B;
0ECD : 90;
0ECE : 54;
0ECF : A9;
0ED0 : E8;
0ED1 : 58;
0ED2 : A6;
0ED3 : 58;
0ED4 : 71;
0ED5 : 5C;
0ED6 : 23;
0ED7 : 7C;
0ED8 : 7D;
0ED9 : 4C;
0EDA : 48;
0EDB : E7;
0EDC : A1;
0EDD : 08;
0EDE : 03;
0EDF : BB;
0EE0 : 05;
0EE1 : 66;
0EE2 : 04;
0EE3 : 50;
0EE4 : EA;
0EE5 : 29;
0EE6 : 0C;
0EE7 : 03;
0EE8 : 7C;
0EE9 : 88;
0EEA : 3A;
0EEB : 18;
0EEC : C9;
0EED : D8;
0EEE : D0;
0EEF : 32;
0EF0 : B0;
0EF1 : C6;
0EF2 : C9;
0EF3 : 88;
0EF4 : AB;
0EF5 : 44;
0EF6 : 6C;
0EF7 : 2B;
0EF8 : A8;
0EF9 : DA;
0EFA : CB;
0EFB : 35;
0EFC : C0;
0EFD : 14;
0EFE : CB;
0EFF : F0;
0F00 : 26;
0F01 : 88;
0F02 : B8;
0F03 : DB;
0F04 : 27;
0F05 : 4E;
0F06 : D7;
0F07 : 27;
0F08 : AB;
0F09 : 35;
0F0A : 14;
0F0B : AB;
0F0C : 70;
0F0D : 4B;
0F0E : E8;
0F0F : 5D;
0F10 : B8;
0F11 : EC;
0F12 : B6;
0F13 : 17;
0F14 : 19;
0F15 : 3D;
0F16 : 46;
0F17 : E5;
0F18 : B4;
0F19 : FC;
0F1A : 62;
0F1B : 8D;
0F1C : FB;
0F1D : 58;
0F1E : 36;
0F1F : D0;
0F20 : B9;
0F21 : 1A;
0F22 : 64;
0F23 : D4;
0F24 : 7C;
0F25 : 1D;
0F26 : D1;
0F27 : 82;
0F28 : 14;
0F29 : 76;
0F2A : B0;
0F2B : 76;
0F2C : 67;
0F2D : 74;
0F2E : B9;
0F2F : C4;
0F30 : CC;
0F31 : B9;
0F32 : 21;
0F33 : 81;
0F34 : AD;
0F35 : 38;
0F36 : 06;
0F37 : 82;
0F38 : 88;
0F39 : 5D;
0F3A : D1;
0F3B : 63;
0F3C : C3;
0F3D : 10;
0F3E : 80;
0F3F : AF;
0F40 : D0;
0F41 : B6;
0F42 : 28;
0F43 : 62;
0F44 : 01;
0F45 : 9C;
0F46 : 01;
0F47 : 39;
0F48 : C8;
0F49 : D4;
0F4A : 72;
0F4B : A8;
0F4C : CF;
0F4D : 16;
0F4E : 39;
0F4F : A3;
0F50 : E6;
0F51 : FD;
0F52 : C9;
0F53 : FF;
0F54 : 3A;
0F55 : 27;
0F56 : 2B;
0F57 : 18;
0F58 : 56;
0F59 : E8;
0F5A : 6A;
0F5B : 6B;
0F5C : 9F;
0F5D : 18;
0F5E : D3;
0F5F : 0B;
0F60 : E3;
0F61 : E9;
0F62 : 9D;
0F63 : 8D;
0F64 : 30;
0F65 : FC;
0F66 : 02;
0F67 : 06;
0F68 : E1;
0F69 : 9C;
0F6A : FC;
0F6B : 4B;
0F6C : 61;
0F6D : CB;
0F6E : 51;
0F6F : E0;
0F70 : 30;
0F71 : C5;
0F72 : 08;
0F73 : 88;
0F74 : 70;
0F75 : 03;
0F76 : 20;
0F77 : AC;
0F78 : BA;
0F79 : 58;
0F7A : 04;
0F7B : 7A;
0F7C : 38;
0F7D : 76;
0F7E : 32;
0F7F : F4;
0F80 : D2;
0F81 : 5C;
0F82 : 10;
0F83 : 57;
0F84 : 21;
0F85 : 31;
0F86 : EC;
0F87 : FD;
0F88 : B8;
0F89 : 24;
0F8A : 0C;
0F8B : 60;
0F8C : F4;
0F8D : 59;
0F8E : 51;
0F8F : 35;
0F90 : B9;
0F91 : 81;
0F92 : 2F;
0F93 : 01;
0F94 : 2F;
0F95 : 04;
0F96 : D6;
0F97 : B9;
0F98 : C1;
0F99 : 21;
0F9A : FC;
0F9B : 7C;
0F9C : 35;
0F9D : E0;
0F9E : 89;
0F9F : B9;
0FA0 : 8D;
0FA1 : FE;
0FA2 : 44;
0FA3 : 70;
0FA4 : 01;
0FA5 : 35;
0FA6 : 45;
0FA7 : 4E;
0FA8 : 20;
0FA9 : 22;
0FAA : FB;
0FAB : EE;
0FAC : 3A;
0FAD : 76;
0FAE : 33;
0FAF : 58;
0FB0 : 69;
0FB1 : 08;
0FB2 : 4B;
0FB3 : EA;
0FB4 : D4;
0FB5 : 0C;
0FB6 : 49;
0FB7 : EA;
0FB8 : A7;
0FB9 : 94;
0FBA : 4A;
0FBB : 70;
0FBC : 18;
0FBD : 0D;
0FBE : 84;
0FBF : B4;
0FC0 : 51;
0FC1 : 2E;
0FC2 : 79;
0FC3 : F6;
0FC4 : E8;
0FC5 : 7A;
0FC6 : AC;
0FC7 : 35;
0FC8 : 5A;
0FC9 : 16;
0FCA : 18;
0FCB : 58;
0FCC : 8A;
0FCD : 95;
0FCE : 66;
0FCF : C2;
0FD0 : AF;
0FD1 : E9;
0FD2 : 33;
0FD3 : 25;
0FD4 : 4B;
0FD5 : D9;
0FD6 : 05;
0FD7 : A0;
0FD8 : E4;
0FD9 : 89;
0FDA : 32;
0FDB : 01;
0FDC : 70;
0FDD : 15;
0FDE : 75;
0FDF : 80;
0FE0 : 01;
0FE1 : 73;
0FE2 : 42;
0FE3 : 2A;
0FE4 : 01;
0FE5 : 72;
0FE6 : A9;
0FE7 : 64;
0FE8 : 98;
0FE9 : A6;
0FEA : 98;
0FEB : 9A;
0FEC : 9C;
0FED : A0;
0FEE : 69;
0FEF : A0;
0FF0 : BA;
0FF1 : A4;
0FF2 : D0;
0FF3 : 9A;
0FF4 : 90;
0FF5 : 90;
0FF6 : 6D;
0FF7 : 94;
0FF8 : 3E;
0FF9 : 29;
0FFA : 09;
0FFB : 44;
0FFC : 58;
0FFD : FC;
0FFE : 25;
0FFF : 6F;
1000 : 69;
1001 : 11;
1002 : 17;
1003 : 34;
1004 : CA;
1005 : C8;
1006 : E2;
1007 : 10;
1008 : F0;
1009 : A8;
100A : 07;
100B : 18;
100C : 2C;
100D : 7B;
100E : 5B;
100F : 5E;
1010 : 46;
1011 : 68;
1012 : 62;
1013 : 25;
1014 : 49;
1015 : C6;
1016 : E0;
1017 : 37;
1018 : D4;
1019 : 4E;
101A : 31;
101B : AE;
101C : 4D;
101D : 34;
101E : 9C;
101F : 2F;
1020 : 08;
1021 : 79;
1022 : 9D;
1023 : 55;
1024 : 4A;
1025 : 03;
1026 : 6D;
1027 : 99;
1028 : 05;
1029 : A0;
102A : 70;
102B : 08;
102C : 97;
102D : 9A;
102E : 76;
102F : FF;
1030 : 60;
1031 : 02;
1032 : 76;
1033 : 1F;
1034 : 62;
1035 : 40;
1036 : C1;
1037 : 0E;
1038 : 89;
1039 : BD;
103A : 60;
103B : 2A;
103C : 30;
103D : 6D;
103E : 50;
103F : 60;
1040 : 30;
1041 : C1;
1042 : F0;
1043 : 44;
1044 : 2B;
1045 : D4;
1046 : 14;
1047 : 45;
1048 : A9;
1049 : 18;
104A : BC;
104B : 22;
104C : 7F;
104D : 32;
104E : 2D;
104F : 42;
1050 : 5B;
1051 : E1;
1052 : 03;
1053 : 44;
1054 : 89;
1055 : B1;
1056 : 7C;
1057 : FC;
1058 : A4;
1059 : 10;
105A : FD;
105B : 8C;
105C : 49;
105D : 08;
105E : C4;
105F : 31;
1060 : 8D;
1061 : 59;
1062 : D8;
1063 : D4;
1064 : 79;
1065 : 07;
1066 : 64;
1067 : F4;
1068 : A5;
1069 : 88;
106A : 08;
106B : EA;
106C : 40;
106D : 20;
106E : F5;
106F : 38;
1070 : D4;
1071 : 3A;
1072 : 8B;
1073 : BC;
1074 : 3E;
1075 : 38;
1076 : 25;
1077 : 1D;
1078 : C5;
1079 : F9;
107A : AA;
107B : 92;
107C : 60;
107D : 9D;
107E : 8A;
107F : 6F;
1080 : 71;
1081 : 26;
1082 : 00;
1083 : 2F;
1084 : A8;
1085 : AD;
1086 : 4C;
1087 : 2C;
1088 : 76;
1089 : C8;
108A : D4;
108B : E8;
108C : 55;
108D : 81;
108E : 18;
108F : 0F;
1090 : BD;
1091 : E7;
1092 : E9;
1093 : C4;
1094 : 41;
1095 : D7;
1096 : 8D;
1097 : 0D;
1098 : 5A;
1099 : 18;
109A : D3;
109B : 52;
109C : 88;
109D : 7C;
109E : E1;
109F : 13;
10A0 : E0;
10A1 : C6;
10A2 : A4;
10A3 : 17;
10A4 : 52;
10A5 : DD;
10A6 : 27;
10A7 : FF;
10A8 : 80;
10A9 : 27;
10AA : 09;
10AB : 88;
10AC : 2F;
10AD : 40;
10AE : 45;
10AF : D8;
10B0 : 68;
10B1 : D5;
10B2 : FA;
10B3 : 18;
10B4 : F2;
10B5 : D1;
10B6 : 8C;
10B7 : D5;
10B8 : 67;
10B9 : D2;
10BA : F7;
10BB : 10;
10BC : 1D;
10BD : 12;
10BE : D8;
10BF : 88;
10C0 : 12;
10C1 : 30;
10C2 : 87;
10C3 : 60;
10C4 : D1;
10C5 : C0;
10C6 : 72;
10C7 : 07;
10C8 : 4C;
10C9 : 31;
10CA : 47;
10CB : 70;
10CC : 8A;
10CD : 51;
10CE : C9;
10CF : D5;
10D0 : F8;
10D1 : 7F;
10D2 : 64;
10D3 : A0;
10D4 : 0D;
10D5 : 42;
10D6 : E0;
10D7 : FF;
10D8 : 24;
10D9 : D1;
10DA : 04;
10DB : 8A;
10DC : 2C;
10DD : E0;
10DE : 6C;
10DF : 30;
10E0 : 9A;
10E1 : F0;
10E2 : 26;
10E3 : 71;
10E4 : 4A;
10E5 : 54;
10E6 : C1;
10E7 : E8;
10E8 : 2A;
10E9 : 9C;
10EA : E4;
10EB : 6A;
10EC : E0;
10ED : D3;
10EE : 2D;
10EF : 99;
10F0 : 62;
10F1 : 1D;
10F2 : 01;
10F3 : 56;
10F4 : BC;
10F5 : 2D;
10F6 : E9;
10F7 : 13;
10F8 : 68;
10F9 : 9D;
10FA : 74;
10FB : FF;
10FC : 0C;
10FD : C4;
10FE : E9;
10FF : 29;
1100 : A3;
1101 : 0F;
1102 : 9D;
1103 : F8;
1104 : 0C;
1105 : AD;
1106 : 7F;
1107 : 68;
1108 : B1;
1109 : A1;
110A : E8;
110B : A3;
110C : EC;
110D : 74;
110E : 28;
110F : B0;
1110 : AB;
1111 : 48;
1112 : 67;
1113 : 06;
1114 : 5D;
1115 : 66;
1116 : E2;
1117 : 42;
1118 : A7;
1119 : 6D;
111A : 64;
111B : 20;
111C : 6D;
111D : 43;
111E : 75;
111F : 2D;
1120 : 8D;
1121 : 80;
1122 : 42;
1123 : 45;
1124 : B7;
1125 : 74;
1126 : D9;
1127 : AD;
1128 : D0;
1129 : CA;
112A : 7A;
112B : 1C;
112C : 00;
112D : 7F;
112E : 6C;
112F : 53;
1130 : CC;
1131 : 8A;
1132 : 47;
1133 : EB;
1134 : 1A;
1135 : 2C;
1136 : 22;
1137 : 2D;
1138 : FF;
1139 : E4;
113A : A9;
113B : 41;
113C : 4C;
113D : B4;
113E : 44;
113F : CA;
1140 : BC;
1141 : 54;
1142 : AB;
1143 : 4B;
1144 : 14;
1145 : 50;
1146 : FA;
1147 : 20;
1148 : F8;
1149 : 5B;
114A : 08;
114B : 24;
114C : 0A;
114D : 58;
114E : 82;
114F : 26;
1150 : 02;
1151 : 52;
1152 : 6D;
1153 : F4;
1154 : 43;
1155 : 8D;
1156 : 1F;
1157 : 51;
1158 : 05;
1159 : 6A;
115A : DC;
115B : E8;
115C : B1;
115D : 0A;
115E : AA;
115F : 14;
1160 : 00;
1161 : C7;
1162 : 0B;
1163 : AC;
1164 : 8B;
1165 : 45;
1166 : 88;
1167 : 69;
1168 : D1;
1169 : E8;
116A : B0;
116B : 14;
116C : 34;
116D : 95;
116E : 58;
116F : AC;
1170 : BE;
1171 : 1C;
1172 : E0;
1173 : 3F;
1174 : 60;
1175 : 5C;
1176 : B9;
1177 : C1;
1178 : 52;
1179 : 64;
117A : 22;
117B : 52;
117C : 50;
117D : 5D;
117E : 6B;
117F : 6C;
1180 : 43;
1181 : 15;
1182 : E2;
1183 : 90;
1184 : 13;
1185 : 88;
1186 : 9B;
1187 : 02;
1188 : 2F;
1189 : 3C;
118A : 02;
118B : 1E;
118C : FE;
118D : E9;
118E : 95;
118F : 60;
1190 : BF;
1191 : EC;
1192 : F1;
1193 : E5;
1194 : F4;
1195 : F9;
1196 : 29;
1197 : 98;
1198 : B8;
1199 : C2;
119A : 3E;
119B : BA;
119C : 38;
119D : 8E;
119E : 1C;
119F : 10;
11A0 : 55;
11A1 : E8;
11A2 : F0;
11A3 : BA;
11A4 : D5;
11A5 : 3F;
11A6 : 0C;
11A7 : 0F;
11A8 : C8;
11A9 : 13;
11AA : BD;
11AB : 2D;
11AC : F0;
11AD : 06;
11AE : 68;
11AF : B0;
11B0 : 03;
11B1 : D6;
11B2 : ED;
11B3 : 14;
11B4 : AB;
11B5 : A0;
11B6 : 02;
11B7 : 00;
11B8 : A2;
11B9 : E1;
11BA : 0C;
11BB : 83;
11BC : D0;
11BD : 8F;
11BE : 69;
11BF : 22;
11C0 : 2F;
11C1 : 8D;
11C2 : 15;
11C3 : BB;
11C4 : 34;
11C5 : DF;
11C6 : 81;
11C7 : 38;
11C8 : E8;
11C9 : CC;
11CA : 6E;
11CB : 08;
11CC : C5;
11CD : 7A;
11CE : 40;
11CF : 6F;
11D0 : 9B;
11D1 : 4C;
11D2 : 3C;
11D3 : 08;
11D4 : 81;
11D5 : ED;
11D6 : A7;
11D7 : 27;
11D8 : 10;
11D9 : 74;
11DA : 0A;
11DB : 20;
11DC : 40;
11DD : 4C;
11DE : 02;
11DF : 18;
11E0 : 41;
11E1 : F0;
11E2 : 18;
11E3 : C6;
11E4 : B1;
11E5 : 8D;
11E6 : FE;
11E7 : 08;
11E8 : E1;
11E9 : E5;
11EA : CD;
11EB : 34;
11EC : D0;
11ED : 81;
11EE : 48;
11EF : 18;
11F0 : BF;
11F1 : 03;
11F2 : 81;
11F3 : 88;
11F4 : B1;
11F5 : 22;
11F6 : 1F;
11F7 : AC;
11F8 : C1;
11F9 : F9;
11FA : D4;
11FB : 8D;
11FC : 39;
11FD : C5;
11FE : C5;
11FF : D5;
1200 : 43;
1201 : 10;
1202 : 02;
1203 : 0C;
1204 : BC;
1205 : 9F;
1206 : 1E;
1207 : 4C;
1208 : 7C;
1209 : E9;
120A : 82;
120B : ED;
120C : 03;
120D : E8;
120E : 22;
120F : 82;
1210 : 3F;
1211 : 45;
1212 : 64;
1213 : FF;
1214 : F1;
1215 : E3;
1216 : DC;
1217 : B1;
1218 : 20;
1219 : 2E;
121A : 4D;
121B : 04;
121C : D5;
121D : E8;
121E : 20;
121F : 74;
1220 : C4;
1221 : 26;
1222 : 1F;
1223 : 78;
1224 : 24;
1225 : 96;
1226 : 30;
1227 : 20;
1228 : 2E;
1229 : 30;
122A : 26;
122B : 71;
122C : 76;
122D : 74;
122E : 06;
122F : 60;
1230 : 68;
1231 : 26;
1232 : 19;
1233 : 0C;
1234 : 94;
1235 : 9C;
1236 : 67;
1237 : 1E;
1238 : 4A;
1239 : 9C;
123A : 71;
123B : 24;
123C : 6E;
123D : F0;
123E : A8;
123F : DC;
1240 : 03;
1241 : 68;
1242 : 84;
1243 : C5;
1244 : 26;
1245 : DC;
1246 : 22;
1247 : 04;
1248 : 0C;
1249 : 3F;
124A : FD;
124B : EC;
124C : F0;
124D : 45;
124E : 82;
124F : 40;
1250 : 8D;
1251 : 68;
1252 : 02;
1253 : 90;
1254 : A0;
1255 : 38;
1256 : 70;
1257 : 33;
1258 : C8;
1259 : 40;
125A : A9;
125B : 14;
125C : 24;
125D : AD;
125E : 28;
125F : 67;
1260 : BC;
1261 : 06;
1262 : 75;
1263 : EC;
1264 : A9;
1265 : E1;
1266 : 33;
1267 : 52;
1268 : 10;
1269 : 31;
126A : 82;
126B : B8;
126C : C0;
126D : 32;
126E : 92;
126F : 74;
1270 : D2;
1271 : 3C;
1272 : 24;
1273 : 72;
1274 : 10;
1275 : 0A;
1276 : 3C;
1277 : BF;
1278 : 18;
1279 : 7C;
127A : 83;
127B : A8;
127C : 0D;
127D : A8;
127E : EF;
127F : CC;
1280 : 4C;
1281 : 2E;
1282 : 26;
1283 : C8;
1284 : 0A;
1285 : 3E;
1286 : 4A;
1287 : 2F;
1288 : F0;
1289 : 1D;
128A : 59;
128B : B4;
128C : C3;
128D : 50;
128E : 7C;
128F : E1;
1290 : 4B;
1291 : D0;
1292 : AB;
1293 : 69;
1294 : 20;
1295 : 14;
1296 : 38;
1297 : 1F;
1298 : CC;
1299 : A0;
129A : 52;
129B : 68;
129C : 20;
129D : E7;
129E : 1C;
129F : 1F;
12A0 : 54;
12A1 : 23;
12A2 : 60;
12A3 : 9A;
12A4 : 5D;
12A5 : 0E;
12A6 : 13;
12A7 : 40;
12A8 : D5;
12A9 : 1F;
12AA : 48;
12AB : 90;
12AC : 7D;
12AD : C1;
12AE : 51;
12AF : 9C;
12B0 : 88;
12B1 : ED;
12B2 : B4;
12B3 : 26;
12B4 : 50;
12B5 : B5;
12B6 : C0;
12B7 : 12;
12B8 : 0C;
12B9 : A2;
12BA : 05;
12BB : CB;
12BC : 02;
12BD : A9;
12BE : FE;
12BF : 50;
12C0 : 2B;
12C1 : 41;
12C2 : 42;
12C3 : 86;
12C4 : AC;
12C5 : 35;
12C6 : FF;
12C7 : 7C;
12C8 : 72;
12C9 : C8;
12CA : 74;
12CB : 4A;
12CC : 41;
12CD : EB;
12CE : EB;
12CF : 1D;
12D0 : E0;
12D1 : 10;
12D2 : 82;
12D3 : CC;
12D4 : D5;
12D5 : 76;
12D6 : 1F;
12D7 : 98;
12D8 : 83;
12D9 : 74;
12DA : CF;
12DB : D0;
12DC : 68;
12DD : FB;
12DE : 94;
12DF : 26;
12E0 : 16;
12E1 : 39;
12E2 : A5;
12E3 : 04;
12E4 : C4;
12E5 : 0B;
12E6 : 66;
12E7 : 22;
12E8 : 60;
12E9 : 24;
12EA : B7;
12EB : CA;
12EC : D4;
12ED : 1D;
12EE : 5C;
12EF : 08;
12F0 : 2C;
12F1 : 92;
12F2 : 7F;
12F3 : 71;
12F4 : C9;
12F5 : 38;
12F6 : 84;
12F7 : E1;
12F8 : 26;
12F9 : 4A;
12FA : 60;
12FB : 06;
12FC : 26;
12FD : 40;
12FE : 20;
12FF : 13;
1300 : 66;
1301 : DC;
1302 : 58;
1303 : EB;
1304 : 98;
1305 : 08;
1306 : 6B;
1307 : E8;
1308 : FB;
1309 : B8;
130A : C5;
130B : 60;
130C : B8;
130D : FC;
130E : 38;
130F : 53;
1310 : 68;
1311 : 7C;
1312 : 4D;
1313 : 46;
1314 : 34;
1315 : B0;
1316 : 28;
1317 : B9;
1318 : F0;
1319 : F9;
131A : A6;
131B : 1F;
131C : 4E;
131D : 75;
131E : 02;
131F : 00;
1320 : 03;
1321 : AA;
1322 : 0A;
1323 : 0B;
1324 : AA;
1325 : 06;
1326 : 07;
1327 : AA;
1328 : 16;
1329 : 18;
132A : AA;
132B : 19;
132C : 1A;
132D : AA;
132E : 1B;
132F : 1C;
1330 : AA;
1331 : 0F;
1332 : 0D;
1333 : B6;
1334 : 0E;
1335 : 27;
1336 : EA;
1337 : C0;
1338 : FD;
1339 : 01;
133A : B4;
133B : 02;
133C : B4;
133D : C4;
133E : 1A;
133F : 19;
1340 : 3F;
1341 : 09;
1342 : FE;
1343 : 24;
1344 : 30;
1345 : 2A;
1346 : C5;
1347 : 58;
1348 : 4E;
1349 : 0C;
134A : 40;
134B : 80;
134C : 0B;
134D : 62;
134E : 14;
134F : F4;
1350 : 83;
1351 : 09;
1352 : 64;
1353 : 1C;
1354 : 32;
1355 : 87;
1356 : 83;
1357 : 41;
1358 : 7F;
1359 : FE;
135A : 0C;
135B : 41;
135C : B1;
135D : 03;
135E : 62;
135F : 2F;
1360 : 35;
1361 : 0E;
1362 : E4;
1363 : 89;
1364 : 20;
1365 : 00;
1366 : 8D;
1367 : 03;
1368 : 63;
1369 : 08;
136A : 59;
136B : 22;
136C : 22;
136D : 02;
136E : 40;
136F : 7F;
1370 : EA;
1371 : 04;
1372 : F5;
1373 : DF;
1374 : CB;
1375 : 20;
1376 : BC;
1377 : 4A;
1378 : E8;
1379 : 69;
137A : 54;
137B : B1;
137C : EA;
137D : DA;
137E : 30;
137F : 63;
1380 : 0A;
1381 : C0;
1382 : 9C;
1383 : 1D;
1384 : B5;
1385 : E3;
1386 : 62;
1387 : 17;
1388 : B0;
1389 : B9;
138A : 67;
138B : F1;
138C : EA;
138D : 36;
138E : 62;
138F : 72;
1390 : EC;
1391 : 09;
1392 : 6A;
1393 : 50;
1394 : 99;
1395 : 36;
1396 : FB;
1397 : 05;
1398 : 62;
1399 : 1C;
139A : F5;
139B : C3;
139C : 64;
139D : A6;
139E : BD;
139F : 40;
13A0 : 88;
13A1 : 02;
13A2 : EA;
13A3 : 00;
13A4 : CE;
13A5 : F0;
13A6 : 03;
13A7 : EE;
13A8 : 37;
13A9 : 20;
13AA : 94;
13AB : A6;
13AC : 26;
13AD : BB;
13AE : 06;
13AF : D3;
13B0 : EE;
13B1 : A8;
13B2 : F0;
13B3 : 07;
13B4 : 3A;
13B5 : D8;
13B6 : 9A;
13B7 : 12;
13B8 : 0D;
13B9 : 67;
13BA : B6;
13BB : 62;
13BC : 10;
13BD : A9;
13BE : 9C;
13BF : 0B;
13C0 : 8E;
13C1 : F6;
13C2 : 63;
13C3 : A5;
13C4 : 88;
13C5 : F0;
13C6 : 9A;
13C7 : 03;
13C8 : E2;
13C9 : 0F;
13CA : 63;
13CB : 78;
13CC : 65;
13CD : A6;
13CE : 9D;
13CF : A6;
13D0 : BB;
13D1 : 14;
13D2 : D9;
13D3 : BE;
13D4 : AE;
13D5 : D0;
13D6 : E0;
13D7 : E9;
13D8 : 26;
13D9 : 2E;
13DA : F0;
13DB : DE;
13DC : 42;
13DD : 91;
13DE : 48;
13DF : A6;
13E0 : 19;
13E1 : E2;
13E2 : 6C;
13E3 : 88;
13E4 : BB;
13E5 : 17;
13E6 : B0;
13E7 : A8;
13E8 : 88;
13E9 : E4;
13EA : 89;
13EB : 01;
13EC : 2A;
13ED : AE;
13EE : 1B;
13EF : E9;
13F0 : 22;
13F1 : 52;
13F2 : 65;
13F3 : 9A;
13F4 : 7E;
13F5 : 1C;
13F6 : 6E;
13F7 : 02;
13F8 : 58;
13F9 : A3;
13FA : A4;
13FB : 3A;
13FC : C5;
13FD : 9C;
13FE : A8;
13FF : 0A;
1400 : 1C;
1401 : 89;
1402 : 2F;
1403 : F1;
1404 : BA;
1405 : B2;
1406 : DD;
1407 : 40;
1408 : 0B;
1409 : DA;
140A : 98;
140B : 3D;
140C : 2E;
140D : F2;
140E : 66;
140F : AF;
1410 : 82;
1411 : 25;
1412 : B3;
1413 : E8;
1414 : 81;
1415 : A9;
1416 : 84;
1417 : 44;
1418 : EC;
1419 : 4C;
141A : EA;
141B : 6D;
141C : 84;
141D : 08;
141E : 6C;
141F : 66;
1420 : 38;
1421 : 80;
1422 : CF;
1423 : 67;
1424 : 4C;
1425 : D8;
1426 : 55;
1427 : 2B;
1428 : 6C;
1429 : 2C;
142A : 1D;
142B : F9;
142C : 46;
142D : 69;
142E : 09;
142F : E0;
1430 : AA;
1431 : 42;
1432 : 81;
1433 : B0;
1434 : 20;
1435 : AF;
1436 : 58;
1437 : 2A;
1438 : C9;
1439 : AD;
143A : F8;
143B : 28;
143C : 4A;
143D : 5C;
143E : 8D;
143F : 10;
1440 : 4A;
1441 : 4C;
1442 : FD;
1443 : 01;
1444 : DD;
1445 : B1;
1446 : 57;
1447 : E8;
1448 : 89;
1449 : 2B;
144A : EE;
144B : EC;
144C : 21;
144D : 80;
144E : 5A;
144F : FC;
1450 : 36;
1451 : FA;
1452 : 66;
1453 : F5;
1454 : D4;
1455 : 54;
1456 : AE;
1457 : 54;
1458 : 04;
1459 : 64;
145A : B5;
145B : 2A;
145C : 03;
145D : 40;
145E : FE;
145F : 88;
1460 : 4C;
1461 : A1;
1462 : 12;
1463 : A5;
1464 : F2;
1465 : 4D;
1466 : 0F;
1467 : 65;
1468 : 54;
1469 : 02;
146A : D7;
146B : 1C;
146C : B0;
146D : 2C;
146E : 14;
146F : 60;
1470 : 98;
1471 : AA;
1472 : E8;
1473 : 38;
1474 : 6D;
1475 : 0A;
1476 : AF;
1477 : 64;
1478 : C2;
1479 : 21;
147A : 2A;
147B : 28;
147C : BC;
147D : BF;
147E : 90;
147F : 6D;
1480 : 74;
1481 : F6;
1482 : 80;
1483 : 38;
1484 : 36;
1485 : 7E;
1486 : 11;
1487 : 86;
1488 : 00;
1489 : D6;
148A : 7E;
148B : 00;
148C : FF;
148D : 7A;
148E : 0C;
148F : EB;
1490 : 22;
1491 : 14;
1492 : 20;
1493 : 64;
1494 : 7D;
1495 : A3;
1496 : 20;
1497 : 74;
1498 : 20;
1499 : 94;
149A : 81;
149B : 26;
149C : E5;
149D : AB;
149E : 78;
149F : 38;
14A0 : 35;
14A1 : E2;
14A2 : AA;
14A3 : E2;
14A4 : A8;
14A5 : 6A;
14A6 : 2B;
14A7 : 7E;
14A8 : A3;
14A9 : 22;
14AA : 84;
14AB : 83;
14AC : 89;
14AD : A1;
14AE : FF;
14AF : 16;
14B0 : 69;
14B1 : 4A;
14B2 : 42;
14B3 : A8;
14B4 : 78;
14B5 : 7A;
14B6 : 0B;
14B7 : 40;
14B8 : D6;
14B9 : 50;
14BA : 88;
14BB : 2A;
14BC : 82;
14BD : AD;
14BE : 28;
14BF : 8A;
14C0 : AC;
14C1 : 74;
14C2 : A2;
14C3 : 76;
14C4 : 6B;
14C5 : 04;
14C6 : 82;
14C7 : 85;
14C8 : 12;
14C9 : 7A;
14CA : 10;
14CB : 20;
14CC : 7F;
14CD : 5C;
14CE : F4;
14CF : 21;
14D0 : 29;
14D1 : 4C;
14D2 : 65;
14D3 : 59;
14D4 : 4C;
14D5 : CD;
14D6 : 7C;
14D7 : 89;
14D8 : 2E;
14D9 : F0;
14DA : B7;
14DB : 10;
14DC : 70;
14DD : 8B;
14DE : 01;
14DF : F4;
14E0 : 40;
14E1 : 66;
14E2 : A9;
14E3 : 1A;
14E4 : 70;
14E5 : FC;
14E6 : A6;
14E7 : AA;
14E8 : CD;
14E9 : 1F;
14EA : 99;
14EB : 6B;
14EC : 20;
14ED : 0C;
14EE : 71;
14EF : 50;
14F0 : 8E;
14F1 : 2F;
14F2 : D4;
14F3 : A8;
14F4 : A1;
14F5 : 0C;
14F6 : AE;
14F7 : C8;
14F8 : E3;
14F9 : E2;
14FA : EE;
14FB : AC;
14FC : 8B;
14FD : 0F;
14FE : 62;
14FF : 1E;
1500 : 84;
1501 : 8D;
1502 : FC;
1503 : 07;
1504 : 98;
1505 : FD;
1506 : 21;
1507 : A1;
1508 : 44;
1509 : 9F;
150A : 34;
150B : 55;
150C : AA;
150D : F4;
150E : 05;
150F : AB;
1510 : 00;
1511 : BC;
1512 : 2C;
1513 : 87;
1514 : 14;
1515 : 18;
1516 : D0;
1517 : A3;
1518 : 10;
1519 : A2;
151A : B8;
151B : 80;
151C : 48;
151D : FD;
151E : F1;
151F : 00;
1520 : 8D;
1521 : 30;
1522 : D0;
1523 : 7C;
1524 : A8;
1525 : D4;
1526 : 55;
1527 : 87;
1528 : 74;
1529 : 43;
152A : 8D;
152B : AC;
152C : B8;
152D : 68;
152E : 3A;
152F : C4;
1530 : 25;
1531 : 78;
1532 : 9C;
1533 : B7;
1534 : 4E;
1535 : F1;
1536 : D8;
1537 : A0;
1538 : F6;
1539 : 2A;
153A : FE;
153B : C1;
153C : FC;
153D : 2A;
153E : 46;
153F : D7;
1540 : 6C;
1541 : 95;
1542 : E3;
1543 : FC;
1544 : 60;
1545 : 30;
1546 : F5;
1547 : F0;
1548 : 17;
1549 : 9C;
154A : C1;
154B : 32;
154C : 59;
154D : B0;
154E : 87;
154F : 24;
1550 : 72;
1551 : FD;
1552 : C2;
1553 : 82;
1554 : 6A;
1555 : 74;
1556 : 81;
1557 : 65;
1558 : AF;
1559 : 01;
155A : 62;
155B : 48;
155C : E9;
155D : C2;
155E : 27;
155F : 81;
1560 : 02;
1561 : C4;
1562 : B4;
1563 : 0A;
1564 : 0A;
1565 : A1;
1566 : 01;
1567 : AE;
1568 : 01;
1569 : E5;
156A : E1;
156B : 00;
156C : 64;
156D : 8C;
156E : 31;
156F : 18;
1570 : 1F;
1571 : 54;
1572 : E2;
1573 : 60;
1574 : 00;
1575 : F6;
1576 : B4;
1577 : 1C;
1578 : F4;
1579 : 30;
157A : 16;
157B : 50;
157C : 32;
157D : 74;
157E : F3;
157F : 51;
1580 : C4;
1581 : 89;
1582 : 10;
1583 : 6E;
1584 : 6D;
1585 : 08;
1586 : F5;
1587 : B4;
1588 : AB;
1589 : 54;
158A : C4;
158B : 8E;
158C : C9;
158D : 27;
158E : 6D;
158F : F1;
1590 : DD;
1591 : BC;
1592 : E0;
1593 : 9B;
1594 : 29;
1595 : 1E;
1596 : 58;
1597 : AD;
1598 : D0;
1599 : AC;
159A : 76;
159B : 08;
159C : 26;
159D : 12;
159E : 30;
159F : E6;
15A0 : 88;
15A1 : 84;
15A2 : 35;
15A3 : 0F;
15A4 : 6A;
15A5 : 18;
15A6 : 75;
15A7 : 93;
15A8 : FA;
15A9 : 5E;
15AA : 51;
15AB : 87;
15AC : DC;
15AD : 00;
15AE : E2;
15AF : 44;
15B0 : 01;
15B1 : 9C;
15B2 : C4;
15B3 : B5;
15B4 : F4;
15B5 : 1A;
15B6 : D0;
15B7 : 96;
15B8 : 2E;
15B9 : B8;
15BA : 46;
15BB : B4;
15BC : FC;
15BD : DC;
15BE : 03;
15BF : 99;
15C0 : F4;
15C1 : A0;
15C2 : 06;
15C3 : 2C;
15C4 : 1A;
15C5 : 2F;
15C6 : 75;
15C7 : C5;
15C8 : ED;
15C9 : 9F;
15CA : E4;
15CB : C9;
15CC : F3;
15CD : E8;
15CE : A4;
15CF : 1D;
15D0 : 06;
15D1 : F8;
15D2 : B7;
15D3 : 3A;
15D4 : 5D;
15D5 : A7;
15D6 : 2C;
15D7 : 86;
15D8 : 60;
15D9 : 1A;
15DA : 8A;
15DB : F0;
15DC : C4;
15DD : A0;
15DE : 06;
15DF : 8E;
15E0 : FB;
15E1 : 20;
15E2 : B0;
15E3 : 5D;
15E4 : AD;
15E5 : B4;
15E6 : 12;
15E7 : 6B;
15E8 : B4;
15E9 : FD;
15EA : 31;
15EB : 28;
15EC : D3;
15ED : E5;
15EE : 42;
15EF : 21;
15F0 : 20;
15F1 : 44;
15F2 : FC;
15F3 : AD;
15F4 : 38;
15F5 : 16;
15F6 : BC;
15F7 : 18;
15F8 : 8D;
15F9 : 47;
15FA : EA;
15FB : 43;
15FC : 65;
15FD : 02;
15FE : 9D;
15FF : 26;
1600 : 26;
1601 : 28;
1602 : 78;
1603 : 02;
1604 : 80;
1605 : 83;
1606 : A0;
1607 : 2E;
1608 : C2;
1609 : DF;
160A : CB;
160B : C4;
160C : E9;
160D : 0A;
160E : 45;
160F : 9B;
1610 : 30;
1611 : 8C;
1612 : 0B;
1613 : 45;
1614 : 0C;
1615 : 20;
1616 : E5;
1617 : F8;
1618 : 01;
1619 : 7C;
161A : 6C;
161B : 08;
161C : 24;
161D : E3;
161E : 06;
161F : 96;
1620 : 3D;
1621 : C6;
1622 : 84;
1623 : 07;
1624 : 85;
1625 : 9C;
1626 : 74;
1627 : 1C;
1628 : EC;
1629 : 7E;
162A : A4;
162B : 35;
162C : 07;
162D : CA;
162E : 49;
162F : A8;
1630 : 8D;
1631 : 2B;
1632 : 98;
1633 : 12;
1634 : 69;
1635 : 9D;
1636 : F9;
1637 : 53;
1638 : 4C;
1639 : 2D;
163A : 1A;
163B : 14;
163C : F0;
163D : C0;
163E : 27;
163F : EC;
1640 : 45;
1641 : 22;
1642 : D5;
1643 : 4C;
1644 : 1C;
1645 : 57;
1646 : 01;
1647 : E8;
1648 : 84;
1649 : F4;
164A : 31;
164B : 1E;
164C : C1;
164D : 64;
164E : 09;
164F : D1;
1650 : DA;
1651 : 2A;
1652 : 40;
1653 : 49;
1654 : B0;
1655 : 28;
1656 : 40;
1657 : B5;
1658 : 24;
1659 : B4;
165A : E3;
165B : 58;
165C : 46;
165D : FC;
165E : AB;
165F : F8;
1660 : 8B;
1661 : 16;
1662 : 30;
1663 : C7;
1664 : EC;
1665 : AA;
1666 : 1F;
1667 : 05;
1668 : 67;
1669 : 4C;
166A : 50;
166B : C0;
166C : 82;
166D : 98;
166E : 5D;
166F : B6;
1670 : 16;
1671 : 00;
1672 : 49;
1673 : C3;
1674 : 0C;
1675 : 83;
1676 : 4A;
1677 : B4;
1678 : 9B;
1679 : FF;
167A : 1C;
167B : 14;
167C : CA;
167D : 70;
167E : 46;
167F : 12;
1680 : B0;
1681 : 28;
1682 : 1C;
1683 : 05;
1684 : F9;
1685 : 00;
1686 : 80;
1687 : 30;
1688 : 4A;
1689 : BC;
168A : 0D;
168B : FF;
168C : E0;
168D : 04;
168E : 94;
168F : 16;
1690 : F0;
1691 : BB;
1692 : 7F;
1693 : 95;
1694 : 53;
1695 : 74;
1696 : C1;
1697 : 2A;
1698 : E3;
1699 : 40;
169A : D6;
169B : 3F;
169C : 7C;
169D : 5E;
169E : 84;
169F : 1A;
16A0 : 29;
16A1 : CB;
16A2 : 99;
16A3 : 28;
16A4 : 22;
16A5 : 84;
16A6 : 23;
16A7 : 4A;
16A8 : AC;
16A9 : 83;
16AA : 78;
16AB : 11;
16AC : 28;
16AD : BD;
16AE : B0;
16AF : EA;
16B0 : DC;
16B1 : 20;
16B2 : BA;
16B3 : 66;
16B4 : D0;
16B5 : AC;
16B6 : 24;
16B7 : 60;
16B8 : 7D;
16B9 : F1;
16BA : FD;
16BB : 9E;
16BC : 90;
16BD : 9C;
16BE : A4;
16BF : 20;
16C0 : B0;
16C1 : 20;
16C2 : 0B;
16C3 : E8;
16C4 : 70;
16C5 : 79;
16C6 : 61;
16C7 : C1;
16C8 : 8B;
16C9 : 4E;
16CA : BA;
16CB : F8;
16CC : 34;
16CD : 74;
16CE : 3C;
16CF : 44;
16D0 : 65;
16D1 : 18;
16D2 : FC;
16D3 : 51;
16D4 : 95;
16D5 : 87;
16D6 : 60;
16D7 : D5;
16D8 : B5;
16D9 : 6A;
16DA : 78;
16DB : D8;
16DC : 48;
16DD : AC;
16DE : 41;
16DF : FA;
16E0 : D8;
16E1 : 71;
16E2 : 69;
16E3 : 36;
16E4 : 67;
16E5 : 48;
16E6 : 88;
16E7 : 44;
16E8 : 14;
16E9 : B5;
16EA : C2;
16EB : 47;
16EC : 40;
16ED : 83;
16EE : F7;
16EF : F4;
16F0 : 15;
16F1 : 42;
16F2 : D1;
16F3 : 15;
16F4 : 4A;
16F5 : 60;
16F6 : C6;
16F7 : 18;
16F8 : 78;
16F9 : B9;
16FA : 04;
16FB : 2C;
16FC : 9B;
16FD : 0A;
16FE : E6;
16FF : 15;
1700 : E3;
1701 : D9;
1702 : 41;
1703 : 67;
1704 : 58;
1705 : AE;
1706 : C0;
1707 : D4;
1708 : 68;
1709 : 71;
170A : 85;
170B : F4;
170C : D9;
170D : E8;
170E : C8;
170F : D0;
1710 : 2F;
1711 : 4C;
1712 : D8;
1713 : D7;
1714 : BD;
1715 : 44;
1716 : 37;
1717 : 28;
1718 : 18;
1719 : E8;
171A : 70;
171B : 4A;
171C : 38;
171D : C5;
171E : 06;
171F : 19;
1720 : 70;
1721 : 30;
1722 : 0B;
1723 : 70;
1724 : C7;
1725 : DC;
1726 : B4;
1727 : 34;
1728 : 92;
1729 : 70;
172A : 13;
172B : 74;
172C : 01;
172D : 2C;
172E : 02;
172F : E7;
1730 : AE;
1731 : 25;
1732 : 46;
1733 : 00;
1734 : 78;
1735 : 14;
1736 : AC;
1737 : 3C;
1738 : 74;
1739 : 43;
173A : D8;
173B : D3;
173C : 21;
173D : 04;
173E : F4;
173F : BC;
1740 : 4E;
1741 : 29;
1742 : 10;
1743 : 91;
1744 : 74;
1745 : 20;
1746 : E1;
1747 : AB;
1748 : 10;
1749 : 29;
174A : 00;
174B : 0F;
174C : 28;
174D : 02;
174E : E1;
174F : AC;
1750 : 2A;
1751 : 03;
1752 : 8A;
1753 : 84;
1754 : 10;
1755 : 2B;
1756 : 00;
1757 : 0F;
1758 : E1;
1759 : AA;
175A : 84;
175B : 85;
175C : 8C;
175D : 82;
175E : 21;
175F : 43;
1760 : 88;
1761 : 0D;
1762 : 21;
1763 : 44;
1764 : C4;
1765 : 29;
1766 : 70;
1767 : D2;
1768 : 64;
1769 : 20;
176A : 06;
176B : 08;
176C : 1E;
176D : 50;
176E : 6F;
176F : 2E;
1770 : CF;
1771 : 8D;
1772 : 7D;
1773 : 3E;
1774 : 66;
1775 : AC;
1776 : 7D;
1777 : 88;
1778 : 06;
1779 : 08;
177A : C6;
177B : E8;
177C : 46;
177D : 23;
177E : 04;
177F : 0A;
1780 : D1;
1781 : 2D;
1782 : E0;
1783 : 29;
1784 : 88;
1785 : BA;
1786 : CE;
1787 : AC;
1788 : E5;
1789 : 10;
178A : 68;
178B : B1;
178C : 8E;
178D : 2E;
178E : B1;
178F : C0;
1790 : 80;
1791 : C7;
1792 : A0;
1793 : 46;
1794 : 80;
1795 : 0C;
1796 : 88;
1797 : F6;
1798 : 5E;
1799 : 8D;
179A : CE;
179B : AA;
179C : 8D;
179D : 75;
179E : 66;
179F : 10;
17A0 : 18;
17A1 : 1C;
17A2 : CB;
17A3 : 1F;
17A4 : 30;
17A5 : 15;
17A6 : AD;
17A7 : E8;
17A8 : E0;
17A9 : 6B;
17AA : 40;
17AB : C0;
17AC : 45;
17AD : 6A;
17AE : 2C;
17AF : 70;
17B0 : 71;
17B1 : 53;
17B2 : 20;
17B3 : B5;
17B4 : 69;
17B5 : 2E;
17B6 : 90;
17B7 : E5;
17B8 : FD;
17B9 : 7C;
17BA : C9;
17BB : F5;
17BC : 54;
17BD : ED;
17BE : A0;
17BF : 22;
17C0 : 9E;
17C1 : 49;
17C2 : 20;
17C3 : 2E;
17C4 : 29;
17C5 : 55;
17C6 : 0D;
17C7 : 9E;
17C8 : 81;
17C9 : D2;
17CA : A9;
17CB : 15;
17CC : B8;
17CD : E6;
17CE : E5;
17CF : 35;
17D0 : 1C;
17D1 : 70;
17D2 : 10;
17D3 : 48;
17D4 : 5A;
17D5 : 8D;
17D6 : 46;
17D7 : 6E;
17D8 : 0E;
17D9 : F4;
17DA : AA;
17DB : 18;
17DC : 08;
17DD : 30;
17DE : 2B;
17DF : A0;
17E0 : 02;
17E1 : 30;
17E2 : DD;
17E3 : 6A;
17E4 : 38;
17E5 : 70;
17E6 : AB;
17E7 : 09;
17E8 : 07;
17E9 : 16;
17EA : D4;
17EB : 3B;
17EC : FB;
17ED : 44;
17EE : 8D;
17EF : F8;
17F0 : 9C;
17F1 : 71;
17F2 : 49;
17F3 : 00;
17F4 : 48;
17F5 : 18;
17F6 : 3C;
17F7 : 71;
17F8 : 4A;
17F9 : 6C;
17FA : C1;
17FB : 2C;
17FC : CA;
17FD : E0;
17FE : 0E;
17FF : B3;
1800 : 4D;
1801 : 20;
1802 : 30;
1803 : 7B;
1804 : F8;
1805 : 32;
1806 : 40;
1807 : 7D;
1808 : C4;
1809 : 17;
180A : F4;
180B : 18;
180C : E1;
180D : 60;
180E : 1E;
180F : BC;
1810 : 8F;
1811 : FE;
1812 : FE;
1813 : C1;
1814 : 13;
1815 : 58;
1816 : F5;
1817 : 53;
1818 : 56;
1819 : AD;
181A : 21;
181B : F7;
181C : 4E;
181D : B0;
181E : 4E;
181F : 2A;
1820 : 2C;
1821 : 60;
1822 : 92;
1823 : DC;
1824 : 60;
1825 : 00;
1826 : FF;
1827 : 34;
1828 : 2C;
1829 : 2F;
182A : 78;
182B : A5;
182C : 8A;
182D : C8;
182E : 32;
182F : 1B;
1830 : 32;
1831 : 76;
1832 : 40;
1833 : 1D;
1834 : 6F;
1835 : 08;
1836 : 2C;
1837 : 05;
1838 : 8C;
1839 : B1;
183A : 1C;
183B : 2B;
183C : 80;
183D : 4B;
183E : 82;
183F : 4C;
1840 : EB;
1841 : 8C;
1842 : BC;
1843 : D2;
1844 : 5C;
1845 : C1;
1846 : D5;
1847 : D1;
1848 : DC;
1849 : 8C;
184A : 06;
184B : 08;
184C : B0;
184D : 60;
184E : 5C;
184F : 34;
1850 : A3;
1851 : 0C;
1852 : 56;
1853 : A8;
1854 : B4;
1855 : CC;
1856 : 59;
1857 : 04;
1858 : C1;
1859 : 22;
185A : 2D;
185B : 47;
185C : EF;
185D : AA;
185E : 0C;
185F : 4B;
1860 : A5;
1861 : 02;
1862 : 2C;
1863 : 1F;
1864 : A8;
1865 : C1;
1866 : 03;
1867 : E3;
1868 : 10;
1869 : 50;
186A : C9;
186B : 11;
186C : 41;
186D : B0;
186E : 9D;
186F : 12;
1870 : 52;
1871 : 2C;
1872 : 1F;
1873 : E4;
1874 : 0E;
1875 : 79;
1876 : 30;
1877 : 78;
1878 : 20;
1879 : 0E;
187A : 28;
187B : C5;
187C : 06;
187D : C1;
187E : 59;
187F : 18;
1880 : 28;
1881 : 6D;
1882 : A1;
1883 : 6C;
1884 : 85;
1885 : 40;
1886 : 1F;
1887 : B0;
1888 : 1A;
1889 : 18;
188A : 0D;
188B : 08;
188C : 67;
188D : 2C;
188E : 2F;
188F : 51;
1890 : 98;
1891 : 35;
1892 : 3A;
1893 : 21;
1894 : 4B;
1895 : F1;
1896 : 90;
1897 : BB;
1898 : 23;
1899 : 18;
189A : 43;
189B : AC;
189C : D2;
189D : 38;
189E : B1;
189F : 2F;
18A0 : 0B;
18A1 : D4;
18A2 : ED;
18A3 : F4;
18A4 : 11;
18A5 : 4D;
18A6 : 51;
18A7 : 13;
18A8 : 60;
18A9 : DA;
18AA : C0;
18AB : 86;
18AC : 34;
18AD : 7A;
18AE : E0;
18AF : 2F;
18B0 : 0E;
18B1 : 0C;
18B2 : C0;
18B3 : 04;
18B4 : 31;
18B5 : 8C;
18B6 : D8;
18B7 : F0;
18B8 : 26;
18B9 : 66;
18BA : 2F;
18BB : 40;
18BC : 23;
18BD : 3F;
18BE : 7C;
18BF : 03;
18C0 : DD;
18C1 : 40;
18C2 : AD;
18C3 : 08;
18C4 : AF;
18C5 : 03;
18C6 : 14;
18C7 : 6E;
18C8 : 43;
18C9 : A0;
18CA : B1;
18CB : 20;
18CC : E9;
18CD : F8;
18CE : 0C;
18CF : AB;
18D0 : 92;
18D1 : 6F;
18D2 : DE;
18D3 : 1C;
18D4 : E4;
18D5 : A4;
18D6 : 80;
18D7 : 20;
18D8 : EA;
18D9 : FD;
18DA : 60;
18DB : 2C;
18DC : 5F;
18DD : 30;
18DE : 20;
18DF : 1B;
18E0 : D0;
18E1 : 05;
18E2 : 23;
18E3 : 58;
18E4 : B5;
18E5 : 01;
18E6 : 48;
18E7 : 02;
18E8 : 14;
18E9 : 29;
18EA : 48;
18EB : B4;
18EC : 4C;
18ED : 02;
18EE : 7C;
18EF : 9A;
18F0 : 1A;
18F1 : B6;
18F2 : A8;
18F3 : 1A;
18F4 : 08;
18F5 : 66;
18F6 : 0E;
18F7 : 52;
18F8 : A8;
18F9 : 27;
18FA : 0C;
18FB : 26;
18FC : 6C;
18FD : B1;
18FE : 60;
18FF : 06;
1900 : 45;
1901 : 8E;
1902 : B4;
1903 : CD;
1904 : 5E;
1905 : 66;
1906 : E6;
1907 : 74;
1908 : 7F;
1909 : 46;
190A : 02;
190B : C4;
190C : 19;
190D : 74;
190E : 50;
190F : 67;
1910 : 06;
1911 : EB;
1912 : 63;
1913 : D4;
1914 : 9E;
1915 : 9D;
1916 : 38;
1917 : 2D;
1918 : 9D;
1919 : 72;
191A : 48;
191B : 40;
191C : A8;
191D : 24;
191E : 62;
191F : 70;
1920 : 1F;
1921 : 22;
1922 : 0A;
1923 : 67;
1924 : DC;
1925 : 86;
1926 : A8;
1927 : 28;
1928 : 22;
1929 : D4;
192A : 34;
192B : 31;
192C : AB;
192D : 20;
192E : 42;
192F : 2A;
1930 : DD;
1931 : 43;
1932 : 7C;
1933 : 40;
1934 : 2F;
1935 : 6F;
1936 : 81;
1937 : 53;
1938 : 55;
1939 : 60;
193A : 94;
193B : A4;
193C : 14;
193D : 69;
193E : 22;
193F : 1A;
1940 : 22;
1941 : 13;
1942 : 2B;
1943 : A8;
1944 : 33;
1945 : 53;
1946 : 85;
1947 : 2C;
1948 : B1;
1949 : 60;
194A : 2E;
194B : ED;
194C : 2F;
194D : 71;
194E : D3;
194F : 26;
1950 : A4;
1951 : B0;
1952 : 7E;
1953 : 4C;
1954 : B8;
1955 : AF;
1956 : 0C;
1957 : 39;
1958 : 15;
1959 : 68;
195A : C5;
195B : 43;
195C : 8D;
195D : 24;
195E : B9;
195F : F1;
1960 : 74;
1961 : 57;
1962 : F4;
1963 : DA;
1964 : 5C;
1965 : CA;
1966 : 02;
1967 : 5C;
1968 : 9A;
1969 : 0C;
196A : 30;
196B : 1A;
196C : D0;
196D : 31;
196E : 0A;
196F : 45;
1970 : 24;
1971 : 2B;
1972 : 3C;
1973 : 62;
1974 : 2C;
1975 : 30;
1976 : 91;
1977 : C8;
1978 : D1;
1979 : E5;
197A : 68;
197B : FC;
197C : 7B;
197D : 7E;
197E : 22;
197F : 40;
1980 : B4;
1981 : A9;
1982 : 89;
1983 : 66;
1984 : 6C;
1985 : 67;
1986 : 29;
1987 : 14;
1988 : 98;
1989 : 85;
198A : 53;
198B : 80;
198C : 23;
198D : AB;
198E : 0C;
198F : 6A;
1990 : 69;
1991 : 30;
1992 : FA;
1993 : 08;
1994 : 23;
1995 : D1;
1996 : 78;
1997 : 60;
1998 : 9C;
1999 : 20;
199A : 91;
199B : 70;
199C : 56;
199D : 18;
199E : 1B;
199F : 2E;
19A0 : 5C;
19A1 : FC;
19A2 : 29;
19A3 : 16;
19A4 : A9;
19A5 : F2;
19A6 : A8;
19A7 : 24;
19A8 : 2F;
19A9 : 42;
19AA : 20;
19AB : 1A;
19AC : 08;
19AD : 46;
19AE : 91;
19AF : 16;
19B0 : A1;
19B1 : 16;
19B2 : 31;
19B3 : 58;
19B4 : 0D;
19B5 : AA;
19B6 : 20;
19B7 : 11;
19B8 : 49;
19B9 : 75;
19BA : 82;
19BB : 24;
19BC : 1F;
19BD : 8B;
19BE : E8;
19BF : 30;
19C0 : 15;
19C1 : DC;
19C2 : 38;
19C3 : 55;
19C4 : A0;
19C5 : 99;
19C6 : 10;
19C7 : A6;
19C8 : C0;
19C9 : 31;
19CA : 1A;
19CB : 81;
19CC : 56;
19CD : A0;
19CE : 13;
19CF : 10;
19D0 : 7B;
19D1 : D4;
19D2 : 8C;
19D3 : 5B;
19D4 : 8C;
19D5 : C0;
19D6 : F5;
19D7 : BC;
19D8 : F0;
19D9 : 13;
19DA : 16;
19DB : 38;
19DC : 92;
19DD : 42;
19DE : 80;
19DF : 72;
19E0 : D0;
19E1 : D2;
19E2 : AF;
19E3 : 2D;
19E4 : 24;
19E5 : 15;
19E6 : 89;
19E7 : 64;
19E8 : 1B;
19E9 : 94;
19EA : 81;
19EB : 78;
19EC : 0A;
19ED : 4C;
19EE : 44;
19EF : 28;
19F0 : 02;
19F1 : B4;
19F2 : 80;
19F3 : 6D;
19F4 : 08;
19F5 : 4C;
19F6 : 04;
19F7 : FB;
19F8 : 50;
19F9 : 2C;
19FA : 89;
19FB : CC;
19FC : 7B;
19FD : 22;
19FE : 50;
19FF : 12;
1A00 : 19;
1A01 : 49;
1A02 : C1;
1A03 : 74;
1A04 : A9;
1A05 : 82;
1A06 : 54;
1A07 : 8A;
1A08 : 20;
1A09 : 09;
1A0A : E7;
1A0B : 49;
1A0C : 89;
1A0D : 60;
1A0E : CA;
1A0F : 06;
1A10 : 6D;
1A11 : 9C;
1A12 : 00;
1A13 : 54;
1A14 : A7;
1A15 : 85;
1A16 : 20;
1A17 : 15;
1A18 : 3E;
1A19 : 08;
1A1A : B5;
1A1B : 35;
1A1C : B3;
1A1D : E8;
1A1E : 82;
1A1F : 21;
1A20 : 64;
1A21 : 0A;
1A22 : 45;
1A23 : E9;
1A24 : A8;
1A25 : 01;
1A26 : EA;
1A27 : 8A;
1A28 : 12;
1A29 : 51;
1A2A : 0B;
1A2B : C8;
1A2C : 5F;
1A2D : 84;
1A2E : B0;
1A2F : D8;
1A30 : 7C;
1A31 : 48;
1A32 : 50;
1A33 : A2;
1A34 : DC;
1A35 : 58;
1A36 : 26;
1A37 : A8;
1A38 : 2F;
1A39 : E8;
1A3A : 00;
1A3B : 5C;
1A3C : F8;
1A3D : A1;
1A3E : 60;
1A3F : 2C;
1A40 : 23;
1A41 : 2C;
1A42 : 18;
1A43 : 26;
1A44 : 18;
1A45 : 2F;
1A46 : 50;
1A47 : 00;
1A48 : 70;
1A49 : D6;
1A4A : AF;
1A4B : 62;
1A4C : 07;
1A4D : 7A;
1A4E : 57;
1A4F : B9;
1A50 : 06;
1A51 : 2F;
1A52 : 3E;
1A53 : 67;
1A54 : 02;
1A55 : 7A;
1A56 : 37;
1A57 : BC;
1A58 : FC;
1A59 : 85;
1A5A : 41;
1A5B : 30;
1A5C : 3C;
1A5D : 7C;
1A5E : A2;
1A5F : 7D;
1A60 : 49;
1A61 : D4;
1A62 : 3C;
1A63 : 1B;
1A64 : C4;
1A65 : 2C;
1A66 : 11;
1A67 : 0D;
1A68 : 6B;
1A69 : B0;
1A6A : 2C;
1A6B : A5;
1A6C : F8;
1A6D : D4;
1A6E : 30;
1A6F : 7E;
1A70 : 3F;
1A71 : 42;
1A72 : 84;
1A73 : D8;
1A74 : 84;
1A75 : B4;
1A76 : 78;
1A77 : BF;
1A78 : 19;
1A79 : 64;
1A7A : F8;
1A7B : 0E;
1A7C : 98;
1A7D : 4D;
1A7E : 9A;
1A7F : 74;
1A80 : 70;
1A81 : 01;
1A82 : C2;
1A83 : 80;
1A84 : 5E;
1A85 : C8;
1A86 : 03;
1A87 : 88;
1A88 : 81;
1A89 : B8;
1A8A : 8E;
1A8B : 65;
1A8C : 34;
1A8D : 98;
1A8E : 8E;
1A8F : D4;
1A90 : C1;
1A91 : 3D;
1A92 : F0;
1A93 : 46;
1A94 : 4C;
1A95 : 62;
1A96 : 9A;
1A97 : C0;
1A98 : 71;
1A99 : D6;
1A9A : F1;
1A9B : 18;
1A9C : AD;
1A9D : 86;
1A9E : 2B;
1A9F : 84;
1AA0 : 34;
1AA1 : 00;
1AA2 : A2;
1AA3 : 44;
1AA4 : 30;
1AA5 : 80;
1AA6 : CA;
1AA7 : 00;
1AA8 : D3;
1AA9 : 38;
1AAA : 71;
1AAB : FF;
1AAC : E5;
1AAD : 55;
1AAE : F5;
1AAF : ED;
1AB0 : 94;
1AB1 : 51;
1AB2 : DE;
1AB3 : 53;
1AB4 : 87;
1AB5 : 64;
1AB6 : A8;
1AB7 : 2A;
1AB8 : 42;
1AB9 : 52;
1ABA : 8D;
1ABB : 12;
1ABC : 04;
1ABD : 70;
1ABE : 30;
1ABF : 0C;
1AC0 : 84;
1AC1 : 3C;
1AC2 : 13;
1AC3 : 63;
1AC4 : 02;
1AC5 : 10;
1AC6 : 05;
1AC7 : D0;
1AC8 : 01;
1AC9 : 1B;
1ACA : 40;
1ACB : FF;
1ACC : FF;
1ACD : AA;
1ACE : B0;
1ACF : 2C;
1AD0 : 9A;
1AD1 : 5C;
1AD2 : 30;
1AD3 : 9D;
1AD4 : 60;
1AD5 : 22;
1AD6 : 2F;
1AD7 : 88;
1AD8 : 85;
1AD9 : 82;
1ADA : AF;
1ADB : C5;
1ADC : 64;
1ADD : 35;
1ADE : B1;
1ADF : FF;
1AE0 : 6C;
1AE1 : 44;
1AE2 : C6;
1AE3 : 66;
1AE4 : 2C;
1AE5 : 8B;
1AE6 : 13;
1AE7 : 30;
1AE8 : 67;
1AE9 : 6B;
1AEA : 9C;
1AEB : 08;
1AEC : 10;
1AED : 69;
1AEE : 45;
1AEF : 1A;
1AF0 : 82;
1AF1 : 54;
1AF2 : 82;
1AF3 : 2C;
1AF4 : 42;
1AF5 : BA;
1AF6 : 18;
1AF7 : E0;
1AF8 : A9;
1AF9 : 10;
1AFA : 10;
1AFB : 9E;
1AFC : 78;
1AFD : 1B;
1AFE : 7C;
1AFF : 94;
1B00 : 9A;
1B01 : 01;
1B02 : 4D;
1B03 : ED;
1B04 : D9;
1B05 : 02;
1B06 : 75;
1B07 : 79;
1B08 : 2C;
1B09 : 4D;
1B0A : 4A;
1B0B : 06;
1B0C : 6C;
1B0D : 06;
1B0E : 1C;
1B0F : A9;
1B10 : DA;
1B11 : 2D;
1B12 : 60;
1B13 : 14;
1B14 : 28;
1B15 : BE;
1B16 : 05;
1B17 : E8;
1B18 : AE;
1B19 : 2B;
1B1A : 08;
1B1B : 71;
1B1C : 3A;
1B1D : 6A;
1B1E : 04;
1B1F : D4;
1B20 : F2;
1B21 : 20;
1B22 : 0D;
1B23 : FC;
1B24 : 8B;
1B25 : 06;
1B26 : 66;
1B27 : 4D;
1B28 : 67;
1B29 : 61;
1B2A : BB;
1B2B : 6B;
1B2C : 26;
1B2D : 0A;
1B2E : 91;
1B2F : CC;
1B30 : 96;
1B31 : 88;
1B32 : 74;
1B33 : 10;
1B34 : C4;
1B35 : 86;
1B36 : 66;
1B37 : 18;
1B38 : 07;
1B39 : 11;
1B3A : 51;
1B3B : D0;
1B3C : 2D;
1B3D : 6B;
1B3E : BD;
1B3F : 0B;
1B40 : 06;
1B41 : 08;
1B42 : 83;
1B43 : FE;
1B44 : 94;
1B45 : 52;
1B46 : 82;
1B47 : 02;
1B48 : C0;
1B49 : 9D;
1B4A : 03;
1B4B : 90;
1B4C : 82;
1B4D : 19;
1B4E : B9;
1B4F : 4A;
1B50 : 6E;
1B51 : EC;
1B52 : 28;
1B53 : 03;
1B54 : 6C;
1B55 : 02;
1B56 : 42;
1B57 : 84;
1B58 : 53;
1B59 : 83;
1B5A : 96;
1B5B : 84;
1B5C : 24;
1B5D : 4E;
1B5E : E3;
1B5F : 0E;
1B60 : BD;
1B61 : 10;
1B62 : 22;
1B63 : 1D;
1B64 : 41;
1B65 : 0E;
1B66 : FC;
1B67 : 68;
1B68 : FE;
1B69 : 6E;
1B6A : 50;
1B6B : 4A;
1B6C : 24;
1B6D : 04;
1B6E : 94;
1B6F : 8A;
1B70 : D4;
1B71 : 8E;
1B72 : BB;
1B73 : CA;
1B74 : 65;
1B75 : E8;
1B76 : F5;
1B77 : 04;
1B78 : C5;
1B79 : 5B;
1B7A : C0;
1B7B : 28;
1B7C : 34;
1B7D : 38;
1B7E : 67;
1B7F : 18;
1B80 : 20;
1B81 : 4A;
1B82 : 51;
1B83 : EE;
1B84 : B1;
1B85 : EF;
1B86 : ED;
1B87 : 66;
1B88 : A4;
1B89 : CA;
1B8A : B8;
1B8B : EA;
1B8C : 2E;
1B8D : 5C;
1B8E : 42;
1B8F : 0E;
1B90 : 89;
1B91 : 8A;
1B92 : 12;
1B93 : C1;
1B94 : A6;
1B95 : 01;
1B96 : FB;
1B97 : 32;
1B98 : 3C;
1B99 : B9;
1B9A : 87;
1B9B : 91;
1B9C : CE;
1B9D : 70;
1B9E : 50;
1B9F : C0;
1BA0 : 86;
1BA1 : 51;
1BA2 : 7D;
1BA3 : C4;
1BA4 : AE;
1BA5 : 68;
1BA6 : 1E;
1BA7 : 2D;
1BA8 : E6;
1BA9 : 60;
1BAA : 9C;
1BAB : 99;
1BAC : 20;
1BAD : 89;
1BAE : 10;
1BAF : 53;
1BB0 : 84;
1BB1 : 3A;
1BB2 : 4A;
1BB3 : 84;
1BB4 : 6E;
1BB5 : EE;
1BB6 : 4A;
1BB7 : 83;
1BB8 : 00;
1BB9 : 35;
1BBA : 83;
1BBB : D4;
1BBC : 02;
1BBD : F9;
1BBE : 96;
1BBF : 02;
1BC0 : 89;
1BC1 : 28;
1BC2 : 23;
1BC3 : 28;
1BC4 : 6E;
1BC5 : 75;
1BC6 : 6C;
1BC7 : 6C;
1BC8 : 29;
1BC9 : 5A;
1BCA : 14;
1BCB : 96;
1BCC : D4;
1BCD : 2A;
1BCE : 5C;
1BCF : 28;
1BD0 : 22;
1BD1 : B5;
1BD2 : 20;
1BD3 : AA;
1BD4 : 25;
1BD5 : 50;
1BD6 : 4C;
1BD7 : B4;
1BD8 : 50;
1BD9 : 02;
1BDA : 90;
1BDB : 87;
1BDC : 06;
1BDD : 41;
1BDE : F4;
1BDF : 98;
1BE0 : FF;
1BE1 : 0A;
1BE2 : C8;
1BE3 : D1;
1BE4 : 4C;
1BE5 : AD;
1BE6 : 40;
1BE7 : 54;
1BE8 : 6B;
1BE9 : EC;
1BEA : 4C;
1BEB : 83;
1BEC : 79;
1BED : 7C;
1BEE : 50;
1BEF : 4B;
1BF0 : EF;
1BF1 : B4;
1BF2 : F1;
1BF3 : DC;
1BF4 : 5B;
1BF5 : 88;
1BF6 : 17;
1BF7 : 70;
1BF8 : B2;
1BF9 : 04;
1BFA : 33;
1BFB : DD;
1BFC : 06;
1BFD : 71;
1BFE : 8A;
1BFF : 25;
1C00 : FD;
1C01 : A6;
1C02 : 8F;
1C03 : 83;
1C04 : E7;
1C05 : 92;
1C06 : BD;
1C07 : 20;
1C08 : 41;
1C09 : 52;
1C0A : 81;
1C0B : 2F;
1C0C : 41;
1C0D : 23;
1C0E : 10;
1C0F : 10;
1C10 : 76;
1C11 : 3D;
1C12 : D8;
1C13 : 2A;
1C14 : 25;
1C15 : 74;
1C16 : D6;
1C17 : 42;
1C18 : 87;
1C19 : C6;
1C1A : B9;
1C1B : CD;
1C1C : 0C;
1C1D : 24;
1C1E : 07;
1C1F : 24;
1C20 : 4B;
1C21 : 9C;
1C22 : 79;
1C23 : 24;
1C24 : 48;
1C25 : 2E;
1C26 : 63;
1C27 : B0;
1C28 : 87;
1C29 : B0;
1C2A : 38;
1C2B : 94;
1C2C : D6;
1C2D : 22;
1C2E : 44;
1C2F : C0;
1C30 : AC;
1C31 : 58;
1C32 : 5C;
1C33 : E7;
1C34 : BA;
1C35 : A9;
1C36 : 56;
1C37 : EC;
1C38 : 88;
1C39 : 2D;
1C3A : A9;
1C3B : 00;
1C3C : C2;
1C3D : 2A;
1C3E : A6;
1C3F : 23;
1C40 : A9;
1C41 : AC;
1C42 : 0C;
1C43 : A6;
1C44 : 20;
1C45 : C1;
1C46 : A8;
1C47 : 6B;
1C48 : 54;
1C49 : 9A;
1C4A : A9;
1C4B : D4;
1C4C : 2A;
1C4D : BA;
1C4E : AE;
1C4F : D8;
1C50 : 9A;
1C51 : 2B;
1C52 : A0;
1C53 : 69;
1C54 : 86;
1C55 : AD;
1C56 : 30;
1C57 : 0B;
1C58 : DC;
1C59 : 8A;
1C5A : AC;
1C5B : 2E;
1C5C : 69;
1C5D : AE;
1C5E : A6;
1C5F : 70;
1C60 : 3A;
1C61 : 39;
1C62 : 6F;
1C63 : E9;
1C64 : FA;
1C65 : 6E;
1C66 : 64;
1C67 : 40;
1C68 : A6;
1C69 : 70;
1C6A : E2;
1C6B : 1A;
1C6C : 54;
1C6D : 88;
1C6E : 64;
1C6F : 86;
1C70 : 02;
1C71 : 44;
1C72 : 88;
1C73 : 63;
1C74 : 9A;
1C75 : 01;
1C76 : 0E;
1C77 : 44;
1C78 : 69;
1C79 : 6C;
1C7A : A6;
1C7B : E2;
1C7C : 88;
1C7D : 6F;
1C7E : 9B;
1C7F : 02;
1C80 : 6C;
1C81 : 30;
1C82 : A9;
1C83 : AC;
1C84 : 75;
1C85 : AA;
1C86 : A4;
1C87 : 14;
1C88 : 69;
1C89 : 73;
1C8A : B6;
1C8B : 5E;
1C8C : F0;
1C8D : A6;
1C8E : 74;
1C8F : 9A;
1C90 : CC;
1C91 : 12;
1C92 : 68;
1C93 : 78;
1C94 : 89;
1C95 : 02;
1C96 : D2;
1C97 : A6;
1C98 : 7A;
1C99 : B9;
1C9A : C0;
1C9B : E9;
1C9C : E2;
1C9D : FE;
1C9E : 70;
1C9F : 04;
1CA0 : F5;
1CA1 : 00;
1CA2 : B8;
1CA3 : A6;
1CA4 : 08;
1CA5 : A9;
1CA6 : AA;
1CA7 : 10;
1CA8 : B4;
1CA9 : AC;
1CAA : 27;
1CAB : 84;
1CAC : 51;
1CAD : A0;
1CAE : B4;
1CAF : F9;
1CB0 : 04;
1CB1 : 2E;
1CB2 : 12;
1CB3 : 6C;
1CB4 : BC;
1CB5 : 5E;
1CB6 : 10;
1CB7 : 84;
1CB8 : 80;
1CB9 : 0C;
1CBA : 87;
1CBB : FF;
1CBC : FF;
1CBD : F8;
1CBE : 00;
1CBF : 6D;
1CC0 : 00;
1CC1 : FE;
1CC2 : F4;
1CC3 : 44;
1CC4 : 87;
1CC5 : 94;
1CC6 : 9F;
1CC7 : F8;
1CC8 : 43;
1CC9 : E8;
1CCA : 37;
1CCB : 10;
1CCC : F0;
1CCD : F3;
1CCE : FB;
1CCF : 32;
1CD0 : 3D;
1CD1 : 90;
1CD2 : BC;
1CD3 : 28;
1CD4 : 33;
1CD5 : CA;
1CD6 : 8C;
1CD7 : 2A;
1CD8 : BE;
1CD9 : 1C;
1CDA : 90;
1CDB : 30;
1CDC : 2C;
1CDD : 52;
1CDE : B6;
1CDF : 31;
1CE0 : 08;
1CE1 : D7;
1CE2 : CF;
1CE3 : 06;
1CE4 : 78;
1CE5 : 52;
1CE6 : 60;
1CE7 : 86;
1CE8 : 0E;
1CE9 : 6C;
1CEA : 02;
1CEB : 9D;
1CEC : CE;
1CED : D1;
1CEE : B4;
1CEF : 9D;
1CF0 : 2E;
1CF1 : 56;
1CF2 : 25;
1CF3 : 23;
1CF4 : FF;
1CF5 : D0;
1CF6 : 10;
1CF7 : 6A;
1CF8 : 44;
1CF9 : 09;
1CFA : D2;
1CFB : 19;
1CFC : A8;
1CFD : 00;
1CFE : 0D;
1CFF : 83;
1D00 : FB;
1D01 : D4;
1D02 : 2C;
1D03 : 40;
1D04 : 1F;
1D05 : 9D;
1D06 : C5;
1D07 : 8A;
1D08 : 11;
1D09 : FE;
1D0A : A2;
1D0B : F1;
1D0C : 40;
1D0D : BD;
1D0E : E2;
1D0F : F1;
1D10 : D4;
1D11 : 75;
1D12 : BE;
1D13 : 2E;
1D14 : 00;
1D15 : 9D;
1D16 : C8;
1D17 : 8A;
1D18 : 31;
1D19 : FE;
1D1A : 8A;
1D1B : 8F;
1D1C : 28;
1D1D : 3D;
1D1E : 1C;
1D1F : 19;
1D20 : 19;
1D21 : 95;
1D22 : C6;
1D23 : 54;
1D24 : 81;
1D25 : 70;
1D26 : 28;
1D27 : D5;
1D28 : DE;
1D29 : DD;
1D2A : E1;
1D2B : D0;
1D2C : BC;
1D2D : 72;
1D2E : F0;
1D2F : 8E;
1D30 : 6A;
1D31 : 47;
1D32 : 1C;
1D33 : 24;
1D34 : D0;
1D35 : 24;
1D36 : 47;
1D37 : 53;
1D38 : 8A;
1D39 : 08;
1D3A : 02;
1D3B : AA;
1D3C : A0;
1D3D : 26;
1D3E : D4;
1D3F : 47;
1D40 : 19;
1D41 : 7D;
1D42 : 8E;
1D43 : 38;
1D44 : FF;
1D45 : 26;
1D46 : 39;
1D47 : D2;
1D48 : 06;
1D49 : 54;
1D4A : 63;
1D4B : FB;
1D4C : BA;
1D4D : 1A;
1D4E : 50;
1D4F : 78;
1D50 : 43;
1D51 : 91;
1D52 : CA;
1D53 : BD;
1D54 : 31;
1D55 : 20;
1D56 : 0A;
1D57 : 52;
1D58 : 80;
1D59 : AF;
1D5A : 44;
1D5B : E6;
1D5C : C5;
1D5D : D9;
1D5E : C9;
1D5F : D1;
1D60 : C4;
1D61 : 72;
1D62 : 00;
1D63 : 46;
1D64 : 63;
1D65 : 68;
1D66 : AD;
1D67 : BC;
1D68 : 98;
1D69 : 31;
1D6A : E5;
1D6B : C5;
1D6C : D9;
1D6D : 7D;
1D6E : D1;
1D6F : B1;
1D70 : 45;
1D71 : 62;
1D72 : 18;
1D73 : 88;
1D74 : 10;
1D75 : 31;
1D76 : FD;
1D77 : E6;
1D78 : 24;
1D79 : 0A;
1D7A : A9;
1D7B : D0;
1D7C : 06;
1D7D : 22;
1D7E : FB;
1D7F : 78;
1D80 : A6;
1D81 : 82;
1D82 : 8F;
1D83 : 82;
1D84 : 7D;
1D85 : 60;
1D86 : 65;
1D87 : BB;
1D88 : 95;
1D89 : CA;
1D8A : D6;
1D8B : 8A;
1D8C : BD;
1D8D : C4;
1D8E : EB;
1D8F : 0C;
1D90 : 24;
1D91 : 93;
1D92 : 59;
1D93 : 66;
1D94 : 04;
1D95 : 45;
1D96 : FA;
1D97 : FD;
1D98 : 64;
1D99 : D8;
1D9A : F1;
1D9B : C9;
1D9C : 5B;
1D9D : 20;
1D9E : 08;
1D9F : 20;
1DA0 : 40;
1DA1 : 4A;
1DA2 : 18;
1DA3 : 66;
1DA4 : F8;
1DA5 : 90;
1DA6 : 8A;
1DA7 : 9E;
1DA8 : 62;
1DA9 : E4;
1DAA : A7;
1DAB : 2A;
1DAC : 07;
1DAD : 60;
1DAE : 16;
1DAF : 9C;
1DB0 : 74;
1DB1 : 6B;
1DB2 : E4;
1DB3 : 3C;
1DB4 : AF;
1DB5 : 6C;
1DB6 : 2E;
1DB7 : EF;
1DB8 : BB;
1DB9 : F1;
1DBA : 53;
1DBB : 2C;
1DBC : 7F;
1DBD : F0;
1DBE : C5;
1DBF : 8A;
1DC0 : 65;
1DC1 : 42;
1DC2 : 80;
1DC3 : D4;
1DC4 : 80;
1DC5 : F0;
1DC6 : B9;
1DC7 : A1;
1DC8 : C2;
1DC9 : 1D;
1DCA : 7D;
1DCB : 43;
1DCC : 98;
1DCD : 8A;
1DCE : 52;
1DCF : 8E;
1DD0 : 60;
1DD1 : 2A;
1DD2 : 22;
1DD3 : 48;
1DD4 : 93;
1DD5 : CE;
1DD6 : B5;
1DD7 : C9;
1DD8 : 77;
1DD9 : 1D;
1DDA : DC;
1DDB : D8;
1DDC : E0;
1DDD : 27;
1DDE : 56;
1DDF : 60;
1DE0 : 20;
1DE1 : 1F;
1DE2 : 8C;
1DE3 : 1F;
1DE4 : 51;
1DE5 : 74;
1DE6 : 8D;
1DE7 : FA;
1DE8 : E8;
1DE9 : B5;
1DEA : 5C;
1DEB : 29;
1DEC : 38;
1DED : 34;
1DEE : 26;
1DEF : 04;
1DF0 : D6;
1DF1 : 88;
1DF2 : 12;
1DF3 : 18;
1DF4 : 4B;
1DF5 : DC;
1DF6 : 27;
1DF7 : C1;
1DF8 : CA;
1DF9 : 60;
1DFA : D0;
1DFB : 1D;
1DFC : A1;
1DFD : 86;
1DFE : 9C;
1DFF : 20;
1E00 : FA;
1E01 : C6;
1E02 : 22;
1E03 : 4A;
1E04 : 87;
1E05 : 22;
1E06 : 42;
1E07 : 87;
1E08 : A6;
1E09 : 87;
1E0A : CD;
1E0B : 12;
1E0C : BD;
1E0D : 2B;
1E0E : DB;
1E0F : 67;
1E10 : 2D;
1E11 : 9C;
1E12 : D5;
1E13 : B1;
1E14 : B4;
1E15 : D7;
1E16 : 2A;
1E17 : 2B;
1E18 : 61;
1E19 : 60;
1E1A : 79;
1E1B : 78;
1E1C : C5;
1E1D : 22;
1E1E : 12;
1E1F : 5B;
1E20 : 2D;
1E21 : 84;
1E22 : 58;
1E23 : 15;
1E24 : 5B;
1E25 : 6A;
1E26 : 0A;
1E27 : 44;
1E28 : 81;
1E29 : 40;
1E2A : 80;
1E2B : 78;
1E2C : 7F;
1E2D : 46;
1E2E : 04;
1E2F : 84;
1E30 : 04;
1E31 : 7E;
1E32 : 08;
1E33 : A7;
1E34 : 4C;
1E35 : C8;
1E36 : 82;
1E37 : 66;
1E38 : 02;
1E39 : 2C;
1E3A : 44;
1E3B : 1A;
1E3C : C0;
1E3D : C1;
1E3E : 07;
1E3F : 63;
1E40 : 00;
1E41 : 01;
1E42 : 88;
1E43 : 14;
1E44 : E2;
1E45 : 60;
1E46 : 34;
1E47 : 74;
1E48 : 82;
1E49 : 10;
1E4A : 34;
1E4B : 2F;
1E4C : 52;
1E4D : 6D;
1E4E : 28;
1E4F : 02;
1E50 : AC;
1E51 : DC;
1E52 : 5D;
1E53 : FF;
1E54 : 25;
1E55 : 6C;
1E56 : E1;
1E57 : D0;
1E58 : ED;
1E59 : AA;
1E5A : 60;
1E5B : 38;
1E5C : F3;
1E5D : A7;
1E5E : 9C;
1E5F : D6;
1E60 : BD;
1E61 : 74;
1E62 : E2;
1E63 : F8;
1E64 : DA;
1E65 : 06;
1E66 : D8;
1E67 : DD;
1E68 : 52;
1E69 : 2D;
1E6A : 17;
1E6B : EC;
1E6C : C1;
1E6D : 6B;
1E6E : 45;
1E6F : FC;
1E70 : C2;
1E71 : 78;
1E72 : 86;
1E73 : 40;
1E74 : 81;
1E75 : 44;
1E76 : A6;
1E77 : 44;
1E78 : 36;
1E79 : 40;
1E7A : 20;
1E7B : FC;
1E7C : 28;
1E7D : C0;
1E7E : 28;
1E7F : 40;
1E80 : 5E;
1E81 : 61;
1E82 : F8;
1E83 : 54;
1E84 : F8;
1E85 : 34;
1E86 : 60;
1E87 : AE;
1E88 : 70;
1E89 : 05;
1E8A : BB;
1E8B : F0;
1E8C : 0D;
1E8D : 42;
1E8E : 03;
1E8F : 37;
1E90 : 70;
1E91 : E0;
1E92 : A1;
1E93 : 2C;
1E94 : A0;
1E95 : 30;
1E96 : 69;
1E97 : 30;
1E98 : A0;
1E99 : 2C;
1E9A : 69;
1E9B : 10;
1E9C : BF;
1E9D : 40;
1E9E : F8;
1E9F : 45;
1EA0 : AD;
1EA1 : 88;
1EA2 : 6E;
1EA3 : 12;
1EA4 : 14;
1EA5 : B5;
1EA6 : 12;
1EA7 : 2A;
1EA8 : E4;
1EA9 : 09;
1EAA : 22;
1EAB : F9;
1EAC : 98;
1EAD : 08;
1EAE : E2;
1EAF : 26;
1EB0 : 4A;
1EB1 : D5;
1EB2 : FB;
1EB3 : EE;
1EB4 : AB;
1EB5 : 0C;
1EB6 : 1C;
1EB7 : 06;
1EB8 : 80;
1EB9 : AB;
1EBA : 50;
1EBB : 10;
1EBC : 1C;
1EBD : CD;
1EBE : 73;
1EBF : 11;
1EC0 : 07;
1EC1 : 1F;
1EC2 : 6C;
1EC3 : 52;
1EC4 : FC;
1EC5 : 71;
1EC6 : EB;
1EC7 : 79;
1EC8 : C0;
1EC9 : FA;
1ECA : 15;
1ECB : 77;
1ECC : D4;
1ECD : D0;
1ECE : 55;
1ECF : 1F;
1ED0 : DC;
1ED1 : D0;
1ED2 : C1;
1ED3 : 48;
1ED4 : 09;
1ED5 : 9F;
1ED6 : 00;
1ED7 : 14;
1ED8 : 4D;
1ED9 : A6;
1EDA : F9;
1EDB : 0C;
1EDC : D2;
1EDD : 08;
1EDE : A4;
1EDF : 9F;
1EE0 : 60;
1EE1 : 4E;
1EE2 : 5D;
1EE3 : C8;
1EE4 : 79;
1EE5 : D0;
1EE6 : FF;
1EE7 : 0D;
1EE8 : 61;
1EE9 : C8;
1EEA : 28;
1EEB : 44;
1EEC : C0;
1EED : 0C;
1EEE : A8;
1EEF : 8D;
1EF0 : 00;
1EF1 : B1;
1EF2 : 55;
1EF3 : B0;
1EF4 : 20;
1EF5 : 8D;
1EF6 : 51;
1EF7 : 63;
1EF8 : 12;
1EF9 : 01;
1EFA : F1;
1EFB : 38;
1EFC : AE;
1EFD : 99;
1EFE : 98;
1EFF : E0;
1F00 : B1;
1F01 : 9F;
1F02 : 09;
1F03 : B0;
1F04 : B0;
1F05 : 02;
1F06 : EE;
1F07 : 64;
1F08 : FF;
1F09 : B0;
1F0A : 63;
1F0B : 20;
1F0C : 10;
1F0D : D0;
1F0E : A1;
1F0F : 2A;
1F10 : E9;
1F11 : 2D;
1F12 : D9;
1F13 : 1F;
1F14 : 4D;
1F15 : D5;
1F16 : FA;
1F17 : 30;
1F18 : 31;
1F19 : 42;
1F1A : F9;
1F1B : 20;
1F1C : 38;
1F1D : 02;
1F1E : 88;
1F1F : 28;
1F20 : 2F;
1F21 : C3;
1F22 : A5;
1F23 : 54;
1F24 : 58;
1F25 : B4;
1F26 : B5;
1F27 : B4;
1F28 : 56;
1F29 : 64;
1F2A : 2D;
1F2B : 34;
1F2C : 46;
1F2D : 20;
1F2E : 62;
1F2F : 20;
1F30 : 04;
1F31 : A0;
1F32 : 03;
1F33 : B5;
1F34 : 26;
1F35 : 14;
1F36 : BC;
1F37 : 10;
1F38 : DC;
1F39 : 9F;
1F3A : 42;
1F3B : 22;
1F3C : 40;
1F3D : D5;
1F3E : 15;
1F3F : 89;
1F40 : 05;
1F41 : FD;
1F42 : 90;
1F43 : 31;
1F44 : 4A;
1F45 : C8;
1F46 : 9B;
1F47 : 30;
1F48 : 34;
1F49 : 71;
1F4A : 71;
1F4B : D5;
1F4C : A1;
1F4D : 16;
1F4E : 50;
1F4F : 2D;
1F50 : 1C;
1F51 : 10;
1F52 : C2;
1F53 : 80;
1F54 : 9D;
1F55 : 30;
1F56 : BD;
1F57 : 01;
1F58 : 28;
1F59 : 1D;
1F5A : 52;
1F5B : 48;
1F5C : 1C;
1F5D : 03;
1F5E : 04;
1F5F : 7F;
1F60 : 91;
1F61 : F9;
1F62 : AD;
1F63 : D0;
1F64 : 5F;
1F65 : 04;
1F66 : CA;
1F67 : E0;
1F68 : 6F;
1F69 : 7B;
1F6A : B1;
1F6B : 5C;
1F6C : 55;
1F6D : 26;
1F6E : B4;
1F6F : 78;
1F70 : 66;
1F71 : 28;
1F72 : 14;
1F73 : E9;
1F74 : 68;
1F75 : 70;
1F76 : 70;
1F77 : 1D;
1F78 : 0C;
1F79 : 02;
1F7A : 26;
1F7B : 3A;
1F7C : 67;
1F7D : 32;
1F7E : 36;
1F7F : 68;
1F80 : 0C;
1F81 : 43;
1F82 : 04;
1F83 : 3A;
1F84 : 67;
1F85 : 28;
1F86 : 70;
1F87 : 35;
1F88 : F0;
1F89 : AA;
1F8A : 01;
1F8B : 20;
1F8C : EB;
1F8D : 1C;
1F8E : CC;
1F8F : 27;
1F90 : 07;
1F91 : 6D;
1F92 : 0D;
1F93 : E5;
1F94 : 57;
1F95 : 34;
1F96 : 2A;
1F97 : 0C;
1F98 : 1B;
1F99 : 41;
1F9A : 12;
1F9B : 30;
1F9C : 01;
1F9D : 70;
1F9E : B1;
1F9F : D7;
1FA0 : 68;
1FA1 : 2B;
1FA2 : C5;
1FA3 : 20;
1FA4 : 41;
1FA5 : 3D;
1FA6 : C0;
1FA7 : 55;
1FA8 : 27;
1FA9 : A0;
1FAA : 9B;
1FAB : 10;
1FAC : 24;
1FAD : B1;
1FAE : 44;
1FAF : 0F;
1FB0 : A4;
1FB1 : 14;
1FB2 : A9;
1FB3 : C4;
1FB4 : 10;
1FB5 : F3;
1FB6 : D4;
1FB7 : A2;
1FB8 : DC;
1FB9 : 4C;
1FBA : 24;
1FBB : 2D;
1FBC : 04;
1FBD : 7A;
1FBE : CD;
1FBF : D0;
1FC0 : 95;
1FC1 : 28;
1FC2 : 87;
1FC3 : 52;
1FC4 : 4A;
1FC5 : 92;
1FC6 : 66;
1FC7 : E8;
1FC8 : 44;
1FC9 : 61;
1FCA : 9C;
1FCB : D5;
1FCC : 53;
1FCD : CC;
1FCE : CC;
1FCF : 7C;
1FD0 : C0;
1FD1 : 5B;
1FD2 : AC;
1FD3 : 5D;
1FD4 : 85;
1FD5 : 39;
1FD6 : 20;
1FD7 : 23;
1FD8 : 72;
1FD9 : FD;
1FDA : C2;
1FDB : 80;
1FDC : 21;
1FDD : 41;
1FDE : 44;
1FDF : B0;
1FE0 : 80;
1FE1 : 42;
1FE2 : C1;
1FE3 : AF;
1FE4 : FA;
1FE5 : 92;
1FE6 : C0;
1FE7 : 1A;
1FE8 : 66;
1FE9 : 22;
1FEA : 02;
1FEB : 82;
1FEC : 42;
1FED : D0;
1FEE : 72;
1FEF : 0D;
1FF0 : 90;
1FF1 : D4;
1FF2 : 7A;
1FF3 : 78;
1FF4 : FF;
1FF5 : AD;
1FF6 : C4;
1FF7 : 70;
1FF8 : 99;
1FF9 : F7;
1FFA : 5D;
1FFB : 19;
1FFC : A5;
1FFD : 57;
1FFE : 81;
1FFF : 52;
2000 : 91;
2001 : D6;
2002 : 57;
2003 : B0;
2004 : D0;
2005 : 0F;
2006 : C8;
2007 : D0;
2008 : C1;
2009 : 28;
200A : E4;
200B : 6B;
200C : FF;
200D : 4A;
200E : 81;
200F : 67;
2010 : 0E;
2011 : 80;
2012 : 52;
2013 : FC;
2014 : 64;
2015 : D0;
2016 : E2;
2017 : 89;
2018 : 52;
2019 : 88;
201A : 66;
201B : F6;
201C : 62;
201D : 74;
201E : 88;
201F : DC;
2020 : BA;
2021 : 20;
2022 : 3A;
2023 : 39;
2024 : 3C;
2025 : A8;
2026 : 2B;
2027 : 29;
2028 : 50;
2029 : 67;
202A : 08;
202B : 74;
202C : D1;
202D : E1;
202E : AA;
202F : 60;
2030 : 22;
2031 : 49;
2032 : BC;
2033 : 49;
2034 : 0C;
2035 : 4B;
2036 : 0D;
2037 : C0;
2038 : 98;
2039 : FC;
203A : C4;
203B : 1F;
203C : 7C;
203D : F4;
203E : 19;
203F : E1;
2040 : 1C;
2041 : A0;
2042 : A0;
2043 : 20;
2044 : 31;
2045 : 4A;
2046 : AC;
2047 : 2C;
2048 : 06;
2049 : 42;
204A : 5A;
204B : E8;
204C : D4;
204D : F2;
204E : F0;
204F : 84;
2050 : 62;
2051 : 98;
2052 : D6;
2053 : CA;
2054 : 2C;
2055 : 2F;
2056 : 22;
2057 : AC;
2058 : 62;
2059 : 22;
205A : 4A;
205B : 6F;
205C : 2E;
205D : 90;
205E : 75;
205F : 9E;
2060 : 10;
2061 : C0;
2062 : BD;
2063 : CA;
2064 : 89;
2065 : 4C;
2066 : 6D;
2067 : 53;
2068 : 94;
2069 : C5;
206A : 4F;
206B : 84;
206C : 35;
206D : 87;
206E : 17;
206F : 50;
2070 : 8C;
2071 : 0F;
2072 : A0;
2073 : 54;
2074 : A9;
2075 : 88;
2076 : 01;
2077 : 30;
2078 : 8D;
2079 : 74;
207A : 56;
207B : 18;
207C : D4;
207D : 03;
207E : 10;
207F : 88;
2080 : 3C;
2081 : 1C;
2082 : 6A;
2083 : 24;
2084 : EB;
2085 : 04;
2086 : 2C;
2087 : 7A;
2088 : 05;
2089 : E2;
208A : 10;
208B : FD;
208C : 8E;
208D : 31;
208E : 0F;
208F : B4;
2090 : B4;
2091 : FD;
2092 : 67;
2093 : 33;
2094 : 85;
2095 : 2C;
2096 : B6;
2097 : 5C;
2098 : B0;
2099 : B9;
209A : C2;
209B : FC;
209C : DA;
209D : B0;
209E : 8E;
209F : 9E;
20A0 : F4;
20A1 : AA;
20A2 : 10;
20A3 : 15;
20A4 : 6A;
20A5 : 20;
20A6 : F1;
20A7 : 21;
20A8 : 31;
20A9 : 4C;
20AA : F0;
20AB : 78;
20AC : 1C;
20AD : 62;
20AE : 03;
20AF : E8;
20B0 : 5A;
20B1 : 20;
20B2 : 1A;
20B3 : 10;
20B4 : 13;
20B5 : F6;
20B6 : 20;
20B7 : 48;
20B8 : BA;
20B9 : 8E;
20BA : 44;
20BB : EA;
20BC : 08;
20BD : 20;
20BE : 1E;
20BF : 37;
20C0 : F9;
20C1 : 71;
20C2 : 5C;
20C3 : CC;
20C4 : 19;
20C5 : 42;
20C6 : 2D;
20C7 : 26;
20C8 : FE;
20C9 : 88;
20CA : B6;
20CB : 00;
20CC : 05;
20CD : 88;
20CE : 84;
20CF : FF;
20D0 : 07;
20D1 : D0;
20D2 : 5D;
20D3 : 4C;
20D4 : EA;
20D5 : 13;
20D6 : 6C;
20D7 : 1C;
20D8 : 31;
20D9 : 42;
20DA : F0;
20DB : A1;
20DC : 03;
20DD : A4;
20DE : 0B;
20DF : C5;
20E0 : 3C;
20E1 : 98;
20E2 : A8;
20E3 : A4;
20E4 : 12;
20E5 : 8F;
20E6 : 34;
20E7 : 2F;
20E8 : 49;
20E9 : 8A;
20EA : 84;
20EB : 4A;
20EC : 1B;
20ED : 46;
20EE : D2;
20EF : 88;
20F0 : 86;
20F1 : 11;
20F2 : 80;
20F3 : 06;
20F4 : 35;
20F5 : EB;
20F6 : 44;
20F7 : 02;
20F8 : AE;
20F9 : 7C;
20FA : 16;
20FB : 80;
20FC : A1;
20FD : 1B;
20FE : A1;
20FF : 0A;
2100 : B9;
2101 : 06;
2102 : CC;
2103 : E2;
2104 : DC;
2105 : 8C;
2106 : 1A;
2107 : 10;
2108 : AD;
2109 : AC;
210A : 50;
210B : 47;
210C : E0;
210D : 89;
210E : 5C;
210F : 04;
2110 : A2;
2111 : 24;
2112 : D4;
2113 : 51;
2114 : 6C;
2115 : 48;
2116 : D6;
2117 : 61;
2118 : 44;
2119 : AE;
211A : 14;
211B : 7C;
211C : F1;
211D : 3D;
211E : A7;
211F : 98;
2120 : 18;
2121 : C0;
2122 : AB;
2123 : 15;
2124 : 3D;
2125 : 74;
2126 : 50;
2127 : B0;
2128 : 68;
2129 : 47;
212A : FC;
212B : CB;
212C : 08;
212D : 05;
212E : 66;
212F : 60;
2130 : 6D;
2131 : 13;
2132 : 36;
2133 : 50;
2134 : 2B;
2135 : C4;
2136 : 60;
2137 : 10;
2138 : AB;
2139 : C4;
213A : 0A;
213B : 00;
213C : 28;
213D : 00;
213E : A1;
213F : 22;
2140 : 2B;
2141 : A7;
2142 : 4C;
2143 : EB;
2144 : 09;
2145 : 1F;
2146 : 41;
2147 : 0B;
2148 : 41;
2149 : EF;
214A : CD;
214B : DD;
214C : 95;
214D : 0F;
214E : 2A;
214F : DF;
2150 : 0B;
2151 : 2C;
2152 : FD;
2153 : F5;
2154 : FC;
2155 : ED;
2156 : B4;
2157 : 2F;
2158 : C8;
2159 : 40;
215A : C1;
215B : 3A;
215C : CA;
215D : 62;
215E : 90;
215F : A9;
2160 : 24;
2161 : 1F;
2162 : 9A;
2163 : 1E;
2164 : 52;
2165 : AB;
2166 : AA;
2167 : 58;
2168 : 4A;
2169 : 6D;
216A : 2C;
216B : 21;
216C : 7C;
216D : 0B;
216E : 33;
216F : BE;
2170 : D1;
2171 : 1B;
2172 : 12;
2173 : 70;
2174 : 62;
2175 : 43;
2176 : B0;
2177 : 34;
2178 : F1;
2179 : 09;
217A : 15;
217B : AF;
217C : 19;
217D : 26;
217E : 2D;
217F : 51;
2180 : 5E;
2181 : 64;
2182 : 26;
2183 : 10;
2184 : 39;
2185 : 5F;
2186 : 4C;
2187 : 12;
2188 : 00;
2189 : 52;
218A : 01;
218B : 13;
218C : C1;
218D : EC;
218E : C5;
218F : 78;
2190 : 8C;
2191 : 29;
2192 : 66;
2193 : 3A;
2194 : 20;
2195 : 6F;
2196 : 8D;
2197 : 08;
2198 : 24;
2199 : 68;
219A : A2;
219B : C0;
219C : 2E;
219D : 4A;
219E : F1;
219F : 6D;
21A0 : D4;
21A1 : 69;
21A2 : 56;
21A3 : 7C;
21A4 : A6;
21A5 : 18;
21A6 : 7A;
21A7 : F2;
21A8 : 60;
21A9 : 1E;
21AA : E0;
21AB : B5;
21AC : 10;
21AD : 15;
21AE : A1;
21AF : 19;
21B0 : A7;
21B1 : 88;
21B2 : 26;
21B3 : 50;
21B4 : B5;
21B5 : E4;
21B6 : 4E;
21B7 : F8;
21B8 : E2;
21B9 : B1;
21BA : F9;
21BB : 0C;
21BC : 66;
21BD : 8D;
21BE : 60;
21BF : D8;
21C0 : 03;
21C1 : 24;
21C2 : 28;
21C3 : E8;
21C4 : 31;
21C5 : 0A;
21C6 : CC;
21C7 : 56;
21C8 : 48;
21C9 : 24;
21CA : 59;
21CB : 24;
21CC : 19;
21CD : 26;
21CE : 19;
21CF : 2E;
21D0 : 19;
21D1 : 20;
21D2 : 59;
21D3 : 2A;
21D4 : 59;
21D5 : 26;
21D6 : 51;
21D7 : D0;
21D8 : 49;
21D9 : 4D;
21DA : A8;
21DB : 50;
21DC : BB;
21DD : FC;
21DE : 02;
21DF : AD;
21E0 : 62;
21E1 : 0C;
21E2 : 0D;
21E3 : 23;
21E4 : E5;
21E5 : ED;
21E6 : A8;
21E7 : 47;
21E8 : 7D;
21E9 : EC;
21EA : E4;
21EB : 2A;
21EC : 67;
21ED : ED;
21EE : 0D;
21EF : EC;
21F0 : A8;
21F1 : 40;
21F2 : D8;
21F3 : 3C;
21F4 : D1;
21F5 : 22;
21F6 : 3C;
21F7 : E0;
21F8 : 20;
21F9 : F4;
21FA : C2;
21FB : 83;
21FC : 2F;
21FD : 41;
21FE : E9;
21FF : 6F;
2200 : 80;
2201 : 97;
2202 : 40;
2203 : A7;
2204 : A0;
2205 : 9A;
2206 : 83;
2207 : 99;
2208 : 6D;
2209 : D1;
220A : 4C;
220B : 57;
220C : EC;
220D : D5;
220E : B5;
220F : CD;
2210 : B2;
2211 : 8E;
2212 : 79;
2213 : 42;
2214 : 12;
2215 : 6D;
2216 : 1A;
2217 : 34;
2218 : 59;
2219 : 01;
221A : 0C;
221B : 01;
221C : 7A;
221D : 01;
221E : 63;
221F : 36;
2220 : 30;
2221 : 76;
2222 : 34;
2223 : 42;
2224 : 69;
2225 : F9;
2226 : 33;
2227 : 02;
2228 : 87;
2229 : 47;
222A : 61;
222B : 39;
222C : AA;
222D : 72;
222E : 08;
222F : 4A;
2230 : 87;
2231 : 66;
2232 : 72;
2233 : E8;
2234 : 49;
2235 : D4;
2236 : 0F;
2237 : 18;
2238 : C1;
2239 : 22;
223A : 03;
223B : 78;
223C : 10;
223D : E8;
223E : A9;
223F : F0;
2240 : C4;
2241 : 79;
2242 : F9;
2243 : E5;
2244 : C1;
2245 : 18;
2246 : C3;
2247 : 18;
2248 : D4;
2249 : 91;
224A : B0;
224B : 67;
224C : 06;
224D : FD;
224E : 49;
224F : 8B;
2250 : 24;
2251 : C1;
2252 : 78;
2253 : 61;
2254 : 34;
2255 : 7E;
2256 : 6C;
2257 : 0F;
2258 : 28;
2259 : 49;
225A : 42;
225B : 9C;
225C : FD;
225D : 89;
225E : 20;
225F : F2;
2260 : 48;
2261 : 42;
2262 : 5C;
2263 : 58;
2264 : 86;
2265 : 28;
2266 : 63;
2267 : 2A;
2268 : 1F;
2269 : 41;
226A : A8;
226B : 5C;
226C : 18;
226D : E8;
226E : EC;
226F : A0;
2270 : 36;
2271 : 28;
2272 : AA;
2273 : 72;
2274 : 10;
2275 : E2;
2276 : AC;
2277 : 44;
2278 : FE;
2279 : 37;
227A : 44;
227B : DC;
227C : 8E;
227D : 38;
227E : 1F;
227F : 69;
2280 : 78;
2281 : 39;
2282 : 22;
2283 : 00;
2284 : E8;
2285 : AB;
2286 : 3B;
2287 : 40;
2288 : 06;
2289 : 38;
228A : D5;
228B : D1;
228C : 1D;
228D : D1;
228E : 6D;
228F : 6F;
2290 : 6C;
2291 : 5C;
2292 : E6;
2293 : 6C;
2294 : 20;
2295 : 78;
2296 : 88;
2297 : 8A;
2298 : 78;
2299 : 8A;
229A : 89;
229B : 44;
229C : 38;
229D : 72;
229E : 18;
229F : 28;
22A0 : 02;
22A1 : 2A;
22A2 : 03;
22A3 : 7D;
22A4 : 3F;
22A5 : 2A;
22A6 : 04;
22A7 : 1F;
22A8 : 45;
22A9 : 65;
22AA : E8;
22AB : 86;
22AC : 2A;
22AD : 02;
22AE : 42;
22AF : 45;
22B0 : 48;
22B1 : FF;
22B2 : E5;
22B3 : 5D;
22B4 : CC;
22B5 : 9B;
22B6 : E0;
22B7 : 8C;
22B8 : 22;
22B9 : FF;
22BA : 54;
22BB : D5;
22BC : C1;
22BD : D0;
22BE : 51;
22BF : 1F;
22C0 : E0;
22C1 : 84;
22C2 : BD;
22C3 : 8F;
22C4 : 72;
22C5 : 18;
22C6 : E2;
22C7 : AD;
22C8 : 22;
22C9 : 02;
22CA : E1;
22CB : 89;
22CC : 8A;
22CD : 81;
22CE : E9;
22CF : EA;
22D0 : 05;
22D1 : 8C;
22D2 : 3A;
22D3 : 0A;
22D4 : 3A;
22D5 : FF;
22D6 : 90;
22D7 : 15;
22D8 : EB;
22D9 : 74;
22DA : 1A;
22DB : 8F;
22DC : 8D;
22DD : E0;
22DE : 9D;
22DF : CD;
22E0 : DA;
22E1 : 01;
22E2 : E0;
22E3 : 2D;
22E4 : 3D;
22E5 : 28;
22E6 : 8A;
22E7 : B8;
22E8 : 3E;
22E9 : E3;
22EA : 81;
22EB : 10;
22EC : EA;
22ED : 7B;
22EE : 90;
22EF : 3F;
22F0 : 72;
22F1 : BC;
22F2 : 9A;
22F3 : 40;
22F4 : 41;
22F5 : 27;
22F6 : 20;
22F7 : 05;
22F8 : 22;
22F9 : 0F;
22FA : 98;
22FB : 3B;
22FC : 94;
22FD : 06;
22FE : E8;
22FF : EC;
2300 : 20;
2301 : B5;
2302 : AB;
2303 : 02;
2304 : 70;
2305 : 9A;
2306 : 0C;
2307 : 28;
2308 : 6A;
2309 : 30;
230A : 14;
230B : 29;
230C : 18;
230D : 21;
230E : 8A;
230F : 50;
2310 : 29;
2311 : 54;
2312 : B5;
2313 : 01;
2314 : 38;
2315 : C4;
2316 : 98;
2317 : 0B;
2318 : B8;
2319 : 2D;
231A : 02;
231B : 2F;
231C : 0D;
231D : 2F;
231E : 2A;
231F : 04;
2320 : 09;
2321 : B4;
2322 : 0A;
2323 : 9A;
2324 : 14;
2325 : 28;
2326 : 02;
2327 : B9;
2328 : 0C;
2329 : E3;
232A : D2;
232B : FE;
232C : 29;
232D : 4B;
232E : 19;
232F : 98;
2330 : 29;
2331 : 88;
2332 : 37;
2333 : 82;
2334 : E9;
2335 : 2A;
2336 : 2C;
2337 : 8C;
2338 : F4;
2339 : 05;
233A : 2F;
233B : 2C;
233C : 79;
233D : 62;
233E : D9;
233F : F9;
2340 : 36;
2341 : 1D;
2342 : 5A;
2343 : 83;
2344 : D2;
2345 : ED;
2346 : 50;
2347 : 2A;
2348 : 78;
2349 : 34;
234A : B5;
234B : 10;
234C : 46;
234D : 44;
234E : 62;
234F : 3B;
2350 : D2;
2351 : 23;
2352 : 70;
2353 : FA;
2354 : 2B;
2355 : B4;
2356 : C2;
2357 : 88;
2358 : 10;
2359 : EA;
235A : 08;
235B : 25;
235C : 18;
235D : 25;
235E : 63;
235F : 0C;
2360 : 85;
2361 : 40;
2362 : 5E;
2363 : 00;
2364 : 00;
2365 : AA;
2366 : 6F;
2367 : 50;
2368 : 70;
2369 : 04;
236A : 48;
236B : 40;
236C : EC;
236D : A0;
236E : 2A;
236F : 00;
2370 : ED;
2371 : AD;
2372 : 29;
2373 : 45;
2374 : 00;
2375 : 54;
2376 : 04;
2377 : D1;
2378 : 06;
2379 : 4A;
237A : C4;
237B : 46;
237C : 8C;
237D : 60;
237E : 38;
237F : 91;
2380 : C8;
2381 : 93;
2382 : C9;
2383 : 22;
2384 : 43;
2385 : 2C;
2386 : 08;
2387 : 2E;
2388 : 09;
2389 : D4;
238A : 9D;
238B : 23;
238C : 83;
238D : 9D;
238E : 82;
238F : CA;
2390 : 9D;
2391 : 11;
2392 : 19;
2393 : 2E;
2394 : 8F;
2395 : C4;
2396 : A8;
2397 : 90;
2398 : 58;
2399 : 1A;
239A : 74;
239B : 18;
239C : 41;
239D : EC;
239E : 00;
239F : 92;
23A0 : E4;
23A1 : A9;
23A2 : 10;
23A3 : C1;
23A4 : C4;
23A5 : 79;
23A6 : 79;
23A7 : F0;
23A8 : F9;
23A9 : C1;
23AA : E5;
23AB : F0;
23AC : 10;
23AD : 80;
23AE : DB;
23AF : 09;
23B0 : 36;
23B1 : F8;
23B2 : 93;
23B3 : 05;
23B4 : 57;
23B5 : 5C;
23B6 : B6;
23B7 : 20;
23B8 : A8;
23B9 : BB;
23BA : 91;
23BB : CC;
23BC : 64;
23BD : D8;
23BE : AC;
23BF : 1F;
23C0 : 1B;
23C1 : 5D;
23C2 : 6C;
23C3 : 6A;
23C4 : 00;
23C5 : 48;
23C6 : B4;
23C7 : 28;
23C8 : 52;
23C9 : 14;
23CA : 9A;
23CB : 50;
23CC : 08;
23CD : 2C;
23CE : AD;
23CF : 05;
23D0 : 32;
23D1 : E7;
23D2 : 95;
23D3 : 88;
23D4 : 03;
23D5 : A9;
23D6 : F0;
23D7 : 9C;
23D8 : 3F;
23D9 : A4;
23DA : 9D;
23DB : 0D;
23DC : 4C;
23DD : C4;
23DE : 72;
23DF : FC;
23E0 : 8D;
23E1 : 18;
23E2 : 45;
23E3 : 33;
23E4 : EC;
23E5 : 34;
23E6 : FB;
23E7 : A2;
23E8 : 58;
23E9 : 26;
23EA : 2F;
23EB : 30;
23EC : 71;
23ED : 83;
23EE : C7;
23EF : 8D;
23F0 : 54;
23F1 : 75;
23F2 : E7;
23F3 : A4;
23F4 : 9A;
23F5 : 81;
23F6 : 99;
23F7 : B1;
23F8 : 19;
23F9 : 28;
23FA : A8;
23FB : 90;
23FC : 18;
23FD : 34;
23FE : 2A;
23FF : B8;
2400 : 0B;
2401 : AD;
2402 : 18;
2403 : 3A;
2404 : 64;
2405 : A8;
2406 : A8;
2407 : 40;
2408 : 8A;
2409 : 19;
240A : 20;
240B : 88;
240C : AA;
240D : 40;
240E : 1A;
240F : 6C;
2410 : 1B;
2411 : 6B;
2412 : A8;
2413 : 46;
2414 : 59;
2415 : 0C;
2416 : 90;
2417 : FC;
2418 : 70;
2419 : 01;
241A : 2C;
241B : 02;
241C : 2E;
241D : 03;
241E : 9E;
241F : 85;
2420 : 9D;
2421 : 84;
2422 : 66;
2423 : 7A;
2424 : 8C;
2425 : 03;
2426 : 05;
2427 : 42;
2428 : 60;
2429 : 2E;
242A : 58;
242B : 84;
242C : A1;
242D : 2B;
242E : A1;
242F : 18;
2430 : B8;
2431 : 1A;
2432 : 70;
2433 : 29;
2434 : 1B;
2435 : 69;
2436 : 1C;
2437 : AD;
2438 : 1D;
2439 : 49;
243A : 84;
243B : B4;
243C : 08;
243D : 21;
243E : 18;
243F : FD;
2440 : ED;
2441 : E9;
2442 : 7D;
2443 : 70;
2444 : 43;
2445 : 0C;
2446 : D4;
2447 : 80;
2448 : 80;
2449 : 8C;
244A : 18;
244B : 21;
244C : 06;
244D : D8;
244E : D4;
244F : 98;
2450 : 84;
2451 : 90;
2452 : 37;
2453 : 82;
2454 : D5;
2455 : 52;
2456 : 2D;
2457 : 97;
2458 : 00;
2459 : 47;
245A : 55;
245B : 07;
245C : 98;
245D : 2C;
245E : 20;
245F : 15;
2460 : F0;
2461 : C8;
2462 : A3;
2463 : 64;
2464 : 16;
2465 : 49;
2466 : 6A;
2467 : 61;
2468 : 16;
2469 : 86;
246A : 6C;
246B : B3;
246C : 12;
246D : 5D;
246E : 47;
246F : 88;
2470 : BA;
2471 : 08;
2472 : 00;
2473 : C1;
2474 : 17;
2475 : AA;
2476 : 90;
2477 : 24;
2478 : 96;
2479 : 1A;
247A : 97;
247B : 4A;
247C : 42;
247D : 94;
247E : F0;
247F : 2D;
2480 : 6A;
2481 : 94;
2482 : AE;
2483 : 68;
2484 : 4A;
2485 : 22;
2486 : F7;
2487 : 14;
2488 : 23;
2489 : 22;
248A : 42;
248B : 4A;
248C : B8;
248D : F9;
248E : 20;
248F : B9;
2490 : A8;
2491 : C1;
2492 : 92;
2493 : 94;
2494 : 84;
2495 : 4A;
2496 : CC;
2497 : 0D;
2498 : 11;
2499 : CE;
249A : FC;
249B : F9;
249C : 9B;
249D : 08;
249E : 10;
249F : 00;
24A0 : 2A;
24A1 : 2C;
24A2 : 14;
24A3 : 59;
24A4 : CD;
24A5 : 18;
24A6 : 10;
24A7 : 2B;
24A8 : 29;
24A9 : CB;
24AA : 37;
24AB : 31;
24AC : 15;
24AD : 68;
24AE : 14;
24AF : 8B;
24B0 : 42;
24B1 : 2A;
24B2 : 42;
24B3 : 1B;
24B4 : 79;
24B5 : 1E;
24B6 : 06;
24B7 : 44;
24B8 : 28;
24B9 : 08;
24BA : 22;
24BB : 1F;
24BC : 40;
24BD : 5A;
24BE : 4A;
24BF : A6;
24C0 : 09;
24C1 : 83;
24C2 : 06;
24C3 : 70;
24C4 : 0C;
24C5 : A6;
24C6 : 01;
24C7 : 9A;
24C8 : 1C;
24C9 : 28;
24CA : 74;
24CB : 28;
24CC : 89;
24CD : 28;
24CE : 29;
24CF : 35;
24D0 : 1C;
24D1 : 5F;
24D2 : 58;
24D3 : 75;
24D4 : B5;
24D5 : 54;
24D6 : 8B;
24D7 : 3C;
24D8 : DC;
24D9 : 45;
24DA : 1A;
24DB : 9C;
24DC : 8C;
24DD : 6D;
24DE : 4D;
24DF : 8C;
24E0 : 27;
24E1 : 10;
24E2 : 48;
24E3 : 6D;
24E4 : C4;
24E5 : CD;
24E6 : DD;
24E7 : 10;
24E8 : 17;
24E9 : 34;
24EA : D5;
24EB : 56;
24EC : FC;
24ED : 08;
24EE : 5D;
24EF : 0A;
24F0 : E9;
24F1 : ED;
24F2 : 11;
24F3 : 01;
24F4 : FF;
24F5 : E4;
24F6 : 24;
24F7 : 81;
24F8 : 60;
24F9 : 02;
24FA : E0;
24FB : 81;
24FC : 8D;
24FD : C9;
24FE : FF;
24FF : D8;
2500 : 4E;
2501 : 5D;
2502 : 78;
2503 : 8D;
2504 : 30;
2505 : 30;
2506 : 11;
2507 : 68;
2508 : B0;
2509 : A8;
250A : 1C;
250B : 26;
250C : 24;
250D : 27;
250E : 18;
250F : 22;
2510 : 50;
2511 : 28;
2512 : 6C;
2513 : 8A;
2514 : 12;
2515 : 41;
2516 : 12;
2517 : A1;
2518 : 68;
2519 : B8;
251A : 1B;
251B : ED;
251C : 27;
251D : 24;
251E : 09;
251F : 67;
2520 : 06;
2521 : 6D;
2522 : 41;
2523 : 13;
2524 : 52;
2525 : 85;
2526 : 1B;
2527 : 56;
2528 : C2;
2529 : 44;
252A : 02;
252B : 76;
252C : A1;
252D : 60;
252E : D2;
252F : 02;
2530 : 16;
2531 : 00;
2532 : 86;
2533 : 02;
2534 : BC;
2535 : B5;
2536 : 16;
2537 : 50;
2538 : F1;
2539 : C0;
253A : 38;
253B : 50;
253C : 6F;
253D : AF;
253E : C8;
253F : 4A;
2540 : 81;
2541 : 66;
2542 : EC;
2543 : D8;
2544 : 31;
2545 : F8;
2546 : 60;
2547 : 10;
2548 : DC;
2549 : 9A;
254A : 17;
254B : 70;
254C : 06;
254D : 0D;
254E : 5C;
254F : 8D;
2550 : 49;
2551 : 88;
2552 : D7;
2553 : 1C;
2554 : D7;
2555 : 08;
2556 : 71;
2557 : 30;
2558 : 88;
2559 : 2C;
255A : 26;
255B : 48;
255C : 90;
255D : 28;
255E : 68;
255F : 8E;
2560 : 08;
2561 : 2B;
2562 : 10;
2563 : 8C;
2564 : 43;
2565 : 57;
2566 : 00;
2567 : 8B;
2568 : 80;
2569 : 25;
256A : 40;
256B : 2C;
256C : 6C;
256D : 96;
256E : E8;
256F : 23;
2570 : 0C;
2571 : 0C;
2572 : 66;
2573 : 78;
2574 : 26;
2575 : 3E;
2576 : 22;
2577 : 29;
2578 : 28;
2579 : 24;
257A : AA;
257B : 26;
257C : 18;
257D : 28;
257E : 24;
257F : C2;
2580 : 2A;
2581 : B9;
2582 : F4;
2583 : 2A;
2584 : 87;
2585 : 02;
2586 : C4;
2587 : B1;
2588 : 50;
2589 : 57;
258A : 04;
258B : 28;
258C : 24;
258D : 75;
258E : DB;
258F : 10;
2590 : 04;
2591 : 51;
2592 : A9;
2593 : A8;
2594 : 94;
2595 : A0;
2596 : 24;
2597 : 88;
2598 : F5;
2599 : 1E;
259A : 69;
259B : 26;
259C : 6A;
259D : 24;
259E : 83;
259F : 42;
25A0 : C3;
25A1 : 90;
25A2 : 5D;
25A3 : 0C;
25A4 : BC;
25A5 : 5E;
25A6 : 89;
25A7 : 5A;
25A8 : 98;
25A9 : B5;
25AA : 1E;
25AB : 02;
25AC : 3C;
25AD : CA;
25AE : D0;
25AF : F4;
25B0 : 1A;
25B1 : ED;
25B2 : 2B;
25B3 : 78;
25B4 : 1F;
25B5 : 2B;
25B6 : FC;
25B7 : 20;
25B8 : B3;
25B9 : E4;
25BA : E7;
25BB : 6D;
25BC : FC;
25BD : 77;
25BE : 28;
25BF : 54;
25C0 : 97;
25C1 : 50;
25C2 : 55;
25C3 : F7;
25C4 : 30;
25C5 : 2C;
25C6 : 29;
25C7 : 06;
25C8 : 0E;
25C9 : 19;
25CA : 25;
25CB : 66;
25CC : 14;
25CD : 3B;
25CE : A8;
25CF : 19;
25D0 : E1;
25D1 : DD;
25D2 : 30;
25D3 : 21;
25D4 : 6A;
25D5 : 09;
25D6 : 6A;
25D7 : 04;
25D8 : 6A;
25D9 : 35;
25DA : AD;
25DB : 00;
25DC : 45;
25DD : F6;
25DE : B8;
25DF : 20;
25E0 : 74;
25E1 : 10;
25E2 : A2;
25E3 : B5;
25E4 : 58;
25E5 : F1;
25E6 : 1E;
25E7 : 9C;
25E8 : 83;
25E9 : 49;
25EA : C3;
25EB : 2F;
25EC : 03;
25ED : 10;
25EE : 7D;
25EF : 80;
25F0 : 57;
25F1 : 8C;
25F2 : 72;
25F3 : DD;
25F4 : 20;
25F5 : 44;
25F6 : 7C;
25F7 : C2;
25F8 : D1;
25F9 : 26;
25FA : 3E;
25FB : 3E;
25FC : CA;
25FD : 2C;
25FE : 48;
25FF : 7E;
2600 : BA;
2601 : F4;
2602 : FE;
2603 : 91;
2604 : 6A;
2605 : 97;
2606 : 6B;
2607 : 00;
2608 : 50;
2609 : 66;
260A : 78;
260B : 24;
260C : 6B;
260D : D5;
260E : EF;
260F : 3C;
2610 : 09;
2611 : 13;
2612 : 68;
2613 : 90;
2614 : EA;
2615 : 85;
2616 : 3A;
2617 : F5;
2618 : 0C;
2619 : 22;
261A : 86;
261B : 1C;
261C : A2;
261D : 09;
261E : 83;
261F : 36;
2620 : 2F;
2621 : 0A;
2622 : 6D;
2623 : 28;
2624 : E8;
2625 : 8A;
2626 : BC;
2627 : 58;
2628 : 00;
2629 : C1;
262A : E7;
262B : 4B;
262C : B1;
262D : 38;
262E : 24;
262F : 83;
2630 : 8B;
2631 : DC;
2632 : CC;
2633 : 54;
2634 : A6;
2635 : 65;
2636 : 2B;
2637 : 4D;
2638 : 4A;
2639 : 86;
263A : 67;
263B : 04;
263C : 25;
263D : 46;
263E : 0A;
263F : 90;
2640 : EB;
2641 : 85;
2642 : F0;
2643 : 45;
2644 : D0;
2645 : 81;
2646 : 17;
2647 : 30;
2648 : A0;
2649 : 25;
264A : BF;
264B : 2A;
264C : 49;
264D : D5;
264E : F4;
264F : ED;
2650 : 69;
2651 : 30;
2652 : 5D;
2653 : 4A;
2654 : 74;
2655 : AF;
2656 : 36;
2657 : 2A;
2658 : B9;
2659 : AF;
265A : D9;
265B : 08;
265C : CD;
265D : FD;
265E : F4;
265F : 31;
2660 : 6C;
2661 : 9C;
2662 : C4;
2663 : 25;
2664 : 75;
2665 : AF;
2666 : EC;
2667 : 79;
2668 : E7;
2669 : 89;
266A : 51;
266B : A6;
266C : A8;
266D : 7A;
266E : FF;
266F : 66;
2670 : F5;
2671 : 15;
2672 : ED;
2673 : 0C;
2674 : 05;
2675 : E3;
2676 : C8;
2677 : FE;
2678 : 46;
2679 : 05;
267A : 7B;
267B : DC;
267C : 60;
267D : 61;
267E : 54;
267F : A1;
2680 : 4C;
2681 : AA;
2682 : C4;
2683 : 04;
2684 : A4;
2685 : 2B;
2686 : 2B;
2687 : 7C;
2688 : 40;
2689 : 48;
268A : 00;
268B : 6B;
268C : 2F;
268D : 6A;
268E : 58;
268F : 2A;
2690 : 34;
2691 : 0A;
2692 : 50;
2693 : CA;
2694 : 50;
2695 : 78;
2696 : C1;
2697 : 58;
2698 : 18;
2699 : F8;
269A : 9D;
269B : 81;
269C : 12;
269D : 29;
269E : C1;
269F : 71;
26A0 : 2E;
26A1 : 44;
26A2 : F5;
26A3 : 7D;
26A4 : 06;
26A5 : E1;
26A6 : 88;
26A7 : FD;
26A8 : BA;
26A9 : 38;
26AA : ED;
26AB : 07;
26AC : 87;
26AD : 8A;
26AE : 80;
26AF : 82;
26B0 : 80;
26B1 : 29;
26B2 : 6A;
26B3 : A8;
26B4 : 81;
26B5 : 22;
26B6 : 21;
26B7 : 41;
26B8 : 62;
26B9 : 28;
26BA : 18;
26BB : 7C;
26BC : ED;
26BD : 11;
26BE : F6;
26BF : 54;
26C0 : 75;
26C1 : 26;
26C2 : 21;
26C3 : 40;
26C4 : DA;
26C5 : A8;
26C6 : 98;
26C7 : A9;
26C8 : 46;
26C9 : 28;
26CA : A1;
26CB : 28;
26CC : A0;
26CD : 28;
26CE : A0;
26CF : 21;
26D0 : AA;
26D1 : 30;
26D2 : 2A;
26D3 : 1A;
26D4 : 0E;
26D5 : 6A;
26D6 : 86;
26D7 : 87;
26D8 : 09;
26D9 : E8;
26DA : D5;
26DB : E4;
26DC : 8C;
26DD : FE;
26DE : A4;
26DF : 3D;
26E0 : 48;
26E1 : 8A;
26E2 : 78;
26E3 : 0A;
26E4 : 22;
26E5 : FD;
26E6 : 82;
26E7 : 1B;
26E8 : 1A;
26E9 : 75;
26EA : 85;
26EB : 21;
26EC : 98;
26ED : F5;
26EE : A5;
26EF : D2;
26F0 : D4;
26F1 : DE;
26F2 : 04;
26F3 : 80;
26F4 : 27;
26F5 : 30;
26F6 : 3C;
26F7 : 0D;
26F8 : 31;
26F9 : F2;
26FA : 90;
26FB : A9;
26FC : A3;
26FD : 5C;
26FE : 40;
26FF : 28;
2700 : 7C;
2701 : 8C;
2702 : BB;
2703 : 09;
2704 : 2B;
2705 : 11;
2706 : 14;
2707 : 42;
2708 : 80;
2709 : CE;
270A : 00;
270B : 25;
270C : F4;
270D : 3C;
270E : A2;
270F : 6A;
2710 : 86;
2711 : 28;
2712 : 24;
2713 : F4;
2714 : 4C;
2715 : 92;
2716 : E9;
2717 : C2;
2718 : 26;
2719 : 81;
271A : 85;
271B : 2C;
271C : B6;
271D : 1D;
271E : 39;
271F : E3;
2720 : 30;
2721 : A1;
2722 : 0E;
2723 : 29;
2724 : 6A;
2725 : BD;
2726 : 14;
2727 : 85;
2728 : 16;
2729 : AA;
272A : A4;
272B : 0B;
272C : 1A;
272D : 03;
272E : 1A;
272F : D6;
2730 : A5;
2731 : 0B;
2732 : A0;
2733 : 04;
2734 : 88;
2735 : FC;
2736 : E0;
2737 : 36;
2738 : F5;
2739 : 20;
273A : 3C;
273B : 0C;
273C : 89;
273D : 38;
273E : 20;
273F : B6;
2740 : 14;
2741 : FC;
2742 : 36;
2743 : C3;
2744 : CE;
2745 : 8A;
2746 : 84;
2747 : 30;
2748 : 26;
2749 : 28;
274A : 5F;
274B : 88;
274C : 00;
274D : 22;
274E : 50;
274F : 98;
2750 : FF;
2751 : B3;
2752 : 02;
2753 : 52;
2754 : FC;
2755 : 9E;
2756 : 20;
2757 : 83;
2758 : 20;
2759 : D0;
275A : 88;
275B : E2;
275C : 88;
275D : D5;
275E : 02;
275F : B4;
2760 : 94;
2761 : B9;
2762 : 0F;
2763 : 63;
2764 : 1A;
2765 : 72;
2766 : 02;
2767 : 74;
2768 : 01;
2769 : 78;
276A : 04;
276B : E4;
276C : 88;
276D : D2;
276E : 81;
276F : D4;
2770 : D8;
2771 : 96;
2772 : 53;
2773 : CC;
2774 : FF;
2775 : F2;
2776 : 63;
2777 : 06;
2778 : 60;
2779 : FC;
277A : D1;
277B : C9;
277C : F3;
277D : 64;
277E : 38;
277F : B4;
2780 : 21;
2781 : AA;
2782 : D9;
2783 : 14;
2784 : 01;
2785 : 3A;
2786 : F0;
2787 : DE;
2788 : 0C;
2789 : 5C;
278A : 21;
278B : F3;
278C : 6A;
278D : B8;
278E : 10;
278F : E8;
2790 : BA;
2791 : 80;
2792 : 24;
2793 : DA;
2794 : 38;
2795 : 61;
2796 : 21;
2797 : 73;
2798 : BC;
2799 : 18;
279A : DA;
279B : 60;
279C : 18;
279D : 94;
279E : 65;
279F : E0;
27A0 : 42;
27A1 : A7;
27A2 : A1;
27A3 : 03;
27A4 : A4;
27A5 : 2A;
27A6 : 8C;
27A7 : 04;
27A8 : 1C;
27A9 : 1D;
27AA : 64;
27AB : B5;
27AC : 20;
27AD : 44;
27AE : E9;
27AF : 28;
27B0 : 24;
27B1 : D5;
27B2 : D5;
27B3 : 31;
27B4 : AC;
27B5 : 44;
27B6 : 22;
27B7 : D9;
27B8 : 70;
27B9 : D0;
27BA : 14;
27BB : 10;
27BC : 11;
27BD : E9;
27BE : 1C;
27BF : 17;
27C0 : D6;
27C1 : 00;
27C2 : 9E;
27C3 : 01;
27C4 : EE;
27C5 : 08;
27C6 : EC;
27C7 : B1;
27C8 : 1D;
27C9 : 65;
27CA : 7C;
27CB : C1;
27CC : A9;
27CD : A8;
27CE : 10;
27CF : 3F;
27D0 : F8;
27D1 : 11;
27D2 : FD;
27D3 : 78;
27D4 : E1;
27D5 : 58;
27D6 : B0;
27D7 : 4A;
27D8 : 08;
27D9 : A6;
27DA : 0B;
27DB : AA;
27DC : 0A;
27DD : 09;
27DE : 94;
27DF : 02;
27E0 : 8D;
27E1 : 67;
27E2 : 24;
27E3 : 5C;
27E4 : D8;
27E5 : 31;
27E6 : 7A;
27E7 : D8;
27E8 : 08;
27E9 : 68;
27EA : 00;
27EB : 0E;
27EC : BC;
27ED : D6;
27EE : 01;
27EF : AD;
27F0 : 02;
27F1 : 1F;
27F2 : 14;
27F3 : F5;
27F4 : 10;
27F5 : C6;
27F6 : 10;
27F7 : B0;
27F8 : 4C;
27F9 : 67;
27FA : AC;
27FB : 06;
27FC : B1;
27FD : A8;
27FE : 3E;
27FF : 28;
2800 : A3;
2801 : 28;
2802 : 44;
2803 : A7;
2804 : 69;
2805 : 2C;
2806 : 12;
2807 : CC;
2808 : B1;
2809 : 15;
280A : 23;
280B : 84;
280C : BA;
280D : 5D;
280E : 12;
280F : F8;
2810 : C4;
2811 : 1C;
2812 : 47;
2813 : 70;
2814 : DB;
2815 : B8;
2816 : 9D;
2817 : F9;
2818 : 0C;
2819 : 28;
281A : 12;
281B : A3;
281C : 48;
281D : 04;
281E : 2A;
281F : 62;
2820 : C4;
2821 : F0;
2822 : 08;
2823 : ED;
2824 : B5;
2825 : 48;
2826 : 0A;
2827 : D9;
2828 : 2A;
2829 : 1D;
282A : 47;
282B : 71;
282C : 50;
282D : 82;
282E : FC;
282F : B5;
2830 : 01;
2831 : 0A;
2832 : F9;
2833 : 04;
2834 : A6;
2835 : 01;
2836 : D9;
2837 : 0C;
2838 : AC;
2839 : A0;
283A : 26;
283B : 3B;
283C : E7;
283D : 92;
283E : 56;
283F : CC;
2840 : BF;
2841 : 6E;
2842 : C0;
2843 : 46;
2844 : 4D;
2845 : 21;
2846 : F0;
2847 : 44;
2848 : 9F;
2849 : 60;
284A : 0C;
284B : 82;
284C : 5D;
284D : 41;
284E : A3;
284F : 21;
2850 : 63;
2851 : 56;
2852 : A9;
2853 : D4;
2854 : 6C;
2855 : 6A;
2856 : 0C;
2857 : AC;
2858 : 6A;
2859 : 0E;
285A : 85;
285B : 0B;
285C : B5;
285D : 5E;
285E : 57;
285F : DC;
2860 : 28;
2861 : 02;
2862 : 0B;
2863 : 66;
2864 : 96;
2865 : C0;
2866 : A3;
2867 : 1F;
2868 : 3E;
2869 : D5;
286A : AD;
286B : 98;
286C : 08;
286D : 52;
286E : 09;
286F : 97;
2870 : 0D;
2871 : 55;
2872 : 69;
2873 : AD;
2874 : 44;
2875 : A0;
2876 : 02;
2877 : 8A;
2878 : 27;
2879 : 43;
287A : 70;
287B : 50;
287C : 27;
287D : 46;
287E : 69;
287F : A5;
2880 : 27;
2881 : A6;
2882 : 27;
2883 : 26;
2884 : 39;
2885 : 4E;
2886 : F5;
2887 : 4B;
2888 : E9;
2889 : 68;
288A : 99;
288B : 5C;
288C : B3;
288D : F9;
288E : C0;
288F : C1;
2890 : FC;
2891 : 59;
2892 : E8;
2893 : EB;
2894 : F8;
2895 : 3C;
2896 : 5E;
2897 : 80;
2898 : BD;
2899 : 28;
289A : A5;
289B : 54;
289C : 28;
289D : 34;
289E : 9D;
289F : 38;
28A0 : 26;
28A1 : A1;
28A2 : 28;
28A3 : C3;
28A4 : 28;
28A5 : 67;
28A6 : 46;
28A7 : 26;
28A8 : 2A;
28A9 : DC;
28AA : 23;
28AB : 1A;
28AC : 08;
28AD : 6D;
28AE : 08;
28AF : 46;
28B0 : 3C;
28B1 : A4;
28B2 : 12;
28B3 : 8A;
28B4 : 20;
28B5 : 43;
28B6 : 8C;
28B7 : 2A;
28B8 : 5F;
28B9 : E1;
28BA : 30;
28BB : D1;
28BC : 7C;
28BD : D8;
28BE : FC;
28BF : 9D;
28C0 : A5;
28C1 : CC;
28C2 : FB;
28C3 : D0;
28C4 : 43;
28C5 : 5F;
28C6 : 48;
28C7 : E3;
28C8 : BC;
28C9 : 91;
28CA : AB;
28CB : 71;
28CC : 5D;
28CD : D4;
28CE : C9;
28CF : E2;
28D0 : D0;
28D1 : F0;
28D2 : 12;
28D3 : 36;
28D4 : 84;
28D5 : BF;
28D6 : 4A;
28D7 : 90;
28D8 : 5B;
28D9 : AB;
28DA : D8;
28DB : 67;
28DC : 2D;
28DD : 20;
28DE : 29;
28DF : 44;
28E0 : FD;
28E1 : F9;
28E2 : 24;
28E3 : 54;
28E4 : 22;
28E5 : DC;
28E6 : 8D;
28E7 : A0;
28E8 : 44;
28E9 : E3;
28EA : 80;
28EB : D3;
28EC : AB;
28ED : 80;
28EE : 55;
28EF : 8B;
28F0 : 2A;
28F1 : 2B;
28F2 : 00;
28F3 : 50;
28F4 : DB;
28F5 : 80;
28F6 : 27;
28F7 : 45;
28F8 : B8;
28F9 : 87;
28FA : B5;
28FB : 24;
28FC : 64;
28FD : 18;
28FE : 27;
28FF : 4C;
2900 : 04;
2901 : 36;
2902 : A8;
2903 : 2B;
2904 : 22;
2905 : 6B;
2906 : 48;
2907 : 54;
2908 : F1;
2909 : 8C;
290A : 55;
290B : F2;
290C : 80;
290D : 9D;
290E : 0E;
290F : 4A;
2910 : 02;
2911 : 67;
2912 : 16;
2913 : DC;
2914 : 2C;
2915 : 09;
2916 : FE;
2917 : 99;
2918 : D4;
2919 : 00;
291A : 7F;
291B : C8;
291C : 42;
291D : 08;
291E : 06;
291F : 35;
2920 : 5C;
2921 : 3C;
2922 : 52;
2923 : 20;
2924 : A2;
2925 : 0A;
2926 : 9D;
2927 : 24;
2928 : E2;
2929 : E4;
292A : EF;
292B : 84;
292C : 2F;
292D : 24;
292E : EB;
292F : 7B;
2930 : 95;
2931 : 9A;
2932 : 68;
2933 : 44;
2934 : 8B;
2935 : 18;
2936 : 10;
2937 : 66;
2938 : 50;
2939 : 0A;
293A : FC;
293B : 86;
293C : 0F;
293D : 37;
293E : 0A;
293F : 0C;
2940 : 28;
2941 : BC;
2942 : 70;
2943 : DF;
2944 : 5C;
2945 : E1;
2946 : 22;
2947 : E8;
2948 : E0;
2949 : 38;
294A : A1;
294B : F8;
294C : F2;
294D : 5A;
294E : 49;
294F : C2;
2950 : 85;
2951 : 58;
2952 : 74;
2953 : F1;
2954 : 88;
2955 : 46;
2956 : 45;
2957 : B3;
2958 : 24;
2959 : 88;
295A : 89;
295B : 20;
295C : 38;
295D : A0;
295E : 14;
295F : A7;
2960 : 26;
2961 : 8A;
2962 : 44;
2963 : 26;
2964 : 0B;
2965 : 53;
2966 : 10;
2967 : B8;
2968 : 34;
2969 : 3C;
296A : 22;
296B : 40;
296C : 14;
296D : 0A;
296E : 02;
296F : 7D;
2970 : 33;
2971 : 9B;
2972 : 91;
2973 : 08;
2974 : 02;
2975 : 82;
2976 : 99;
2977 : 2D;
2978 : FF;
2979 : 60;
297A : 32;
297B : A3;
297C : 3A;
297D : 83;
297E : E1;
297F : 0C;
2980 : 6A;
2981 : 04;
2982 : 02;
2983 : 40;
2984 : 67;
2985 : 14;
2986 : A8;
2987 : 84;
2988 : 92;
2989 : EE;
298A : 0D;
298B : 70;
298C : C5;
298D : E2;
298E : 16;
298F : E4;
2990 : 82;
2991 : A4;
2992 : 38;
2993 : 60;
2994 : 08;
2995 : CC;
2996 : A6;
2997 : 98;
2998 : D0;
2999 : 80;
299A : 2B;
299B : 68;
299C : 14;
299D : 00;
299E : 7D;
299F : 90;
29A0 : F4;
29A1 : DC;
29A2 : 71;
29A3 : 68;
29A4 : A4;
29A5 : 1C;
29A6 : A0;
29A7 : 3A;
29A8 : DE;
29A9 : 34;
29AA : 20;
29AB : EE;
29AC : 9E;
29AD : D5;
29AE : F5;
29AF : D4;
29B0 : E4;
29B1 : 70;
29B2 : CE;
29B3 : 22;
29B4 : 53;
29B5 : B3;
29B6 : C3;
29B7 : 67;
29B8 : 50;
29B9 : 00;
29BA : 35;
29BB : 6F;
29BC : 4A;
29BD : E9;
29BE : 34;
29BF : 28;
29C0 : C0;
29C1 : 1F;
29C2 : B4;
29C3 : 5C;
29C4 : 4C;
29C5 : C0;
29C6 : 5A;
29C7 : D1;
29C8 : 43;
29C9 : 4D;
29CA : 7D;
29CB : 58;
29CC : 63;
29CD : 74;
29CE : DD;
29CF : E0;
29D0 : 76;
29D1 : 68;
29D2 : 8D;
29D3 : AC;
29D4 : 72;
29D5 : F0;
29D6 : 9A;
29D7 : 6C;
29D8 : 2C;
29D9 : 4B;
29DA : 17;
29DB : 12;
29DC : 41;
29DD : 63;
29DE : 15;
29DF : 27;
29E0 : 6B;
29E1 : 52;
29E2 : 39;
29E3 : 23;
29E4 : 37;
29E5 : 6B;
29E6 : 0C;
29E7 : 99;
29E8 : 6B;
29E9 : 38;
29EA : 2E;
29EB : 54;
29EC : 88;
29ED : D0;
29EE : 18;
29EF : 14;
29F0 : 67;
29F1 : 26;
29F2 : 36;
29F3 : 2B;
29F4 : 00;
29F5 : 1A;
29F6 : 0C;
29F7 : 43;
29F8 : C6;
29F9 : 41;
29FA : C1;
29FB : 76;
29FC : 47;
29FD : C4;
29FE : 70;
29FF : 12;
2A00 : 68;
2A01 : D6;
2A02 : 74;
2A03 : B4;
2A04 : 16;
2A05 : 2B;
2A06 : A8;
2A07 : 03;
2A08 : 1E;
2A09 : B8;
2A0A : 8B;
2A0B : 37;
2A0C : 1C;
2A0D : 60;
2A0E : 70;
2A0F : 62;
2A10 : 5C;
2A11 : 0C;
2A12 : 3D;
2A13 : E9;
2A14 : 41;
2A15 : 89;
2A16 : 40;
2A17 : D1;
2A18 : 90;
2A19 : 43;
2A1A : E8;
2A1B : 48;
2A1C : E5;
2A1D : 9B;
2A1E : 21;
2A1F : 49;
2A20 : A8;
2A21 : EA;
2A22 : F1;
2A23 : E8;
2A24 : 38;
2A25 : 69;
2A26 : 40;
2A27 : A6;
2A28 : 24;
2A29 : 9A;
2A2A : 24;
2A2B : 28;
2A2C : 69;
2A2D : 2C;
2A2E : A6;
2A2F : 2C;
2A30 : 9B;
2A31 : 30;
2A32 : 0C;
2A33 : F0;
2A34 : 4D;
2A35 : 89;
2A36 : 0E;
2A37 : 5C;
2A38 : C0;
2A39 : 22;
2A3A : 6A;
2A3B : B5;
2A3C : 0C;
2A3D : 9C;
2A3E : 69;
2A3F : 1B;
2A40 : D0;
2A41 : 01;
2A42 : B0;
2A43 : 28;
2A44 : 0E;
2A45 : 64;
2A46 : 39;
2A47 : 08;
2A48 : 47;
2A49 : 81;
2A4A : A6;
2A4B : 18;
2A4C : 25;
2A4D : 4B;
2A4E : 1C;
2A4F : 23;
2A50 : 48;
2A51 : AA;
2A52 : 0C;
2A53 : E9;
2A54 : A6;
2A55 : 0C;
2A56 : C0;
2A57 : 1C;
2A58 : 7F;
2A59 : 24;
2A5A : 25;
2A5B : A2;
2A5C : A4;
2A5D : 08;
2A5E : 20;
2A5F : EA;
2A60 : B4;
2A61 : 08;
2A62 : 9F;
2A63 : 06;
2A64 : 21;
2A65 : 69;
2A66 : D5;
2A67 : BE;
2A68 : B9;
2A69 : 22;
2A6A : F5;
2A6B : F9;
2A6C : ED;
2A6D : 88;
2A6E : CD;
2A6F : 20;
2A70 : 14;
2A71 : 6A;
2A72 : 1C;
2A73 : 22;
2A74 : 77;
2A75 : E4;
2A76 : C4;
2A77 : 57;
2A78 : B8;
2A79 : 8C;
2A7A : 4A;
2A7B : 88;
2A7C : B0;
2A7D : 05;
2A7E : B0;
2A7F : 52;
2A80 : 81;
2A81 : A2;
2A82 : 48;
2A83 : 06;
2A84 : B2;
2A85 : 2F;
2A86 : 4C;
2A87 : 59;
2A88 : A8;
2A89 : D8;
2A8A : 18;
2A8B : 8F;
2A8C : 66;
2A8D : EC;
2A8E : 8D;
2A8F : C5;
2A90 : A9;
2A91 : 4C;
2A92 : 60;
2A93 : A3;
2A94 : 30;
2A95 : 51;
2A96 : F1;
2A97 : 2C;
2A98 : 12;
2A99 : 74;
2A9A : 98;
2A9B : 3C;
2A9C : 2A;
2A9D : 18;
2A9E : A9;
2A9F : 2E;
2AA0 : 2A;
2AA1 : 76;
2AA2 : 01;
2AA3 : 2A;
2AA4 : 58;
2AA5 : 26;
2AA6 : 6C;
2AA7 : 14;
2AA8 : 9D;
2AA9 : 53;
2AAA : 86;
2AAB : 90;
2AAC : A7;
2AAD : F0;
2AAE : 18;
2AAF : 26;
2AB0 : 92;
2AB1 : 41;
2AB2 : 1A;
2AB3 : D8;
2AB4 : 80;
2AB5 : 08;
2AB6 : 34;
2AB7 : D1;
2AB8 : E5;
2AB9 : 06;
2ABA : 3C;
2ABB : 53;
2ABC : B1;
2ABD : D7;
2ABE : A8;
2ABF : 74;
2AC0 : 55;
2AC1 : 56;
2AC2 : 34;
2AC3 : 34;
2AC4 : 12;
2AC5 : 25;
2AC6 : 88;
2AC7 : 68;
2AC8 : C4;
2AC9 : D2;
2ACA : 80;
2ACB : 1A;
2ACC : 38;
2ACD : E9;
2ACE : 9F;
2ACF : E4;
2AD0 : C4;
2AD1 : 64;
2AD2 : 24;
2AD3 : 40;
2AD4 : B5;
2AD5 : 4C;
2AD6 : 06;
2AD7 : 48;
2AD8 : CE;
2AD9 : 8C;
2ADA : A3;
2ADB : 07;
2ADC : 25;
2ADD : 4C;
2ADE : 31;
2ADF : C5;
2AE0 : 0F;
2AE1 : C9;
2AE2 : 05;
2AE3 : 41;
2AE4 : A9;
2AE5 : 00;
2AE6 : 34;
2AE7 : A6;
2AE8 : 24;
2AE9 : 99;
2AEA : 28;
2AEB : DD;
2AEC : 2C;
2AED : 52;
2AEE : AB;
2AEF : 8D;
2AF0 : 01;
2AF1 : 32;
2AF2 : 74;
2AF3 : 6C;
2AF4 : 0A;
2AF5 : 06;
2AF6 : 83;
2AF7 : 50;
2AF8 : 7B;
2AF9 : 98;
2AFA : 44;
2AFB : 53;
2AFC : BD;
2AFD : 5C;
2AFE : 45;
2AFF : FA;
2B00 : 00;
2B01 : A0;
2B02 : C4;
2B03 : 48;
2B04 : 2A;
2B05 : 58;
2B06 : 4C;
2B07 : C0;
2B08 : 4B;
2B09 : A8;
2B0A : 10;
2B0B : A8;
2B0C : 4C;
2B0D : 45;
2B0E : D5;
2B0F : 52;
2B10 : B4;
2B11 : AA;
2B12 : 3C;
2B13 : 47;
2B14 : 9A;
2B15 : 44;
2B16 : 25;
2B17 : 4D;
2B18 : C5;
2B19 : 60;
2B1A : AC;
2B1B : 04;
2B1C : 2C;
2B1D : 47;
2B1E : 5C;
2B1F : 77;
2B20 : D4;
2B21 : D3;
2B22 : EC;
2B23 : DD;
2B24 : B8;
2B25 : 29;
2B26 : 03;
2B27 : 6D;
2B28 : 04;
2B29 : 11;
2B2A : 8A;
2B2B : 55;
2B2C : FF;
2B2D : 72;
2B2E : 83;
2B2F : 0A;
2B30 : 22;
2B31 : 64;
2B32 : 8D;
2B33 : 04;
2B34 : 29;
2B35 : 3D;
2B36 : 20;
2B37 : B5;
2B38 : 53;
2B39 : 5A;
2B3A : 70;
2B3B : DB;
2B3C : 22;
2B3D : 15;
2B3E : 89;
2B3F : 54;
2B40 : 86;
2B41 : B4;
2B42 : 76;
2B43 : 22;
2B44 : 52;
2B45 : 42;
2B46 : 01;
2B47 : CD;
2B48 : 09;
2B49 : 81;
2B4A : BC;
2B4B : C0;
2B4C : 95;
2B4D : BF;
2B4E : B1;
2B4F : 11;
2B50 : 68;
2B51 : 48;
2B52 : 2C;
2B53 : 75;
2B54 : 31;
2B55 : 59;
2B56 : A7;
2B57 : D8;
2B58 : EA;
2B59 : 60;
2B5A : E2;
2B5B : 55;
2B5C : CD;
2B5D : CC;
2B5E : 12;
2B5F : 85;
2B60 : 9D;
2B61 : 00;
2B62 : 07;
2B63 : 08;
2B64 : EC;
2B65 : FD;
2B66 : 58;
2B67 : D1;
2B68 : 59;
2B69 : 3C;
2B6A : 78;
2B6B : E3;
2B6C : 58;
2B6D : 2F;
2B6E : 10;
2B6F : 44;
2B70 : 2B;
2B71 : 18;
2B72 : 05;
2B73 : 42;
2B74 : 2C;
2B75 : B4;
2B76 : 03;
2B77 : 2A;
2B78 : 20;
2B79 : 09;
2B7A : 71;
2B7B : 13;
2B7C : 54;
2B7D : B1;
2B7E : 82;
2B7F : 32;
2B80 : D8;
2B81 : D0;
2B82 : 0C;
2B83 : 52;
2B84 : 90;
2B85 : A2;
2B86 : 18;
2B87 : 22;
2B88 : 00;
2B89 : 7C;
2B8A : 0F;
2B8B : 07;
2B8C : 54;
2B8D : 70;
2B8E : 0C;
2B8F : EC;
2B90 : D2;
2B91 : D8;
2B92 : 69;
2B93 : 24;
2B94 : D5;
2B95 : ED;
2B96 : B8;
2B97 : 12;
2B98 : 5A;
2B99 : E9;
2B9A : 64;
2B9B : AA;
2B9C : 01;
2B9D : 7F;
2B9E : AA;
2B9F : 01;
2BA0 : 20;
2BA1 : 9C;
2BA2 : 50;
2BA3 : 62;
2BA4 : 12;
2BA5 : 41;
2BA6 : 6A;
2BA7 : A8;
2BA8 : 01;
2BA9 : EE;
2BAA : 01;
2BAB : 4A;
2BAC : E0;
2BAD : AD;
2BAE : 04;
2BAF : 44;
2BB0 : 79;
2BB1 : 30;
2BB2 : EB;
2BB3 : 3A;
2BB4 : 70;
2BB5 : 0D;
2BB6 : C8;
2BB7 : 25;
2BB8 : A3;
2BB9 : D8;
2BBA : 36;
2BBB : 65;
2BBC : 88;
2BBD : D1;
2BBE : 2C;
2BBF : 06;
2BC0 : BA;
2BC1 : 90;
2BC2 : C8;
2BC3 : 66;
2BC4 : 01;
2BC5 : 63;
2BC6 : 32;
2BC7 : C6;
2BC8 : 1E;
2BC9 : 44;
2BCA : AA;
2BCB : 00;
2BCC : 43;
2BCD : B1;
2BCE : 0A;
2BCF : 66;
2BD0 : B0;
2BD1 : 23;
2BD2 : 28;
2BD3 : A2;
2BD4 : 0A;
2BD5 : 7C;
2BD6 : AD;
2BD7 : 06;
2BD8 : 33;
2BD9 : 40;
2BDA : 27;
2BDB : 00;
2BDC : C4;
2BDD : F9;
2BDE : 8A;
2BDF : C8;
2BE0 : 32;
2BE1 : E2;
2BE2 : F9;
2BE3 : F8;
2BE4 : 60;
2BE5 : 2D;
2BE6 : A6;
2BE7 : 49;
2BE8 : 4C;
2BE9 : 23;
2BEA : 0D;
2BEB : 62;
2BEC : 59;
2BED : F7;
2BEE : 88;
2BEF : E0;
2BF0 : 30;
2BF1 : 3B;
2BF2 : BB;
2BF3 : 4E;
2BF4 : FB;
2BF5 : DB;
2BF6 : 22;
2BF7 : AA;
2BF8 : FC;
2BF9 : 3C;
2BFA : 9B;
2BFB : D6;
2BFC : 68;
2BFD : D2;
2BFE : 45;
2BFF : 1C;
2C00 : B8;
2C01 : DA;
2C02 : E8;
2C03 : BA;
2C04 : C2;
2C05 : F0;
2C06 : 7A;
2C07 : D2;
2C08 : 70;
2C09 : 1E;
2C0A : 8C;
2C0B : 2D;
2C0C : BC;
2C0D : 20;
2C0E : 4A;
2C0F : 81;
2C10 : B0;
2C11 : 2E;
2C12 : 54;
2C13 : 6C;
2C14 : B4;
2C15 : AE;
2C16 : 9C;
2C17 : F4;
2C18 : F5;
2C19 : 9D;
2C1A : DD;
2C1B : 53;
2C1C : 9C;
2C1D : E7;
2C1E : 20;
2C1F : A7;
2C20 : D0;
2C21 : 96;
2C22 : 70;
2C23 : 05;
2C24 : 52;
2C25 : 7C;
2C26 : 7A;
2C27 : B8;
2C28 : D8;
2C29 : 8C;
2C2A : D0;
2C2B : 18;
2C2C : 74;
2C2D : 70;
2C2E : 13;
2C2F : 60;
2C30 : 74;
2C31 : 22;
2C32 : 66;
2C33 : 4D;
2C34 : 30;
2C35 : 08;
2C36 : 01;
2C37 : 86;
2C38 : 08;
2C39 : 66;
2C3A : 68;
2C3B : 44;
2C3C : C1;
2C3D : A6;
2C3E : 10;
2C3F : 98;
2C40 : 25;
2C41 : 39;
2C42 : 08;
2C43 : 70;
2C44 : 16;
2C45 : 4A;
2C46 : D1;
2C47 : EA;
2C48 : 71;
2C49 : 67;
2C4A : 56;
2C4B : CC;
2C4C : 05;
2C4D : 86;
2C4E : 4A;
2C4F : 70;
2C50 : 16;
2C51 : 60;
2C52 : 4C;
2C53 : 68;
2C54 : 29;
2C55 : 3F;
2C56 : D0;
2C57 : 54;
2C58 : AE;
2C59 : 2C;
2C5A : 2E;
2C5B : 64;
2C5C : 07;
2C5D : A7;
2C5E : 9C;
2C5F : 33;
2C60 : 6D;
2C61 : 16;
2C62 : C9;
2C63 : D0;
2C64 : DA;
2C65 : 0E;
2C66 : 60;
2C67 : 14;
2C68 : C0;
2C69 : EC;
2C6A : 3C;
2C6B : F1;
2C6C : 53;
2C6D : 56;
2C6E : 0C;
2C6F : E0;
2C70 : F1;
2C71 : 2A;
2C72 : 70;
2C73 : 64;
2C74 : 60;
2C75 : 0A;
2C76 : 70;
2C77 : 1C;
2C78 : 60;
2C79 : 06;
2C7A : 05;
2C7B : C5;
2C7C : 1B;
2C7D : E8;
2C7E : 0F;
2C7F : 58;
2C80 : 50;
2C81 : 63;
2C82 : 4C;
2C83 : 4C;
2C84 : 35;
2C85 : 2D;
2C86 : 04;
2C87 : 04;
2C88 : F4;
2C89 : 2C;
2C8A : BD;
2C8B : A8;
2C8C : EF;
2C8D : BC;
2C8E : 47;
2C8F : A9;
2C90 : 9D;
2C91 : A0;
2C92 : 28;
2C93 : 2C;
2C94 : 81;
2C95 : 66;
2C96 : 30;
2C97 : 44;
2C98 : C2;
2C99 : 67;
2C9A : 02;
2C9B : 72;
2C9C : 56;
2C9D : 9C;
2C9E : A7;
2C9F : 06;
2CA0 : 10;
2CA1 : 1E;
2CA2 : E8;
2CA3 : F1;
2CA4 : 06;
2CA5 : A9;
2CA6 : D0;
2CA7 : 69;
2CA8 : 46;
2CA9 : A0;
2CAA : 31;
2CAB : 49;
2CAC : 00;
2CAD : 6D;
2CAE : 09;
2CAF : 62;
2CB0 : 55;
2CB1 : FD;
2CB2 : FE;
2CB3 : 0D;
2CB4 : 0C;
2CB5 : 29;
2CB6 : 53;
2CB7 : 64;
2CB8 : 6D;
2CB9 : 38;
2CBA : 45;
2CBB : B0;
2CBC : 14;
2CBD : 4A;
2CBE : 55;
2CBF : 26;
2CC0 : 7D;
2CC1 : 51;
2CC2 : 17;
2CC3 : B8;
2CC4 : FA;
2CC5 : 6C;
2CC6 : 76;
2CC7 : 0A;
2CC8 : 16;
2CC9 : 6C;
2CCA : 1A;
2CCB : 12;
2CCC : 44;
2CCD : 70;
2CCE : 49;
2CCF : 58;
2CD0 : C5;
2CD1 : 3B;
2CD2 : DF;
2CD3 : 1D;
2CD4 : 45;
2CD5 : A4;
2CD6 : 4D;
2CD7 : 16;
2CD8 : C4;
2CD9 : 6D;
2CDA : 34;
2CDB : 15;
2CDC : E8;
2CDD : 20;
2CDE : 24;
2CDF : E2;
2CE0 : 48;
2CE1 : A9;
2CE2 : 0A;
2CE3 : 04;
2CE4 : B1;
2CE5 : A2;
2CE6 : 5C;
2CE7 : 24;
2CE8 : B4;
2CE9 : 2E;
2CEA : 0A;
2CEB : F4;
2CEC : A7;
2CED : 20;
2CEE : 04;
2CEF : 63;
2CF0 : 26;
2CF1 : A8;
2CF2 : 8C;
2CF3 : 4A;
2CF4 : FC;
2CF5 : 9D;
2CF6 : 3B;
2CF7 : 53;
2CF8 : B4;
2CF9 : E2;
2CFA : 9C;
2CFB : 91;
2CFC : 4A;
2CFD : A0;
2CFE : 70;
2CFF : C4;
2D00 : 6A;
2D01 : 44;
2D02 : 1C;
2D03 : 06;
2D04 : 9C;
2D05 : 00;
2D06 : 71;
2D07 : 4F;
2D08 : AB;
2D09 : D0;
2D0A : 26;
2D0B : 05;
2D0C : 3B;
2D0D : 74;
2D0E : 2C;
2D0F : 11;
2D10 : 8D;
2D11 : 38;
2D12 : 93;
2D13 : E0;
2D14 : 11;
2D15 : A6;
2D16 : E9;
2D17 : 16;
2D18 : 9A;
2D19 : 17;
2D1A : 18;
2D1B : B6;
2D1C : 40;
2D1D : D4;
2D1E : A2;
2D1F : 46;
2D20 : 82;
2D21 : 41;
2D22 : 8C;
2D23 : 06;
2D24 : 7F;
2D25 : 7D;
2D26 : 2C;
2D27 : 77;
2D28 : 35;
2D29 : 24;
2D2A : 29;
2D2B : 01;
2D2C : A0;
2D2D : 10;
2D2E : C7;
2D2F : 88;
2D30 : FC;
2D31 : 40;
2D32 : 17;
2D33 : 00;
2D34 : C0;
2D35 : 0A;
2D36 : 8C;
2D37 : 9C;
2D38 : 14;
2D39 : 4A;
2D3A : 39;
2D3B : 69;
2D3C : 23;
2D3D : 08;
2D3E : 28;
2D3F : 4A;
2D40 : 4C;
2D41 : 9B;
2D42 : 37;
2D43 : 8A;
2D44 : 1A;
2D45 : 74;
2D46 : D5;
2D47 : 08;
2D48 : A3;
2D49 : 50;
2D4A : 0C;
2D4B : 53;
2D4C : 54;
2D4D : 19;
2D4E : 59;
2D4F : AA;
2D50 : 24;
2D51 : 22;
2D52 : 28;
2D53 : 30;
2D54 : 8B;
2D55 : 0E;
2D56 : C0;
2D57 : 05;
2D58 : 4B;
2D59 : 20;
2D5A : 51;
2D5B : 5A;
2D5C : D8;
2D5D : 5A;
2D5E : 86;
2D5F : E9;
2D60 : C0;
2D61 : 36;
2D62 : 03;
2D63 : 74;
2D64 : 1F;
2D65 : D0;
2D66 : 82;
2D67 : 4E;
2D68 : B0;
2D69 : 13;
2D6A : 85;
2D6B : B1;
2D6C : 3C;
2D6D : 60;
2D6E : 60;
2D6F : 06;
2D70 : 02;
2D71 : 69;
2D72 : F7;
2D73 : FF;
2D74 : 31;
2D75 : E5;
2D76 : 57;
2D77 : E0;
2D78 : D1;
2D79 : 22;
2D7A : E1;
2D7B : 80;
2D7C : 82;
2D7D : 6E;
2D7E : 34;
2D7F : E8;
2D80 : B4;
2D81 : 5C;
2D82 : 05;
2D83 : 99;
2D84 : 88;
2D85 : EA;
2D86 : 66;
2D87 : 12;
2D88 : 0C;
2D89 : 55;
2D8A : 02;
2D8B : AA;
2D8C : 84;
2D8D : 0A;
2D8E : C5;
2D8F : 69;
2D90 : F4;
2D91 : 77;
2D92 : B5;
2D93 : 2B;
2D94 : C8;
2D95 : 94;
2D96 : 49;
2D97 : AD;
2D98 : C2;
2D99 : 6B;
2D9A : 08;
2D9B : 08;
2D9C : E9;
2D9D : 9B;
2D9E : 01;
2D9F : 2A;
2DA0 : 2C;
2DA1 : C4;
2DA2 : A3;
2DA3 : A9;
2DA4 : 08;
2DA5 : 34;
2DA6 : 29;
2DA7 : 52;
2DA8 : C4;
2DA9 : B1;
2DAA : 10;
2DAB : 62;
2DAC : E1;
2DAD : 22;
2DAE : 6A;
2DAF : A7;
2DB0 : 30;
2DB1 : 56;
2DB2 : 59;
2DB3 : 7D;
2DB4 : 88;
2DB5 : 25;
2DB6 : 48;
2DB7 : ED;
2DB8 : 04;
2DB9 : 2A;
2DBA : 48;
2DBB : 14;
2DBC : 29;
2DBD : 0C;
2DBE : 8F;
2DBF : 02;
2DC0 : 86;
2DC1 : F0;
2DC2 : CF;
2DC3 : D8;
2DC4 : 03;
2DC5 : DC;
2DC6 : 34;
2DC7 : 0C;
2DC8 : 65;
2DC9 : 4E;
2DCA : 38;
2DCB : 8C;
2DCC : 6B;
2DCD : 08;
2DCE : 34;
2DCF : A7;
2DD0 : 07;
2DD1 : B4;
2DD2 : F5;
2DD3 : A4;
2DD4 : E3;
2DD5 : 35;
2DD6 : 28;
2DD7 : 1A;
2DD8 : 45;
2DD9 : 9A;
2DDA : 63;
2DDB : 30;
2DDC : 74;
2DDD : 4D;
2DDE : 65;
2DDF : AF;
2DE0 : FD;
2DE1 : 17;
2DE2 : 2F;
2DE3 : 02;
2DE4 : E5;
2DE5 : FD;
2DE6 : 6B;
2DE7 : 08;
2DE8 : 07;
2DE9 : A9;
2DEA : 68;
2DEB : 78;
2DEC : DB;
2DED : 04;
2DEE : 72;
2DEF : B9;
2DF0 : 81;
2DF1 : 5A;
2DF2 : 60;
2DF3 : 9A;
2DF4 : 12;
2DF5 : 16;
2DF6 : 6A;
2DF7 : 03;
2DF8 : 9A;
2DF9 : 12;
2DFA : 20;
2DFB : AD;
2DFC : 16;
2DFD : B3;
2DFE : A1;
2DFF : B1;
2E00 : 88;
2E01 : F3;
2E02 : CD;
2E03 : 99;
2E04 : 05;
2E05 : 9F;
2E06 : 74;
2E07 : F4;
2E08 : F4;
2E09 : CD;
2E0A : 2B;
2E0B : FC;
2E0C : 64;
2E0D : 32;
2E0E : 7C;
2E0F : 89;
2E10 : 0B;
2E11 : 36;
2E12 : FB;
2E13 : CE;
2E14 : 02;
2E15 : 6B;
2E16 : FB;
2E17 : FF;
2E18 : 71;
2E19 : 23;
2E1A : 42;
2E1B : AB;
2E1C : 3D;
2E1D : 68;
2E1E : 8B;
2E1F : 34;
2E20 : 04;
2E21 : 38;
2E22 : CD;
2E23 : F0;
2E24 : AB;
2E25 : 05;
2E26 : 18;
2E27 : 6D;
2E28 : 60;
2E29 : 54;
2E2A : D9;
2E2B : DC;
2E2C : E2;
2E2D : 5C;
2E2E : 60;
2E2F : 12;
2E30 : EC;
2E31 : 9A;
2E32 : 08;
2E33 : 08;
2E34 : 1A;
2E35 : 03;
2E36 : 36;
2E37 : A4;
2E38 : 28;
2E39 : 09;
2E3A : A2;
2E3B : 62;
2E3C : C0;
2E3D : C8;
2E3E : F5;
2E3F : B5;
2E40 : B9;
2E41 : 69;
2E42 : A1;
2E43 : 8A;
2E44 : 2A;
2E45 : 14;
2E46 : EA;
2E47 : 1A;
2E48 : FC;
2E49 : BA;
2E4A : AA;
2E4B : 30;
2E4C : 62;
2E4D : 7A;
2E4E : F5;
2E4F : 7A;
2E50 : B4;
2E51 : 8C;
2E52 : 02;
2E53 : 4C;
2E54 : 2D;
2E55 : A4;
2E56 : 15;
2E57 : 62;
2E58 : 38;
2E59 : D3;
2E5A : A2;
2E5B : 1F;
2E5C : 32;
2E5D : C1;
2E5E : 5C;
2E5F : 2B;
2E60 : 64;
2E61 : 8B;
2E62 : 81;
2E63 : 90;
2E64 : 60;
2E65 : 08;
2E66 : C4;
2E67 : A4;
2E68 : 7C;
2E69 : D5;
2E6A : A8;
2E6B : A0;
2E6C : 01;
2E6D : CA;
2E6E : 71;
2E6F : 74;
2E70 : 8A;
2E71 : C4;
2E72 : AC;
2E73 : 6D;
2E74 : 10;
2E75 : 66;
2E76 : 40;
2E77 : 52;
2E78 : 4C;
2E79 : D0;
2E7A : 06;
2E7B : 9C;
2E7C : 6C;
2E7D : D4;
2E7E : 15;
2E7F : 8C;
2E80 : C8;
2E81 : 88;
2E82 : 2D;
2E83 : 6F;
2E84 : F0;
2E85 : B5;
2E86 : 2F;
2E87 : 1B;
2E88 : 4C;
2E89 : AA;
2E8A : F8;
2E8B : 48;
2E8C : D1;
2E8D : 0C;
2E8E : 89;
2E8F : 69;
2E90 : F9;
2E91 : 8A;
2E92 : A6;
2E93 : 0C;
2E94 : C3;
2E95 : 42;
2E96 : 59;
2E97 : 0A;
2E98 : 10;
2E99 : AE;
2E9A : 31;
2E9B : 36;
2E9C : 60;
2E9D : 29;
2E9E : 34;
2E9F : 34;
2EA0 : 10;
2EA1 : A9;
2EA2 : 38;
2EA3 : 5C;
2EA4 : BA;
2EA5 : 84;
2EA6 : D8;
2EA7 : 19;
2EA8 : 34;
2EA9 : 72;
2EAA : FE;
2EAB : C0;
2EAC : 81;
2EAD : 88;
2EAE : 34;
2EAF : 52;
2EB0 : B7;
2EB1 : 40;
2EB2 : EC;
2EB3 : F7;
2EB4 : F5;
2EB5 : EC;
2EB6 : 8D;
2EB7 : 67;
2EB8 : 2C;
2EB9 : 58;
2EBA : E1;
2EBB : 88;
2EBC : 74;
2EBD : 10;
2EBE : 88;
2EBF : 74;
2EC0 : 04;
2EC1 : DA;
2EC2 : 74;
2EC3 : 05;
2EC4 : 70;
2EC5 : C1;
2EC6 : 24;
2EC7 : FA;
2EC8 : 4C;
2EC9 : C0;
2ECA : D1;
2ECB : 90;
2ECC : 8A;
2ECD : A4;
2ECE : 03;
2ECF : 75;
2ED0 : 08;
2ED1 : F0;
2ED2 : 88;
2ED3 : FA;
2ED4 : 56;
2ED5 : EA;
2ED6 : BC;
2ED7 : 64;
2ED8 : B5;
2ED9 : 02;
2EDA : 46;
2EDB : 85;
2EDC : 9D;
2EDD : 1C;
2EDE : 09;
2EDF : B0;
2EE0 : A0;
2EE1 : 20;
2EE2 : B5;
2EE3 : 68;
2EE4 : A7;
2EE5 : 85;
2EE6 : 22;
2EE7 : 14;
2EE8 : 6A;
2EE9 : 10;
2EEA : 30;
2EEB : 1D;
2EEC : 05;
2EED : 69;
2EEE : 81;
2EEF : A9;
2EF0 : C0;
2EF1 : CC;
2EF2 : 99;
2EF3 : B0;
2EF4 : 92;
2EF5 : 70;
2EF6 : 23;
2EF7 : 60;
2EF8 : 7C;
2EF9 : 02;
2EFA : 80;
2EFB : C0;
2EFC : 07;
2EFD : C8;
2EFE : B1;
2EFF : 24;
2F00 : EC;
2F01 : C9;
2F02 : 40;
2F03 : 10;
2F04 : BD;
2F05 : D0;
2F06 : 3D;
2F07 : 2E;
2F08 : D8;
2F09 : 1D;
2F0A : D2;
2F0B : 04;
2F0C : 78;
2F0D : BD;
2F0E : 28;
2F0F : F9;
2F10 : 56;
2F11 : B8;
2F12 : A1;
2F13 : E9;
2F14 : D5;
2F15 : 03;
2F16 : 3C;
2F17 : D5;
2F18 : 30;
2F19 : 05;
2F1A : 55;
2F1B : EF;
2F1C : D8;
2F1D : 2E;
2F1E : AC;
2F1F : A8;
2F20 : 4A;
2F21 : 3C;
2F22 : 67;
2F23 : 26;
2F24 : B7;
2F25 : EA;
2F26 : 45;
2F27 : 0B;
2F28 : 7C;
2F29 : 68;
2F2A : 98;
2F2B : C5;
2F2C : 6E;
2F2D : 2C;
2F2E : 0A;
2F2F : 18;
2F30 : AD;
2F31 : 8A;
2F32 : EE;
2F33 : 6E;
2F34 : E9;
2F35 : 27;
2F36 : 88;
2F37 : 08;
2F38 : 3A;
2F39 : 24;
2F3A : 88;
2F3B : 21;
2F3C : 4A;
2F3D : 70;
2F3E : D3;
2F3F : 1C;
2F40 : 25;
2F41 : FF;
2F42 : A1;
2F43 : E5;
2F44 : E8;
2F45 : FD;
2F46 : DD;
2F47 : 58;
2F48 : 48;
2F49 : 39;
2F4A : 49;
2F4B : 26;
2F4C : 52;
2F4D : 20;
2F4E : 8B;
2F4F : 22;
2F50 : 0B;
2F51 : 66;
2F52 : D4;
2F53 : 60;
2F54 : D8;
2F55 : 25;
2F56 : 23;
2F57 : 73;
2F58 : 63;
2F59 : 73;
2F5A : 69;
2F5B : 70;
2F5C : 69;
2F5D : 5F;
2F5E : 67;
2F5F : 65;
2F60 : 74;
2F61 : 5F;
2F62 : 74;
2F63 : 61;
2F64 : 67;
2F65 : 41;
2F66 : A2;
2F67 : 6C;
2F68 : 3C;
2F69 : 26;
2F6A : 67;
2F6B : 78;
2F6C : 01;
2F6D : 22;
2F6E : 05;
2F6F : B1;
2F70 : 88;
2F71 : F4;
2F72 : 79;
2F73 : 5D;
2F74 : A2;
2F75 : 44;
2F76 : 20;
2F77 : 24;
2F78 : F6;
2F79 : DD;
2F7A : C4;
2F7B : D4;
2F7C : 66;
2F7D : 8D;
2F7E : 16;
2F7F : 28;
2F80 : 6A;
2F81 : A6;
2F82 : 38;
2F83 : 34;
2F84 : 24;
2F85 : B0;
2F86 : 4A;
2F87 : 00;
2F88 : 3C;
2F89 : 6C;
2F8A : 0A;
2F8B : ED;
2F8C : 45;
2F8D : 8A;
2F8E : 58;
2F8F : 0B;
2F90 : 2E;
2F91 : 20;
2F92 : BD;
2F93 : B6;
2F94 : 28;
2F95 : 1D;
2F96 : 0B;
2F97 : 04;
2F98 : B5;
2F99 : D0;
2F9A : 66;
2F9B : 44;
2F9C : 0F;
2F9D : 5C;
2F9E : 6F;
2F9F : 4C;
2FA0 : E7;
2FA1 : 54;
2FA2 : 2C;
2FA3 : 88;
2FA4 : 58;
2FA5 : 68;
2FA6 : AB;
2FA7 : 31;
2FA8 : 0A;
2FA9 : 01;
2FAA : 62;
2FAB : BC;
2FAC : C5;
2FAD : C2;
2FAE : AB;
2FAF : D4;
2FB0 : D4;
2FB1 : 29;
2FB2 : D9;
2FB3 : 08;
2FB4 : 88;
2FB5 : 0C;
2FB6 : 6F;
2FB7 : 9C;
2FB8 : B0;
2FB9 : 60;
2FBA : 1E;
2FBB : 02;
2FBC : A0;
2FBD : 28;
2FBE : 01;
2FBF : C1;
2FC0 : F3;
2FC1 : 2C;
2FC2 : 49;
2FC3 : DD;
2FC4 : C8;
2FC5 : 78;
2FC6 : 89;
2FC7 : C0;
2FC8 : 8C;
2FC9 : A8;
2FCA : 53;
2FCB : 17;
2FCC : A4;
2FCD : AF;
2FCE : 0C;
2FCF : 89;
2FD0 : 30;
2FD1 : 09;
2FD2 : 1A;
2FD3 : 8D;
2FD4 : 6A;
2FD5 : 36;
2FD6 : 58;
2FD7 : 8F;
2FD8 : 06;
2FD9 : 27;
2FDA : F0;
2FDB : B0;
2FDC : 28;
2FDD : C3;
2FDE : 75;
2FDF : 7C;
2FE0 : D5;
2FE1 : 8B;
2FE2 : 94;
2FE3 : AA;
2FE4 : 35;
2FE5 : 41;
2FE6 : C1;
2FE7 : 35;
2FE8 : 3A;
2FE9 : 54;
2FEA : 42;
2FEB : 97;
2FEC : 72;
2FED : 07;
2FEE : 24;
2FEF : 35;
2FF0 : 3C;
2FF1 : 60;
2FF2 : 20;
2FF3 : 01;
2FF4 : 1B;
2FF5 : E0;
2FF6 : 56;
2FF7 : 85;
2FF8 : 14;
2FF9 : 29;
2FFA : ED;
2FFB : C0;
2FFC : 00;
2FFD : 00;
2FFE : 7A;
2FFF : 1F;
3000 : 9A;
3001 : 80;
3002 : 4A;
3003 : 82;
3004 : 66;
3005 : 02;
3006 : 7A;
3007 : FF;
3008 : 52;
3009 : 85;
300A : 66;
300B : 08;
300C : 52;
300D : 83;
300E : 53;
300F : 81;
3010 : 64;
3011 : DE;
3012 : 60;
3013 : 42;
3014 : 53;
3015 : 85;
3016 : 20;
3017 : 04;
3018 : EB;
3019 : A8;
301A : 46;
301B : 80;
301C : C1;
301D : B5;
301E : 3C;
301F : 60;
3020 : EB;
3021 : 8B;
3022 : 86;
3023 : 05;
3024 : 15;
3025 : 43;
3026 : A2;
3027 : 86;
3028 : 60;
3029 : 06;
302A : 6C;
302B : 08;
302C : 6D;
302D : 52;
302E : 02;
302F : 9C;
3030 : DF;
3031 : BC;
3032 : 5D;
3033 : 49;
3034 : DD;
3035 : CD;
3036 : D4;
3037 : DF;
3038 : E4;
3039 : 00;
303A : 6B;
303B : 28;
303C : F0;
303D : 35;
303E : E5;
303F : F5;
3040 : 74;
3041 : 5A;
3042 : B0;
3043 : C4;
3044 : 4C;
3045 : 42;
3046 : 7D;
3047 : 24;
3048 : FE;
3049 : C8;
304A : D6;
304B : 04;
304C : B4;
304D : B0;
304E : 0A;
304F : C5;
3050 : 3C;
3051 : 64;
3052 : D3;
3053 : 49;
3054 : 6E;
3055 : 76;
3056 : 61;
3057 : 6C;
3058 : 69;
3059 : EF;
305A : 29;
305B : 72;
305C : 1C;
305D : 20;
305E : 6D;
305F : 61;
3060 : 73;
3061 : 6B;
3062 : 20;
3063 : 25;
3064 : 6C;
3065 : 78;
3066 : 20;
3067 : 66;
3068 : 6F;
3069 : 72;
306A : 14;
306B : 72;
306C : 02;
306D : 7A;
306E : 63;
306F : 6D;
3070 : 64;
3071 : EC;
3072 : 8F;
3073 : 32;
3074 : 37;
3075 : 17;
3076 : F8;
3077 : C5;
3078 : 1F;
3079 : B4;
307A : 14;
307B : CD;
307C : AC;
307D : 5A;
307E : 41;
307F : A8;
3080 : 68;
3081 : 02;
3082 : 8C;
3083 : 6E;
3084 : 0E;
3085 : A7;
3086 : D0;
3087 : 4C;
3088 : EB;
3089 : 88;
308A : 69;
308B : 48;
308C : F1;
308D : 48;
308E : 81;
308F : 29;
3090 : 29;
3091 : 97;
3092 : C4;
3093 : 1E;
3094 : 9C;
3095 : EC;
3096 : 25;
3097 : D1;
3098 : 54;
3099 : 31;
309A : B7;
309B : F4;
309C : 90;
309D : 6D;
309E : 70;
309F : B3;
30A0 : A1;
30A1 : 43;
30A2 : 45;
30A3 : B6;
30A4 : F0;
30A5 : D9;
30A6 : AF;
30A7 : 2A;
30A8 : 0A;
30A9 : AD;
30AA : 48;
30AB : 38;
30AC : A9;
30AD : 17;
30AE : 70;
30AF : 0E;
30B0 : 02;
30B1 : AA;
30B2 : FF;
30B3 : F1;
30B4 : FF;
30B5 : FF;
30B6 : 58;
30B7 : F4;
30B8 : 83;
30B9 : 85;
30BA : 60;
30BB : 7E;
30BC : 72;
30BD : 23;
30BE : C1;
30BF : 41;
30C0 : C2;
30C1 : 56;
30C2 : A0;
30C3 : D5;
30C4 : 1F;
30C5 : 98;
30C6 : 48;
30C7 : 49;
30C8 : A8;
30C9 : 08;
30CA : C0;
30CB : 13;
30CC : EB;
30CD : F4;
30CE : 11;
30CF : F3;
30D0 : 5D;
30D1 : BD;
30D2 : 88;
30D3 : 70;
30D4 : C4;
30D5 : 19;
30D6 : 3F;
30D7 : 7C;
30D8 : 69;
30D9 : A9;
30DA : F0;
30DB : 08;
30DC : A6;
30DD : 1A;
30DE : 8A;
30DF : 02;
30E0 : 66;
30E1 : D5;
30E2 : A2;
30E3 : 5D;
30E4 : 15;
30E5 : EB;
30E6 : 22;
30E7 : 74;
30E8 : 38;
30E9 : A9;
30EA : F0;
30EB : 20;
30EC : A6;
30ED : 30;
30EE : 9D;
30EF : 21;
30F0 : 76;
30F1 : 31;
30F2 : C0;
30F3 : 9C;
30F4 : 72;
30F5 : FF;
30F6 : 24;
30F7 : 04;
30F8 : 29;
30F9 : 6C;
30FA : B1;
30FB : 42;
30FC : 81;
30FD : 12;
30FE : 04;
30FF : A8;
3100 : 58;
3101 : 0A;
3102 : 22;
3103 : FF;
3104 : 00;
3105 : 4E;
3106 : A4;
3107 : 71;
3108 : 5F;
3109 : 40;
310A : 3D;
310B : 70;
310C : BA;
310D : BC;
310E : 09;
310F : 13;
3110 : 27;
3111 : 70;
3112 : 02;
3113 : 81;
3114 : AD;
3115 : 28;
3116 : 24;
3117 : A3;
3118 : B0;
3119 : 28;
311A : 02;
311B : 00;
311C : 63;
311D : 00;
311E : 06;
311F : 25;
3120 : D7;
3121 : F7;
3122 : B9;
3123 : 7C;
3124 : F0;
3125 : 30;
3126 : 25;
3127 : E6;
3128 : 14;
3129 : FC;
312A : CA;
312B : 26;
312C : C5;
312D : 62;
312E : 95;
312F : 66;
3130 : 38;
3131 : 98;
3132 : 08;
3133 : C4;
3134 : 80;
3135 : 22;
3136 : FD;
3137 : 78;
3138 : 2A;
3139 : 4A;
313A : A3;
313B : 67;
313C : 60;
313D : 34;
313E : 56;
313F : 30;
3140 : 70;
3141 : AA;
3142 : 18;
3143 : 00;
3144 : A8;
3145 : 37;
3146 : F2;
3147 : 6D;
3148 : DE;
3149 : 4D;
314A : AC;
314B : 8C;
314C : 67;
314D : D4;
314E : 1A;
314F : 80;
3150 : 2F;
3151 : C4;
3152 : 6B;
3153 : 89;
3154 : EB;
3155 : 78;
3156 : F6;
3157 : 8B;
3158 : 8C;
3159 : 3E;
315A : 54;
315B : 0F;
315C : 80;
315D : 13;
315E : 3C;
315F : D5;
3160 : 9F;
3161 : E8;
3162 : 5D;
3163 : 11;
3164 : FA;
3165 : 98;
3166 : 04;
3167 : 72;
3168 : 10;
3169 : 97;
316A : CB;
316B : B0;
316C : 97;
316D : 20;
316E : 44;
316F : C0;
3170 : 66;
3171 : 16;
3172 : 72;
3173 : FB;
3174 : 05;
3175 : 4F;
3176 : 14;
3177 : F8;
3178 : E9;
3179 : 64;
317A : BC;
317B : FD;
317C : 0E;
317D : A1;
317E : 2D;
317F : DD;
3180 : E4;
3181 : DD;
3182 : 31;
3183 : 03;
3184 : A3;
3185 : 10;
3186 : 32;
3187 : 26;
3188 : 05;
3189 : F1;
318A : 78;
318B : AB;
318C : 5D;
318D : 2A;
318E : 53;
318F : 48;
3190 : 14;
3191 : A4;
3192 : 6B;
3193 : 89;
3194 : 25;
3195 : 6B;
3196 : AA;
3197 : 30;
3198 : 6B;
3199 : 0F;
319A : 34;
319B : 8C;
319C : FA;
319D : 5A;
319E : 45;
319F : E2;
31A0 : BC;
31A1 : FC;
31A2 : D2;
31A3 : 6C;
31A4 : AA;
31A5 : 27;
31A6 : 6C;
31A7 : B0;
31A8 : 89;
31A9 : 59;
31AA : 68;
31AB : 64;
31AC : 98;
31AD : 3C;
31AE : 32;
31AF : 87;
31B0 : 24;
31B1 : 2A;
31B2 : 45;
31B3 : 69;
31B4 : 9C;
31B5 : C4;
31B6 : 50;
31B7 : 42;
31B8 : 93;
31B9 : 29;
31BA : 6C;
31BB : 82;
31BC : 04;
31BD : 2F;
31BE : 05;
31BF : 34;
31C0 : 3A;
31C1 : 9E;
31C2 : F4;
31C3 : 6C;
31C4 : 74;
31C5 : 19;
31C6 : 2C;
31C7 : 7C;
31C8 : D0;
31C9 : 3B;
31CA : AB;
31CB : 79;
31CC : 45;
31CD : 14;
31CE : 44;
31CF : 9C;
31D0 : FC;
31D1 : 50;
31D2 : 60;
31D3 : 0C;
31D4 : B5;
31D5 : 3F;
31D6 : 74;
31D7 : 5D;
31D8 : 19;
31D9 : 90;
31DA : D0;
31DB : 5D;
31DC : B8;
31DD : C1;
31DE : 1E;
31DF : F8;
31E0 : 83;
31E1 : 22;
31E2 : 56;
31E3 : 91;
31E4 : EB;
31E5 : BC;
31E6 : B8;
31E7 : 1F;
31E8 : 05;
31E9 : 5A;
31EA : D4;
31EB : 69;
31EC : D0;
31ED : 25;
31EE : 44;
31EF : AA;
31F0 : 48;
31F1 : 25;
31F2 : 43;
31F3 : 4C;
31F4 : A8;
31F5 : 40;
31F6 : 03;
31F7 : 07;
31F8 : 4A;
31F9 : C5;
31FA : 29;
31FB : BA;
31FC : 05;
31FD : F8;
31FE : 9B;
31FF : 06;
3200 : 07;
3201 : 05;
3202 : 4E;
3203 : 80;
3204 : 0D;
3205 : 70;
3206 : 1B;
3207 : 10;
3208 : FC;
3209 : EB;
320A : 31;
320B : C0;
320C : FA;
320D : AA;
320E : E4;
320F : 24;
3210 : 7A;
3211 : 13;
3212 : 42;
3213 : 18;
3214 : A8;
3215 : EA;
3216 : FC;
3217 : BC;
3218 : 38;
3219 : 69;
321A : 39;
321B : AA;
321C : 3A;
321D : 0F;
321E : 03;
321F : 55;
3220 : F1;
3221 : 44;
3222 : 53;
3223 : 0C;
3224 : D1;
3225 : 16;
3226 : 9C;
3227 : A0;
3228 : 28;
3229 : 89;
322A : 3E;
322B : 2A;
322C : A6;
322D : 0C;
322E : DA;
322F : 1C;
3230 : FD;
3231 : 67;
3232 : 4A;
3233 : 2E;
3234 : 74;
3235 : 59;
3236 : 05;
3237 : AD;
3238 : 11;
3239 : 16;
323A : 01;
323B : 03;
323C : C2;
323D : E5;
323E : 90;
323F : 8C;
3240 : 34;
3241 : 4A;
3242 : 68;
3243 : B0;
3244 : 73;
3245 : 6C;
3246 : 06;
3247 : 74;
3248 : 01;
3249 : 85;
324A : 41;
324B : 05;
324C : AA;
324D : BD;
324E : 29;
324F : 02;
3250 : 61;
3251 : DA;
3252 : 07;
3253 : 78;
3254 : 07;
3255 : C8;
3256 : 82;
3257 : B4;
3258 : D1;
3259 : 5C;
325A : 2A;
325B : BC;
325C : E0;
325D : 1A;
325E : 28;
325F : B4;
3260 : 06;
3261 : 4A;
3262 : C0;
3263 : 66;
3264 : 10;
3265 : 60;
3266 : 10;
3267 : AE;
3268 : 40;
3269 : 1A;
326A : D8;
326B : 92;
326C : 60;
326D : 66;
326E : 04;
326F : 60;
3270 : 12;
3271 : 70;
3272 : C1;
3273 : BB;
3274 : A1;
3275 : 83;
3276 : 90;
3277 : BE;
3278 : 44;
3279 : CD;
327A : 60;
327B : DC;
327C : 34;
327D : B5;
327E : 20;
327F : 3B;
3280 : B4;
3281 : 0C;
3282 : 4A;
3283 : B8;
3284 : B0;
3285 : 62;
3286 : 1B;
3287 : BC;
3288 : A6;
3289 : E1;
328A : 9C;
328B : 36;
328C : AA;
328D : 10;
328E : 60;
328F : D0;
3290 : 8C;
3291 : 74;
3292 : 6F;
3293 : 11;
3294 : 6A;
3295 : CB;
3296 : 35;
3297 : 6B;
3298 : BA;
3299 : 75;
329A : 6A;
329B : EC;
329C : 9E;
329D : 01;
329E : D4;
329F : A0;
32A0 : 04;
32A1 : C1;
32A2 : E2;
32A3 : 45;
32A4 : E8;
32A5 : 88;
32A6 : 05;
32A7 : 2A;
32A8 : 72;
32A9 : 10;
32AA : 83;
32AB : AA;
32AC : 38;
32AD : 69;
32AE : 06;
32AF : A5;
32B0 : 08;
32B1 : AE;
32B2 : 00;
32B3 : A0;
32B4 : A6;
32B5 : 04;
32B6 : AE;
32B7 : 4A;
32B8 : 6C;
32B9 : D5;
32BA : 83;
32BB : 04;
32BC : 04;
32BD : 8B;
32BE : 6C;
32BF : 4E;
32C0 : EB;
32C1 : 4D;
32C2 : A9;
32C3 : 12;
32C4 : 6A;
32C5 : A8;
32C6 : 0C;
32C7 : 7B;
32C8 : 6D;
32C9 : 08;
32CA : A8;
32CB : F4;
32CC : 0C;
32CD : B9;
32CE : 60;
32CF : 35;
32D0 : FA;
32D1 : 6A;
32D2 : FF;
32D3 : 67;
32D4 : 45;
32D5 : 25;
32D6 : 10;
32D7 : 70;
32D8 : 7A;
32D9 : E5;
32DA : 29;
32DB : 40;
32DC : 4D;
32DD : 8B;
32DE : FD;
32DF : 00;
32E0 : FF;
32E1 : A0;
32E2 : D5;
32E3 : 20;
32E4 : B0;
32E5 : 12;
32E6 : 7F;
32E7 : B8;
32E8 : 18;
32E9 : 88;
32EA : 66;
32EB : 08;
32EC : B0;
32ED : 82;
32EE : 68;
32EF : AD;
32F0 : 41;
32F1 : 79;
32F2 : 37;
32F3 : 75;
32F4 : 3F;
32F5 : 57;
32F6 : C2;
32F7 : 49;
32F8 : C2;
32F9 : 44;
32FA : 82;
32FB : 92;
32FC : 74;
32FD : 6A;
32FE : 2E;
32FF : 60;
3300 : 22;
3301 : 93;
3302 : A3;
3303 : 06;
3304 : 01;
3305 : 7E;
3306 : 58;
3307 : D0;
3308 : 5C;
3309 : 07;
330A : CC;
330B : D2;
330C : 10;
330D : 27;
330E : 9E;
330F : 60;
3310 : A2;
3311 : 13;
3312 : 78;
3313 : 99;
3314 : 4C;
3315 : 3C;
3316 : 58;
3317 : F5;
3318 : 47;
3319 : 12;
331A : D4;
331B : A5;
331C : DC;
331D : B4;
331E : 38;
331F : 5A;
3320 : C8;
3321 : 9A;
3322 : 10;
3323 : 14;
3324 : 1B;
3325 : 10;
3326 : 51;
3327 : 62;
3328 : 1C;
3329 : F1;
332A : 2F;
332B : 11;
332C : 04;
332D : AF;
332E : CC;
332F : 42;
3330 : B1;
3331 : 15;
3332 : 22;
3333 : F8;
3334 : 9D;
3335 : 11;
3336 : 52;
3337 : 70;
3338 : D1;
3339 : 06;
333A : A8;
333B : A3;
333C : 16;
333D : 4F;
333E : D9;
333F : FC;
3340 : 08;
3341 : C1;
3342 : 58;
3343 : 2F;
3344 : 43;
3345 : 60;
3346 : 89;
3347 : 16;
3348 : 2F;
3349 : D1;
334A : 62;
334B : CC;
334C : D1;
334D : 49;
334E : 42;
334F : 24;
3350 : D5;
3351 : 00;
3352 : E2;
3353 : 8C;
3354 : 26;
3355 : 1F;
3356 : 2A;
3357 : 03;
3358 : 9A;
3359 : 2A;
335A : 1C;
335B : AF;
335C : 1C;
335D : C4;
335E : B5;
335F : 1E;
3360 : 51;
3361 : 2A;
3362 : E8;
3363 : 4B;
3364 : A4;
3365 : 28;
3366 : 31;
3367 : 0F;
3368 : FC;
3369 : 44;
336A : 48;
336B : 0C;
336C : C1;
336D : 08;
336E : 28;
336F : C4;
3370 : 43;
3371 : 98;
3372 : 6E;
3373 : 33;
3374 : 99;
3375 : 8A;
3376 : 16;
3377 : 23;
3378 : 0A;
3379 : 20;
337A : 2C;
337B : 23;
337C : 2F;
337D : 44;
337E : B5;
337F : 00;
3380 : 4E;
3381 : A8;
3382 : BE;
3383 : 42;
3384 : 79;
3385 : 88;
3386 : 1F;
3387 : 91;
3388 : 55;
3389 : 58;
338A : 0C;
338B : A7;
338C : 2F;
338D : 51;
338E : 5E;
338F : E4;
3390 : A2;
3391 : FC;
3392 : 88;
3393 : 46;
3394 : D5;
3395 : 54;
3396 : E8;
3397 : E4;
3398 : 30;
3399 : 6E;
339A : 26;
339B : D1;
339C : D5;
339D : 14;
339E : B1;
339F : 40;
33A0 : 34;
33A1 : 6B;
33A2 : 3B;
33A3 : F0;
33A4 : 03;
33A5 : 05;
33A6 : C2;
33A7 : A4;
33A8 : F5;
33A9 : 0E;
33AA : A1;
33AB : 02;
33AC : 3C;
33AD : 9D;
33AE : 0E;
33AF : 31;
33B0 : 43;
33B1 : D5;
33B2 : 25;
33B3 : 43;
33B4 : C8;
33B5 : 2F;
33B6 : 0C;
33B7 : 0C;
33B8 : 75;
33B9 : 47;
33BA : AC;
33BB : F0;
33BC : 9D;
33BD : 1E;
33BE : B8;
33BF : 3C;
33C0 : 30;
33C1 : 29;
33C2 : C5;
33C3 : FD;
33C4 : 80;
33C5 : 39;
33C6 : 54;
33C7 : 73;
33C8 : A0;
33C9 : 98;
33CA : 71;
33CB : 0C;
33CC : 70;
33CD : 22;
33CE : 4B;
33CF : 24;
33D0 : 4E;
33D1 : 54;
33D2 : C0;
33D3 : 46;
33D4 : 56;
33D5 : 38;
33D6 : 71;
33D7 : 4B;
33D8 : 8C;
33D9 : 5C;
33DA : 6B;
33DB : BD;
33DC : 2D;
33DD : 2A;
33DE : 59;
33DF : 1C;
33E0 : 5D;
33E1 : 03;
33E2 : 30;
33E3 : C0;
33E4 : 52;
33E5 : 40;
33E6 : A6;
33E7 : 18;
33E8 : 9A;
33E9 : 14;
33EA : 18;
33EB : 69;
33EC : 14;
33ED : 9A;
33EE : 1C;
33EF : 15;
33F0 : 40;
33F1 : 7A;
33F2 : 0F;
33F3 : 93;
33F4 : C9;
33F5 : A4;
33F6 : D1;
33F7 : DA;
33F8 : B1;
33F9 : D8;
33FA : FB;
33FB : AD;
33FC : 68;
33FD : 4A;
33FE : FC;
33FF : 40;
3400 : 2D;
3401 : 05;
3402 : 9F;
3403 : 5C;
3404 : 30;
3405 : 69;
3406 : 24;
3407 : C0;
3408 : A7;
3409 : EC;
340A : 14;
340B : 10;
340C : 2A;
340D : FE;
340E : A1;
340F : 19;
3410 : AD;
3411 : 40;
3412 : BD;
3413 : B0;
3414 : A8;
3415 : E7;
3416 : B4;
3417 : 53;
3418 : F8;
3419 : 2C;
341A : 20;
341B : 54;
341C : EC;
341D : 1C;
341E : 28;
341F : 59;
3420 : 39;
3421 : 99;
3422 : 50;
3423 : 2A;
3424 : 18;
3425 : 0C;
3426 : 08;
3427 : 76;
3428 : 0F;
3429 : 4A;
342A : 68;
342B : 18;
342C : 3A;
342D : 66;
342E : 02;
342F : 76;
3430 : 03;
3431 : 37;
3432 : A2;
3433 : 85;
3434 : 02;
3435 : E3;
3436 : 20;
3437 : CB;
3438 : 3C;
3439 : 4C;
343A : 9D;
343B : 03;
343C : 00;
343D : 27;
343E : 41;
343F : 44;
3440 : CC;
3441 : 40;
3442 : 05;
3443 : 2A;
3444 : AD;
3445 : 24;
3446 : 19;
3447 : 42;
3448 : 22;
3449 : 4B;
344A : 2C;
344B : 45;
344C : C6;
344D : E0;
344E : 83;
344F : 49;
3450 : C1;
3451 : 67;
3452 : 1E;
3453 : 54;
3454 : 58;
3455 : 58;
3456 : A9;
3457 : 35;
3458 : D5;
3459 : 78;
345A : 2F;
345B : 3C;
345C : 15;
345D : F1;
345E : A8;
345F : 41;
3460 : EB;
3461 : 38;
3462 : 05;
3463 : 05;
3464 : D1;
3465 : 0B;
3466 : 8A;
3467 : A5;
3468 : B4;
3469 : 43;
346A : AE;
346B : D6;
346C : 62;
346D : F5;
346E : 30;
346F : 67;
3470 : 5E;
3471 : 30;
3472 : CD;
3473 : 8D;
3474 : 79;
3475 : 0C;
3476 : 84;
3477 : 11;
3478 : E0;
3479 : 48;
347A : 22;
347B : 67;
347C : 54;
347D : B8;
347E : 88;
347F : 66;
3480 : 4E;
3481 : 26;
3482 : 2A;
3483 : BE;
3484 : 0C;
3485 : B1;
3486 : DD;
3487 : 06;
3488 : 62;
3489 : 42;
348A : E5;
348B : 8B;
348C : 30;
348D : 41;
348E : 20;
348F : 01;
3490 : 60;
3491 : C5;
3492 : AD;
3493 : B8;
3494 : 32;
3495 : 06;
3496 : 8F;
3497 : 0B;
3498 : 78;
3499 : 18;
349A : E9;
349B : A9;
349C : 8E;
349D : F1;
349E : 03;
349F : 18;
34A0 : E9;
34A1 : 79;
34A2 : 01;
34A3 : E1;
34A4 : 8C;
34A5 : FD;
34A6 : ED;
34A7 : 82;
34A8 : 84;
34A9 : 14;
34AA : ED;
34AB : 02;
34AC : 50;
34AD : 9D;
34AE : 74;
34AF : 04;
34B0 : A8;
34B1 : 69;
34B2 : 82;
34B3 : 31;
34B4 : D0;
34B5 : 81;
34B6 : 58;
34B7 : 48;
34B8 : A8;
34B9 : E9;
34BA : 34;
34BB : 31;
34BC : B6;
34BD : 82;
34BE : 6E;
34BF : CE;
34C0 : 14;
34C1 : FC;
34C2 : 08;
34C3 : 51;
34C4 : F1;
34C5 : 09;
34C6 : 19;
34C7 : F4;
34C8 : E0;
34C9 : 09;
34CA : 74;
34CB : A7;
34CC : 24;
34CD : 5B;
34CE : 98;
34CF : 74;
34D0 : 69;
34D1 : 1A;
34D2 : D0;
34D3 : 8C;
34D4 : 42;
34D5 : 68;
34D6 : 90;
34D7 : E2;
34D8 : 4A;
34D9 : 83;
34DA : B4;
34DB : C4;
34DC : 70;
34DD : 46;
34DE : D4;
34DF : AA;
34E0 : 20;
34E1 : 1E;
34E2 : 62;
34E3 : 28;
34E4 : 20;
34E5 : C5;
34E6 : 2A;
34E7 : E9;
34E8 : 5A;
34E9 : 2C;
34EA : 27;
34EB : B0;
34EC : 55;
34ED : AC;
34EE : 36;
34EF : 52;
34F0 : 02;
34F1 : 80;
34F2 : A3;
34F3 : 53;
34F4 : 61;
34F5 : BF;
34F6 : FD;
34F7 : 82;
34F8 : B4;
34F9 : 83;
34FA : 67;
34FB : D8;
34FC : B8;
34FD : 17;
34FE : 95;
34FF : F4;
3500 : C1;
3501 : 89;
3502 : 17;
3503 : EC;
3504 : 2E;
3505 : 04;
3506 : 49;
3507 : 35;
3508 : 60;
3509 : 36;
350A : 2C;
350B : 2C;
350C : 9D;
350D : F9;
350E : 53;
350F : 45;
3510 : 47;
3511 : 14;
3512 : FC;
3513 : 4C;
3514 : 85;
3515 : 12;
3516 : 00;
3517 : A6;
3518 : C6;
3519 : AA;
351A : 10;
351B : 40;
351C : C6;
351D : E2;
351E : E0;
351F : 2F;
3520 : 7B;
3521 : 99;
3522 : 55;
3523 : 7F;
3524 : F4;
3525 : 4C;
3526 : 8F;
3527 : 25;
3528 : 68;
3529 : D1;
352A : D8;
352B : 89;
352C : C9;
352D : 34;
352E : 62;
352F : 92;
3530 : 60;
3531 : 8C;
3532 : 0F;
3533 : B4;
3534 : 11;
3535 : 22;
3536 : B8;
3537 : DA;
3538 : FC;
3539 : D1;
353A : 38;
353B : 2A;
353C : 6D;
353D : BD;
353E : 08;
353F : F9;
3540 : 17;
3541 : 2D;
3542 : 68;
3543 : D8;
3544 : D4;
3545 : 67;
3546 : 32;
3547 : 51;
3548 : F5;
3549 : 90;
354A : 4F;
354B : 60;
354C : 04;
354D : 58;
354E : 48;
354F : A6;
3550 : 4A;
3551 : D1;
3552 : FC;
3553 : 48;
3554 : 04;
3555 : 9E;
3556 : 2C;
3557 : E1;
3558 : 89;
3559 : FD;
355A : 43;
355B : 26;
355C : 02;
355D : 78;
355E : 10;
355F : E8;
3560 : AB;
3561 : 82;
3562 : 83;
3563 : 26;
3564 : 81;
3565 : 35;
3566 : 42;
3567 : C7;
3568 : DD;
3569 : 11;
356A : F4;
356B : B5;
356C : 9D;
356D : 50;
356E : F8;
356F : 14;
3570 : A0;
3571 : 2C;
3572 : 1A;
3573 : 11;
3574 : 6A;
3575 : B0;
3576 : 1C;
3577 : A0;
3578 : E8;
3579 : 81;
357A : 75;
357B : 46;
357C : 69;
357D : 6C;
357E : 65;
357F : 53;
3580 : 79;
3581 : 73;
3582 : 74;
3583 : 65;
3584 : 6D;
3585 : 2E;
3586 : 72;
3587 : 65;
3588 : 73;
3589 : 6F;
358A : 75;
358B : 72;
358C : 63;
358D : 65;
358E : 40;
358F : 72;
3590 : F8;
3591 : D1;
3592 : 3E;
3593 : 07;
3594 : 34;
3595 : A3;
3596 : 40;
3597 : 16;
3598 : 3C;
3599 : 66;
359A : 20;
359B : 50;
359C : 28;
359D : 84;
359E : 89;
359F : 24;
35A0 : 28;
35A1 : 00;
35A2 : 14;
35A3 : 66;
35A4 : 08;
35A5 : 24;
35A6 : 08;
35A7 : 06;
35A8 : 82;
35A9 : B2;
35AA : 18;
35AB : 38;
35AC : 4B;
35AD : F0;
35AE : 97;
35AF : 4D;
35B0 : 43;
35B1 : FA;
35B2 : FF;
35B3 : BE;
35B4 : 20;
35B5 : D9;
35B6 : DB;
35B7 : FC;
35B8 : 2C;
35B9 : 15;
35BA : 7B;
35BB : 0C;
35BC : 7C;
35BD : AC;
35BE : D8;
35BF : AA;
35C0 : 2B;
35C1 : 58;
35C2 : 0E;
35C3 : 31;
35C4 : C9;
35C5 : B1;
35C6 : C9;
35C7 : 66;
35C8 : 6D;
35C9 : 3A;
35CA : 40;
35CB : 38;
35CC : 0C;
35CD : E3;
35CE : FC;
35CF : E2;
35D0 : E9;
35D1 : 2E;
35D2 : 82;
35D3 : A1;
35D4 : F0;
35D5 : C1;
35D6 : DA;
35D7 : 45;
35D8 : F2;
35D9 : 08;
35DA : 22;
35DB : AC;
35DC : F0;
35DD : 0A;
35DE : 71;
35DF : 7C;
35E0 : CC;
35E1 : B1;
35E2 : 45;
35E3 : 29;
35E4 : 34;
35E5 : 9F;
35E6 : 3C;
35E7 : 4D;
35E8 : EA;
35E9 : A4;
35EA : BB;
35EB : B4;
35EC : BD;
35ED : 43;
35EE : 85;
35EF : E9;
35F0 : 8F;
35F1 : 16;
35F2 : 41;
35F3 : F6;
35F4 : 08;
35F5 : 01;
35F6 : 25;
35F7 : 49;
35F8 : 00;
35F9 : 12;
35FA : 25;
35FB : 46;
35FC : E1;
35FD : EB;
35FE : F1;
35FF : E8;
3600 : 1A;
3601 : 1A;
3602 : 4C;
3603 : B9;
3604 : 08;
3605 : 7B;
3606 : C2;
3607 : 4E;
3608 : 12;
3609 : DD;
360A : 2D;
360B : 7B;
360C : 25;
360D : 4E;
360E : 00;
360F : 71;
3610 : 48;
3611 : 5E;
3612 : 0F;
3613 : E8;
3614 : 2A;
3615 : 48;
3616 : F1;
3617 : 0E;
3618 : 01;
3619 : 05;
361A : A6;
361B : 28;
361C : EC;
361D : 01;
361E : 50;
361F : 48;
3620 : 3B;
3621 : 00;
3622 : F6;
3623 : BA;
3624 : A8;
3625 : D9;
3626 : 67;
3627 : 45;
3628 : 9A;
3629 : D5;
362A : F6;
362B : 20;
362C : 4A;
362D : 9A;
362E : 50;
362F : F0;
3630 : 9E;
3631 : 12;
3632 : 4A;
3633 : 43;
3634 : E0;
3635 : B6;
3636 : D6;
3637 : B0;
3638 : 27;
3639 : 76;
363A : 95;
363B : CA;
363C : AC;
363D : B8;
363E : E8;
363F : 0E;
3640 : FD;
3641 : BC;
3642 : B8;
3643 : C2;
3644 : D0;
3645 : B5;
3646 : BE;
3647 : 17;
3648 : 0C;
3649 : B4;
364A : B8;
364B : 22;
364C : 75;
364D : 12;
364E : 63;
364F : 27;
3650 : B0;
3651 : 2F;
3652 : 02;
3653 : 6A;
3654 : F0;
3655 : 2C;
3656 : 23;
3657 : 72;
3658 : 3F;
3659 : D3;
365A : A5;
365B : 99;
365C : 61;
365D : A4;
365E : A7;
365F : 20;
3660 : AA;
3661 : 58;
3662 : 90;
3663 : DD;
3664 : 2B;
3665 : 01;
3666 : 09;
3667 : 24;
3668 : C0;
3669 : AD;
366A : 8C;
366B : 2C;
366C : EA;
366D : D1;
366E : E8;
366F : 01;
3670 : 1A;
3671 : 30;
3672 : B0;
3673 : 1E;
3674 : 2F;
3675 : 0C;
3676 : EC;
3677 : AA;
3678 : 34;
3679 : 22;
367A : 28;
367B : 6A;
367C : 2A;
367D : 38;
367E : C5;
367F : 26;
3680 : 8F;
3681 : 84;
3682 : E8;
3683 : AA;
3684 : 3C;
3685 : 2A;
3686 : 68;
3687 : 05;
3688 : 6A;
3689 : 40;
368A : 9A;
368B : 2E;
368C : 06;
368D : 1A;
368E : 44;
368F : B1;
3690 : 32;
3691 : 6F;
3692 : 9C;
3693 : D4;
3694 : AA;
3695 : 48;
3696 : 36;
3697 : 68;
3698 : 08;
3699 : 6A;
369A : 4C;
369B : EA;
369C : 3A;
369D : F4;
369E : 20;
369F : A6;
36A0 : 0E;
36A1 : C8;
36A2 : 24;
36A3 : ED;
36A4 : 9A;
36A5 : 21;
36A6 : 40;
36A7 : E8;
36A8 : 8A;
36A9 : 3E;
36AA : 24;
36AB : 0C;
36AC : 26;
36AD : 42;
36AE : 14;
36AF : DB;
36B0 : 88;
36B1 : FD;
36B2 : 21;
36B3 : 49;
36B4 : AC;
36B5 : 24;
36B6 : 77;
36B7 : 7D;
36B8 : 69;
36B9 : 66;
36BA : 58;
36BB : 34;
36BC : 60;
36BD : 16;
36BE : B4;
36BF : 74;
36C0 : 5E;
36C1 : 8C;
36C2 : E3;
36C3 : 10;
36C4 : D5;
36C5 : B8;
36C6 : A8;
36C7 : 78;
36C8 : 6C;
36C9 : D5;
36CA : FF;
36CB : 0E;
36CC : 0A;
36CD : 20;
36CE : 86;
36CF : 1C;
36D0 : C5;
36D1 : 7C;
36D2 : 4F;
36D3 : 7C;
36D4 : 51;
36D5 : 09;
36D6 : 64;
36D7 : A6;
36D8 : 22;
36D9 : C6;
36DA : 20;
36DB : 3D;
36DC : A6;
36DD : 10;
36DE : 41;
36DF : 12;
36E0 : 19;
36E1 : 9A;
36E2 : 40;
36E3 : B2;
36E4 : 18;
36E5 : 8C;
36E6 : 42;
36E7 : 90;
36E8 : 8B;
36E9 : E3;
36EA : 67;
36EB : 3C;
36EC : 20;
36ED : 08;
36EE : 46;
36EF : 80;
36F0 : D2;
36F1 : 40;
36F2 : 30;
36F3 : 01;
36F4 : D0;
36F5 : 48;
36F6 : D1;
36F7 : 14;
36F8 : 18;
36F9 : 06;
36FA : 05;
36FB : 8B;
36FC : 06;
36FD : 9F;
36FE : 06;
36FF : 9C;
3700 : 83;
3701 : 19;
3702 : 62;
3703 : 04;
3704 : 06;
3705 : 06;
3706 : 38;
3707 : 8E;
3708 : 16;
3709 : 02;
370A : E0;
370B : 4A;
370C : 02;
370D : 2A;
370E : B2;
370F : C0;
3710 : 56;
3711 : B0;
3712 : 39;
3713 : D8;
3714 : DC;
3715 : 78;
3716 : 10;
3717 : 27;
3718 : 18;
3719 : A9;
371A : 4C;
371B : 04;
371C : D0;
371D : 7B;
371E : 0C;
371F : 16;
3720 : 26;
3721 : C0;
3722 : 2A;
3723 : 23;
3724 : 68;
3725 : 1A;
3726 : A1;
3727 : 04;
3728 : FB;
3729 : E8;
372A : 1E;
372B : CB;
372C : C9;
372D : C0;
372E : EA;
372F : EC;
3730 : 22;
3731 : 8A;
3732 : 0C;
3733 : 6A;
3734 : 0B;
3735 : 26;
3736 : 72;
3737 : ED;
3738 : C0;
3739 : 3E;
373A : E8;
373B : A9;
373C : 2A;
373D : 14;
373E : A1;
373F : 05;
3740 : AA;
3741 : 2E;
3742 : 18;
3743 : 68;
3744 : 06;
3745 : 6A;
3746 : 32;
3747 : CB;
3748 : 1C;
3749 : C0;
374A : EA;
374B : D4;
374C : 36;
374D : 9A;
374E : 20;
374F : 08;
3750 : 1B;
3751 : 3A;
3752 : 30;
3753 : D5;
3754 : 8A;
3755 : B8;
3756 : BC;
3757 : 22;
3758 : 3F;
3759 : 3A;
375A : 74;
375B : 7B;
375C : 18;
375D : 38;
375E : 10;
375F : 82;
3760 : 25;
3761 : 2B;
3762 : 48;
3763 : FF;
3764 : C8;
3765 : 34;
3766 : 02;
3767 : 35;
3768 : 26;
3769 : FF;
376A : FF;
376B : F0;
376C : 2D;
376D : E9;
376E : 89;
376F : 19;
3770 : FB;
3771 : 52;
3772 : 7B;
3773 : 63;
3774 : BC;
3775 : 04;
3776 : 82;
3777 : 31;
3778 : 52;
3779 : 44;
377A : 53;
377B : 4B;
377C : A2;
377D : 38;
377E : 74;
377F : 06;
3780 : B0;
3781 : 2B;
3782 : 4A;
3783 : 28;
3784 : 3A;
3785 : FF;
3786 : C4;
3787 : F4;
3788 : A9;
3789 : 58;
378A : D8;
378B : A9;
378C : 4C;
378D : C1;
378E : CC;
378F : 0C;
3790 : AD;
3791 : FE;
3792 : 88;
3793 : D9;
3794 : AC;
3795 : 87;
3796 : 74;
3797 : 2B;
3798 : 52;
3799 : FF;
379A : D0;
379B : AA;
379C : D4;
379D : 04;
379E : D5;
379F : DC;
37A0 : E0;
37A1 : 78;
37A2 : FF;
37A3 : 50;
37A4 : 41;
37A5 : 52;
37A6 : 54;
37A7 : 65;
37A8 : A5;
37A9 : 5C;
37AA : 28;
37AB : 00;
37AC : 1B;
37AD : 4C;
37AE : A8;
37AF : 74;
37B0 : 48;
37B1 : C1;
37B2 : 62;
37B3 : 84;
37B4 : A7;
37B5 : 4F;
37B6 : BE;
37B7 : 2C;
37B8 : 6D;
37B9 : 8D;
37BA : 95;
37BB : 70;
37BC : 60;
37BD : 21;
37BE : 98;
37BF : A0;
37C0 : 26;
37C1 : B5;
37C2 : A8;
37C3 : 28;
37C4 : D4;
37C5 : A3;
37C6 : B8;
37C7 : 52;
37C8 : E5;
37C9 : 48;
37CA : 1A;
37CB : 4C;
37CC : AF;
37CD : B8;
37CE : EB;
37CF : 8D;
37D0 : 00;
37D1 : F6;
37D2 : 61;
37D3 : B1;
37D4 : B5;
37D5 : 06;
37D6 : 24;
37D7 : 2B;
37D8 : 00;
37D9 : 50;
37DA : DD;
37DB : EA;
37DC : 18;
37DD : 40;
37DE : 20;
37DF : 25;
37E0 : D4;
37E1 : D8;
37E2 : 60;
37E3 : 0A;
37E4 : 53;
37E5 : 40;
37E6 : 10;
37E7 : D9;
37E8 : 78;
37E9 : 90;
37EA : D4;
37EB : 60;
37EC : E4;
37ED : 9E;
37EE : 80;
37EF : 48;
37F0 : B5;
37F1 : 1E;
37F2 : 3A;
37F3 : 84;
37F4 : 46;
37F5 : 89;
37F6 : 48;
37F7 : 44;
37F8 : B8;
37F9 : 0E;
37FA : 15;
37FB : 81;
37FC : FA;
37FD : 8A;
37FE : 9D;
37FF : 04;
3800 : B4;
3801 : AE;
3802 : 4B;
3803 : 24;
3804 : 16;
3805 : 2E;
3806 : F0;
3807 : BD;
3808 : 47;
3809 : B4;
380A : 88;
380B : 2F;
380C : 2E;
380D : 3C;
380E : B9;
380F : 28;
3810 : 24;
3811 : B1;
3812 : 3E;
3813 : 28;
3814 : 00;
3815 : D8;
3816 : B4;
3817 : 37;
3818 : 05;
3819 : DE;
381A : 25;
381B : 6E;
381C : C9;
381D : 3F;
381E : 89;
381F : 38;
3820 : 0D;
3821 : A1;
3822 : 15;
3823 : 88;
3824 : 30;
3825 : 6B;
3826 : 20;
3827 : 4D;
3828 : ED;
3829 : FF;
382A : E0;
382B : 12;
382C : D1;
382D : 65;
382E : 78;
382F : 4C;
3830 : 8F;
3831 : FB;
3832 : A0;
3833 : 65;
3834 : 50;
3835 : 5A;
3836 : 08;
3837 : 88;
3838 : 87;
3839 : DD;
383A : 03;
383B : 6C;
383C : 09;
383D : 15;
383E : 5F;
383F : E8;
3840 : 89;
3841 : C5;
3842 : 66;
3843 : F0;
3844 : 68;
3845 : 82;
3846 : D1;
3847 : E3;
3848 : B0;
3849 : 4A;
384A : AD;
384B : A9;
384C : D8;
384D : DC;
384E : 68;
384F : 6E;
3850 : 68;
3851 : CE;
3852 : 23;
3853 : 67;
3854 : C8;
3855 : 00;
3856 : 0F;
3857 : E0;
3858 : 8A;
3859 : AC;
385A : 58;
385B : 1B;
385C : B8;
385D : A8;
385E : E0;
385F : E8;
3860 : 68;
3861 : 48;
3862 : 6D;
3863 : A8;
3864 : E7;
3865 : 51;
3866 : C1;
3867 : 6D;
3868 : A2;
3869 : 24;
386A : A9;
386B : F5;
386C : E8;
386D : 07;
386E : 9C;
386F : B4;
3870 : 80;
3871 : 6D;
3872 : 98;
3873 : 94;
3874 : 80;
3875 : 52;
3876 : 82;
3877 : 22;
3878 : 02;
3879 : E7;
387A : 89;
387B : 2B;
387C : 41;
387D : FF;
387E : D4;
387F : 2C;
3880 : 46;
3881 : 20;
3882 : 01;
3883 : 72;
3884 : 01;
3885 : 48;
3886 : 41;
3887 : 45;
3888 : 4C;
3889 : 7C;
388A : C6;
388B : 95;
388C : 4C;
388D : 7C;
388E : 42;
388F : 84;
3890 : 2E;
3891 : 04;
3892 : 3A;
3893 : 05;
3894 : E4;
3895 : 4C;
3896 : B5;
3897 : C0;
3898 : 20;
3899 : 43;
389A : 41;
389B : F0;
389C : 0E;
389D : A3;
389E : 70;
389F : C0;
38A0 : 2B;
38A1 : 55;
38A2 : 63;
38A3 : F8;
38A4 : 50;
38A5 : 16;
38A6 : B0;
38A7 : 7E;
38A8 : 00;
38A9 : 21;
38AA : FA;
38AB : EE;
38AC : B1;
38AD : 00;
38AE : 3F;
38AF : 3B;
38B0 : 49;
38B1 : DD;
38B2 : 2E;
38B3 : 35;
38B4 : C0;
38B5 : C2;
38B6 : B4;
38B7 : C2;
38B8 : 46;
38B9 : 2C;
38BA : FC;
38BB : F0;
38BC : 17;
38BD : D9;
38BE : A8;
38BF : B4;
38C0 : FC;
38C1 : 6D;
38C2 : C8;
38C3 : 8B;
38C4 : 50;
38C5 : 10;
38C6 : D5;
38C7 : 69;
38C8 : B1;
38C9 : 6F;
38CA : 08;
38CB : 5A;
38CC : CD;
38CD : 1E;
38CE : 1B;
38CF : AD;
38D0 : 9C;
38D1 : C9;
38D2 : 20;
38D3 : 3C;
38D4 : 3F;
38D5 : FA;
38D6 : 4F;
38D7 : 57;
38D8 : ED;
38D9 : F8;
38DA : 9E;
38DB : 40;
38DC : 2B;
38DD : 40;
38DE : 80;
38DF : E7;
38E0 : A1;
38E1 : C0;
38E2 : 22;
38E3 : 80;
38E4 : 8C;
38E5 : 29;
38E6 : 8D;
38E7 : A0;
38E8 : 76;
38E9 : 99;
38EA : E0;
38EB : A0;
38EC : 08;
38ED : BB;
38EE : 82;
38EF : B0;
38F0 : 7B;
38F1 : D8;
38F2 : 2C;
38F3 : BA;
38F4 : C8;
38F5 : B5;
38F6 : 2D;
38F7 : CE;
38F8 : 3B;
38F9 : 24;
38FA : D0;
38FB : 59;
38FC : 15;
38FD : A6;
38FE : 1E;
38FF : 54;
3900 : 80;
3901 : 80;
3902 : E4;
3903 : 84;
3904 : B4;
3905 : 44;
3906 : 12;
3907 : 25;
3908 : 26;
3909 : 28;
390A : 08;
390B : 1D;
390C : 08;
390D : 58;
390E : 84;
390F : 2C;
3910 : 89;
3911 : 45;
3912 : 3D;
3913 : B4;
3914 : 8A;
3915 : 99;
3916 : 52;
3917 : 45;
3918 : C4;
3919 : 0C;
391A : 2D;
391B : 00;
391C : B3;
391D : B3;
391E : E2;
391F : 70;
3920 : 8D;
3921 : 02;
3922 : 18;
3923 : 56;
3924 : 90;
3925 : 83;
3926 : 05;
3927 : B0;
3928 : 82;
3929 : 65;
392A : 6B;
392B : 5D;
392C : 3A;
392D : 8E;
392E : 69;
392F : BC;
3930 : 3B;
3931 : 39;
3932 : F7;
3933 : BE;
3934 : 1B;
3935 : 49;
3936 : 46;
3937 : 38;
3938 : B6;
3939 : BA;
393A : C0;
393B : A1;
393C : EC;
393D : A1;
393E : 28;
393F : D4;
3940 : 8E;
3941 : 21;
3942 : 82;
3943 : 64;
3944 : 95;
3945 : 77;
3946 : DA;
3947 : 60;
3948 : C2;
3949 : 69;
394A : D7;
394B : D1;
394C : 19;
394D : 2B;
394E : 04;
394F : EC;
3950 : 46;
3951 : EC;
3952 : 8B;
3953 : 84;
3954 : 62;
3955 : 88;
3956 : E8;
3957 : 78;
3958 : E9;
3959 : 64;
395A : 16;
395B : 60;
395C : A8;
395D : D4;
395E : AE;
395F : F2;
3960 : B5;
3961 : E2;
3962 : 7A;
3963 : D8;
3964 : 6B;
3965 : FC;
3966 : 67;
3967 : 64;
3968 : 94;
3969 : A3;
396A : 94;
396B : 90;
396C : 3A;
396D : C8;
396E : 9D;
396F : B4;
3970 : AF;
3971 : 4E;
3972 : 05;
3973 : 3D;
3974 : B1;
3975 : 35;
3976 : D8;
3977 : 0C;
3978 : C9;
3979 : F9;
397A : CE;
397B : C0;
397C : 89;
397D : FF;
397E : 70;
397F : DE;
3980 : 21;
3981 : 09;
3982 : 0E;
3983 : BC;
3984 : B0;
3985 : 90;
3986 : 62;
3987 : E5;
3988 : D6;
3989 : 62;
398A : 48;
398B : 2A;
398C : EB;
398D : A7;
398E : EC;
398F : 0C;
3990 : 3B;
3991 : 45;
3992 : 7B;
3993 : E4;
3994 : 38;
3995 : 10;
3996 : 0E;
3997 : 18;
3998 : 76;
3999 : 2A;
399A : 2F;
399B : 28;
399C : 45;
399D : B8;
399E : 2F;
399F : 90;
39A0 : B0;
39A1 : 02;
39A2 : 5F;
39A3 : 00;
39A4 : 2A;
39A5 : 98;
39A6 : E0;
39A7 : D8;
39A8 : 91;
39A9 : 9E;
39AA : 34;
39AB : 4A;
39AC : 78;
39AD : BA;
39AE : 2C;
39AF : 54;
39B0 : 86;
39B1 : F0;
39B2 : 96;
39B3 : 78;
39B4 : EA;
39B5 : 1A;
39B6 : CC;
39B7 : F0;
39B8 : 22;
39B9 : 00;
39BA : F0;
39BB : 68;
39BC : F4;
39BD : 69;
39BE : 5E;
39BF : 71;
39C0 : EB;
39C1 : E7;
39C2 : DC;
39C3 : 91;
39C4 : 50;
39C5 : 16;
39C6 : FD;
39C7 : 99;
39C8 : E4;
39C9 : 0B;
39CA : F4;
39CB : B1;
39CC : C2;
39CD : 64;
39CE : 00;
39CF : FE;
39D0 : EE;
39D1 : 22;
39D2 : 43;
39D3 : 4D;
39D4 : F1;
39D5 : 8E;
39D6 : 5A;
39D7 : 60;
39D8 : E2;
39D9 : B2;
39DA : 04;
39DB : 9B;
39DC : FC;
39DD : 46;
39DE : 06;
39DF : 7C;
39E0 : 2C;
39E1 : 10;
39E2 : B0;
39E3 : BC;
39E4 : 6D;
39E5 : A0;
39E6 : 7B;
39E7 : FC;
39E8 : 42;
39E9 : 06;
39EA : 5C;
39EB : 89;
39EC : 60;
39ED : 42;
39EE : 08;
39EF : D9;
39F0 : F8;
39F1 : 78;
39F2 : EC;
39F3 : BB;
39F4 : 67;
39F5 : 7D;
39F6 : AC;
39F7 : 06;
39F8 : 80;
39F9 : 77;
39FA : 6C;
39FB : 8F;
39FC : 35;
39FD : 40;
39FE : A1;
39FF : 54;
3A00 : 1F;
3A01 : 48;
3A02 : F1;
3A03 : 98;
3A04 : 74;
3A05 : 6D;
3A06 : D8;
3A07 : E4;
3A08 : 92;
3A09 : F8;
3A0A : E0;
3A0B : 24;
3A0C : FE;
3A0D : 82;
3A0E : D7;
3A0F : 44;
3A10 : DE;
3A11 : 18;
3A12 : A1;
3A13 : D2;
3A14 : ED;
3A15 : E5;
3A16 : 89;
3A17 : B0;
3A18 : 81;
3A19 : 62;
3A1A : 7D;
3A1B : 6A;
3A1C : 55;
3A1D : E3;
3A1E : A4;
3A1F : D1;
3A20 : C0;
3A21 : 16;
3A22 : A8;
3A23 : 27;
3A24 : 20;
3A25 : 20;
3A26 : 2E;
3A27 : 8D;
3A28 : E9;
3A29 : D0;
3A2A : 90;
3A2B : 44;
3A2C : 6A;
3A2D : 78;
3A2E : 18;
3A2F : D4;
3A30 : 56;
3A31 : 58;
3A32 : 2A;
3A33 : 7A;
3A34 : 85;
3A35 : EA;
3A36 : C4;
3A37 : 7E;
3A38 : 05;
3A39 : C0;
3A3A : AD;
3A3B : D1;
3A3C : 53;
3A3D : B7;
3A3E : 3C;
3A3F : 34;
3A40 : AC;
3A41 : 66;
3A42 : 0C;
3A43 : 49;
3A44 : 02;
3A45 : E0;
3A46 : B2;
3A47 : FE;
3A48 : 24;
3A49 : B9;
3A4A : 36;
3A4B : F9;
3A4C : 6D;
3A4D : 63;
3A4E : 00;
3A4F : FE;
3A50 : 44;
3A51 : 60;
3A52 : 2E;
3A53 : 42;
3A54 : DA;
3A55 : 8D;
3A56 : 55;
3A57 : 41;
3A58 : AD;
3A59 : 0E;
3A5A : 10;
3A5B : 6A;
3A5C : 84;
3A5D : 04;
3A5E : 6A;
3A5F : 0E;
3A60 : 68;
3A61 : 10;
3A62 : 54;
3A63 : 80;
3A64 : 60;
3A65 : 46;
3A66 : E5;
3A67 : 88;
3A68 : 51;
3A69 : 89;
3A6A : D4;
3A6B : D6;
3A6C : 4D;
3A6D : 08;
3A6E : A6;
3A6F : 04;
3A70 : E0;
3A71 : DA;
3A72 : 8D;
3A73 : D1;
3A74 : FD;
3A75 : F4;
3A76 : 2C;
3A77 : 52;
3A78 : 51;
3A79 : A8;
3A7A : D8;
3A7B : 24;
3A7C : B4;
3A7D : 63;
3A7E : 40;
3A7F : EF;
3A80 : DC;
3A81 : 84;
3A82 : B5;
3A83 : 6B;
3A84 : 70;
3A85 : D4;
3A86 : F9;
3A87 : 85;
3A88 : B0;
3A89 : 70;
3A8A : E4;
3A8B : 87;
3A8C : 29;
3A8D : 47;
3A8E : 00;
3A8F : 36;
3A90 : 26;
3A91 : 6A;
3A92 : DD;
3A93 : 87;
3A94 : 70;
3A95 : 30;
3A96 : 2C;
3A97 : 43;
3A98 : 26;
3A99 : 90;
3A9A : 20;
3A9B : F8;
3A9C : 72;
3A9D : D5;
3A9E : 41;
3A9F : A9;
3AA0 : AC;
3AA1 : 10;
3AA2 : 9D;
3AA3 : 12;
3AA4 : 22;
3AA5 : 4C;
3AA6 : EB;
3AA7 : 95;
3AA8 : AC;
3AA9 : 10;
3AAA : 50;
3AAB : 42;
3AAC : D8;
3AAD : 2E;
3AAE : 0C;
3AAF : B8;
3AB0 : 2D;
3AB1 : 76;
3AB2 : 2C;
3AB3 : 38;
3AB4 : 2F;
3AB5 : C5;
3AB6 : 16;
3AB7 : E4;
3AB8 : 8D;
3AB9 : 70;
3ABA : 3E;
3ABB : 55;
3ABC : 27;
3ABD : 84;
3ABE : 01;
3ABF : DA;
3AC0 : 85;
3AC1 : 58;
3AC2 : C1;
3AC3 : 10;
3AC4 : 02;
3AC5 : 01;
3AC6 : 67;
3AC7 : FB;
3AC8 : D0;
3AC9 : 27;
3ACA : 7A;
3ACB : DD;
3ACC : F4;
3ACD : A0;
3ACE : 30;
3ACF : 74;
3AD0 : 08;
3AD1 : 7C;
3AD2 : 5D;
3AD3 : DC;
3AD4 : 8A;
3AD5 : 26;
3AD6 : 86;
3AD7 : 10;
3AD8 : 2A;
3AD9 : 56;
3ADA : 88;
3ADB : C6;
3ADC : 08;
3ADD : 8A;
3ADE : 63;
3ADF : 02;
3AE0 : D0;
3AE1 : 1E;
3AE2 : 56;
3AE3 : 38;
3AE4 : 60;
3AE5 : 3E;
3AE6 : 42;
3AE7 : 32;
3AE8 : 08;
3AE9 : 5D;
3AEA : 78;
3AEB : 5C;
3AEC : D8;
3AED : 8A;
3AEE : 11;
3AEF : 18;
3AF0 : 75;
3AF1 : 46;
3AF2 : B0;
3AF3 : AA;
3AF4 : 84;
3AF5 : 68;
3AF6 : A6;
3AF7 : 10;
3AF8 : DD;
3AF9 : 28;
3AFA : 7D;
3AFB : 2A;
3AFC : F0;
3AFD : 04;
3AFE : 72;
3AFF : 5C;
3B00 : D4;
3B01 : 72;
3B02 : DF;
3B03 : 58;
3B04 : B8;
3B05 : 70;
3B06 : 80;
3B07 : 28;
3B08 : 04;
3B09 : C7;
3B0A : 41;
3B0B : A4;
3B0C : 6C;
3B0D : D6;
3B0E : 02;
3B0F : 62;
3B10 : 06;
3B11 : 42;
3B12 : 85;
3B13 : 1A;
3B14 : 61;
3B15 : F9;
3B16 : 26;
3B17 : F4;
3B18 : E0;
3B19 : 20;
3B1A : 46;
3B1B : 0C;
3B1C : 2D;
3B1D : 70;
3B1E : 2E;
3B1F : 58;
3B20 : FE;
3B21 : 66;
3B22 : 18;
3B23 : 20;
3B24 : 44;
3B25 : D1;
3B26 : C5;
3B27 : 0A;
3B28 : C1;
3B29 : 14;
3B2A : C4;
3B2B : A2;
3B2C : D8;
3B2D : D0;
3B2E : 0C;
3B2F : F8;
3B30 : 05;
3B31 : B5;
3B32 : 2B;
3B33 : 52;
3B34 : 01;
3B35 : 10;
3B36 : 81;
3B37 : 28;
3B38 : 89;
3B39 : BD;
3B3A : 11;
3B3B : BC;
3B3C : C5;
3B3D : 6E;
3B3E : 66;
3B3F : E1;
3B40 : BF;
3B41 : 02;
3B42 : 00;
3B43 : A2;
3B44 : E0;
3B45 : 31;
3B46 : 18;
3B47 : AD;
3B48 : 54;
3B49 : CA;
3B4A : E4;
3B4B : 30;
3B4C : FB;
3B4D : E9;
3B4E : 38;
3B4F : 00;
3B50 : 0A;
3B51 : 50;
3B52 : 99;
3B53 : 04;
3B54 : CA;
3B55 : 4A;
3B56 : 24;
3B57 : 10;
3B58 : 1C;
3B59 : D9;
3B5A : 72;
3B5B : 2C;
3B5C : C5;
3B5D : 70;
3B5E : 41;
3B5F : AD;
3B60 : 04;
3B61 : DC;
3B62 : 15;
3B63 : 4A;
3B64 : 84;
3B65 : 86;
3B66 : 70;
3B67 : B1;
3B68 : DA;
3B69 : 1D;
3B6A : A9;
3B6B : 11;
3B6C : 3B;
3B6D : 70;
3B6E : 00;
3B6F : 6A;
3B70 : C0;
3B71 : 9E;
3B72 : 2E;
3B73 : 2C;
3B74 : 9C;
3B75 : B9;
3B76 : 28;
3B77 : 8D;
3B78 : C0;
3B79 : 08;
3B7A : 74;
3B7B : 80;
3B7C : 22;
3B7D : A0;
3B7E : AD;
3B7F : 4F;
3B80 : 04;
3B81 : 0A;
3B82 : 70;
3B83 : CC;
3B84 : 4C;
3B85 : 28;
3B86 : B0;
3B87 : 26;
3B88 : 42;
3B89 : F8;
3B8A : B0;
3B8B : 01;
3B8C : 93;
3B8D : CD;
3B8E : 4A;
3B8F : 84;
3B90 : 66;
3B91 : 14;
3B92 : 0C;
3B93 : 82;
3B94 : 4A;
3B95 : E2;
3B96 : AD;
3B97 : 81;
3B98 : 0C;
3B99 : 05;
3B9A : 7D;
3B9B : 50;
3B9C : A9;
3B9D : 20;
3B9E : DC;
3B9F : B6;
3BA0 : 8C;
3BA1 : 10;
3BA2 : A0;
3BA3 : 6A;
3BA4 : EA;
3BA5 : C0;
3BA6 : 48;
3BA7 : 5B;
3BA8 : 40;
3BA9 : 58;
3BAA : B1;
3BAB : C5;
3BAC : 70;
3BAD : 14;
3BAE : 86;
3BAF : A0;
3BB0 : 82;
3BB1 : 28;
3BB2 : 7F;
3BB3 : 62;
3BB4 : 19;
3BB5 : 7C;
3BB6 : 99;
3BB7 : 3D;
3BB8 : 02;
3BB9 : C3;
3BBA : 7B;
3BBB : 00;
3BBC : 09;
3BBD : 29;
3BBE : 84;
3BBF : 02;
3BC0 : 31;
3BC1 : 38;
3BC2 : 29;
3BC3 : 43;
3BC4 : 78;
3BC5 : B5;
3BC6 : 7C;
3BC7 : A9;
3BC8 : C8;
3BC9 : 4A;
3BCA : B7;
3BCB : EA;
3BCC : FD;
3BCD : 5A;
3BCE : A4;
3BCF : C0;
3BD0 : F2;
3BD1 : 8B;
3BD2 : 14;
3BD3 : 36;
3BD4 : F4;
3BD5 : 1D;
3BD6 : 21;
3BD7 : 5F;
3BD8 : FD;
3BD9 : 4C;
3BDA : D4;
3BDB : 06;
3BDC : D8;
3BDD : AA;
3BDE : 08;
3BDF : 26;
3BE0 : AC;
3BE1 : 06;
3BE2 : 00;
3BE3 : A3;
3BE4 : 95;
3BE5 : EE;
3BE6 : C1;
3BE7 : D9;
3BE8 : B6;
3BE9 : 93;
3BEA : 15;
3BEB : 19;
3BEC : A7;
3BED : 3A;
3BEE : 5D;
3BEF : 52;
3BF0 : 40;
3BF1 : 5E;
3BF2 : FC;
3BF3 : 86;
3BF4 : FF;
3BF5 : 0E;
3BF6 : 22;
3BF7 : 06;
3BF8 : 2C;
3BF9 : 44;
3BFA : A8;
3BFB : 88;
3BFC : 52;
3BFD : 52;
3BFE : B1;
3BFF : 34;
3C00 : 32;
3C01 : A8;
3C02 : DA;
3C03 : 4B;
3C04 : D4;
3C05 : 8A;
3C06 : 2E;
3C07 : F9;
3C08 : B1;
3C09 : 30;
3C0A : 8B;
3C0B : 2D;
3C0C : CE;
3C0D : 02;
3C0E : 66;
3C0F : F1;
3C10 : 35;
3C11 : 40;
3C12 : 18;
3C13 : B8;
3C14 : 22;
3C15 : E9;
3C16 : 66;
3C17 : CC;
3C18 : E9;
3C19 : C1;
3C1A : 07;
3C1B : 81;
3C1C : D1;
3C1D : 3C;
3C1E : 5E;
3C1F : 7C;
3C20 : C5;
3C21 : 60;
3C22 : 06;
3C23 : 5C;
3C24 : C5;
3C25 : 53;
3C26 : 9C;
3C27 : 60;
3C28 : B4;
3C29 : F9;
3C2A : 22;
3C2B : 70;
3C2C : FF;
3C2D : B0;
3C2E : FB;
3C2F : A7;
3C30 : 06;
3C31 : 30;
3C32 : 63;
3C33 : 8E;
3C34 : 04;
3C35 : 51;
3C36 : 7F;
3C37 : 70;
3C38 : E4;
3C39 : F1;
3C3A : F5;
3C3B : 69;
3C3C : 01;
3C3D : F6;
3C3E : 2C;
3C3F : 1C;
3C40 : 6B;
3C41 : FC;
3C42 : EC;
3C43 : 45;
3C44 : 8A;
3C45 : 29;
3C46 : 5C;
3C47 : FC;
3C48 : 8D;
3C49 : 94;
3C4A : 44;
3C4B : 18;
3C4C : 54;
3C4D : 59;
3C4E : E0;
3C4F : 64;
3C50 : 6F;
3C51 : 73;
3C52 : E8;
3C53 : 94;
3C54 : AC;
3C55 : 43;
3C56 : 44;
3C57 : 54;
3C58 : 56;
3C59 : 00;
3C5A : 41;
3C5B : 4D;
3C5C : 49;
3C5D : 47;
3C5E : 41;
3C5F : 20;
3C60 : 42;
3C61 : 4F;
3C62 : 4F;
3C63 : 00;
3C64 : 0A;
3C65 : 58;
3C66 : 82;
3C67 : 4C;
3C68 : 9D;
3C69 : 20;
3C6A : 17;
3C6B : 0D;
3C6C : 9B;
3C6D : 1D;
3C6E : 2C;
3C6F : 42;
3C70 : 70;
3C71 : 45;
3C72 : 52;
3C73 : 1C;
3C74 : A0;
3C75 : BC;
3C76 : D0;
3C77 : A7;
3C78 : 90;
3C79 : 58;
3C7A : 76;
3C7B : FF;
3C7C : 12;
3C7D : 44;
3C7E : 34;
3C7F : 05;
3C80 : A2;
3C81 : 35;
3C82 : 3C;
3C83 : B1;
3C84 : 18;
3C85 : 1D;
3C86 : E0;
3C87 : 3B;
3C88 : D1;
3C89 : 20;
3C8A : 8A;
3C8B : A4;
3C8C : A0;
3C8D : 0A;
3C8E : 25;
3C8F : E9;
3C90 : 7C;
3C91 : F3;
3C92 : 82;
3C93 : 25;
3C94 : 6D;
3C95 : 99;
3C96 : 9D;
3C97 : F4;
3C98 : 64;
3C99 : 1A;
3C9A : 38;
3C9B : FA;
3C9C : 0C;
3C9D : 61;
3C9E : F4;
3C9F : A2;
3CA0 : 08;
3CA1 : 14;
3CA2 : 35;
3CA3 : 27;
3CA4 : 16;
3CA5 : 18;
3CA6 : 3E;
3CA7 : 72;
3CA8 : 79;
3CA9 : A4;
3CAA : BA;
3CAB : 24;
3CAC : 54;
3CAD : D1;
3CAE : 5C;
3CAF : 1B;
3CB0 : E0;
3CB1 : 06;
3CB2 : 61;
3CB3 : A9;
3CB4 : C8;
3CB5 : 02;
3CB6 : B5;
3CB7 : 38;
3CB8 : E3;
3CB9 : 28;
3CBA : F2;
3CBB : BA;
3CBC : 03;
3CBD : 89;
3CBE : 52;
3CBF : E8;
3CC0 : 28;
3CC1 : 80;
3CC2 : 99;
3CC3 : 04;
3CC4 : A6;
3CC5 : 2B;
3CC6 : 8D;
3CC7 : 38;
3CC8 : 88;
3CC9 : D0;
3CCA : 13;
3CCB : AF;
3CCC : 58;
3CCD : 50;
3CCE : 6C;
3CCF : C1;
3CD0 : 06;
3CD1 : C8;
3CD2 : 23;
3CD3 : 1C;
3CD4 : B0;
3CD5 : BA;
3CD6 : E4;
3CD7 : C4;
3CD8 : B9;
3CD9 : 68;
3CDA : 3D;
3CDB : E9;
3CDC : 50;
3CDD : FF;
3CDE : 64;
3CDF : C8;
3CE0 : F0;
3CE1 : 54;
3CE2 : 28;
3CE3 : 2D;
3CE4 : F1;
3CE5 : 7F;
3CE6 : 6C;
3CE7 : BD;
3CE8 : C3;
3CE9 : E9;
3CEA : A1;
3CEB : CB;
3CEC : E5;
3CED : AE;
3CEE : B6;
3CEF : 10;
3CF0 : 7D;
3CF1 : 0D;
3CF2 : 20;
3CF3 : 51;
3CF4 : 20;
3CF5 : 04;
3CF6 : 15;
3CF7 : 4A;
3CF8 : 14;
3CF9 : 92;
3CFA : 4B;
3CFB : E2;
3CFC : 66;
3CFD : 99;
3CFE : 34;
3CFF : 48;
3D00 : 2D;
3D01 : 80;
3D02 : 51;
3D03 : 09;
3D04 : DC;
3D05 : 88;
3D06 : 48;
3D07 : 6A;
3D08 : F8;
3D09 : D8;
3D0A : 3D;
3D0B : 03;
3D0C : CE;
3D0D : 25;
3D0E : 4B;
3D0F : 21;
3D10 : 8B;
3D11 : B0;
3D12 : 50;
3D13 : 10;
3D14 : BB;
3D15 : 84;
3D16 : C0;
3D17 : 02;
3D18 : 90;
3D19 : AB;
3D1A : 44;
3D1B : 30;
3D1C : 54;
3D1D : 46;
3D1E : 0C;
3D1F : A6;
3D20 : 9C;
3D21 : 9D;
3D22 : 1F;
3D23 : 54;
3D24 : 5A;
3D25 : 51;
3D26 : 10;
3D27 : A6;
3D28 : 00;
3D29 : E8;
3D2A : 12;
3D2B : A1;
3D2C : 67;
3D2D : B0;
3D2E : 90;
3D2F : 2A;
3D30 : 90;
3D31 : 98;
3D32 : D0;
3D33 : 0F;
3D34 : C0;
3D35 : B3;
3D36 : E8;
3D37 : D5;
3D38 : E2;
3D39 : 8C;
3D3A : 4A;
3D3B : 68;
3D3C : 3A;
3D3D : CC;
3D3E : D5;
3D3F : 84;
3D40 : 2A;
3D41 : 84;
3D42 : 4C;
3D43 : 1B;
3D44 : 68;
3D45 : 6C;
3D46 : 8D;
3D47 : 03;
3D48 : B1;
3D49 : 3F;
3D4A : 30;
3D4B : 68;
3D4C : DD;
3D4D : 42;
3D4E : B4;
3D4F : 74;
3D50 : 50;
3D51 : 3C;
3D52 : 90;
3D53 : 42;
3D54 : C8;
3D55 : A2;
3D56 : 07;
3D57 : 3D;
3D58 : 42;
3D59 : 2B;
3D5A : 61;
3D5B : 8B;
3D5C : E4;
3D5D : 38;
3D5E : A9;
3D5F : E0;
3D60 : 0E;
3D61 : AB;
3D62 : AB;
3D63 : 20;
3D64 : 87;
3D65 : D8;
3D66 : AE;
3D67 : 58;
3D68 : FD;
3D69 : 40;
3D6A : BA;
3D6B : E2;
3D6C : 34;
3D6D : EB;
3D6E : 04;
3D6F : 38;
3D70 : 34;
3D71 : 45;
3D72 : 18;
3D73 : 50;
3D74 : E9;
3D75 : 21;
3D76 : 2C;
3D77 : B3;
3D78 : CE;
3D79 : 14;
3D7A : 88;
3D7B : 03;
3D7C : 24;
3D7D : 4C;
3D7E : 22;
3D7F : B8;
3D80 : 1F;
3D81 : 96;
3D82 : 28;
3D83 : 80;
3D84 : 29;
3D85 : 7C;
3D86 : D0;
3D87 : EB;
3D88 : 41;
3D89 : 19;
3D8A : C0;
3D8B : CD;
3D8C : 28;
3D8D : 71;
3D8E : 39;
3D8F : A3;
3D90 : 0A;
3D91 : 00;
3D92 : 28;
3D93 : 84;
3D94 : ED;
3D95 : 0C;
3D96 : 1B;
3D97 : ED;
3D98 : 43;
3D99 : 7A;
3D9A : E5;
3D9B : 04;
3D9C : EA;
3D9D : A2;
3D9E : EC;
3D9F : 01;
3DA0 : BA;
3DA1 : A6;
3DA2 : F4;
3DA3 : A9;
3DA4 : 03;
3DA5 : A7;
3DA6 : AB;
3DA7 : 24;
3DA8 : A8;
3DA9 : 57;
3DAA : B5;
3DAB : 51;
3DAC : 03;
3DAD : 38;
3DAE : B0;
3DAF : 21;
3DB0 : 0C;
3DB1 : CC;
3DB2 : B0;
3DB3 : 31;
3DB4 : 08;
3DB5 : B0;
3DB6 : 83;
3DB7 : 78;
3DB8 : 03;
3DB9 : 22;
3DBA : 46;
3DBB : 05;
3DBC : 9D;
3DBD : BC;
3DBE : 04;
3DBF : 78;
3DC0 : D0;
3DC1 : AC;
3DC2 : 4A;
3DC3 : 2C;
3DC4 : 15;
3DC5 : 24;
3DC6 : 05;
3DC7 : ED;
3DC8 : 53;
3DC9 : 44;
3DCA : 66;
3DCB : EA;
3DCC : 1E;
3DCD : 04;
3DCE : E0;
3DCF : B5;
3DD0 : B1;
3DD1 : 07;
3DD2 : 8E;
3DD3 : 47;
3DD4 : 0C;
3DD5 : 29;
3DD6 : 08;
3DD7 : B0;
3DD8 : 02;
3DD9 : 38;
3DDA : 41;
3DDB : F0;
3DDC : A9;
3DDD : 06;
3DDE : A1;
3DDF : 08;
3DE0 : 41;
3DE1 : E9;
3DE2 : F6;
3DE3 : 05;
3DE4 : E9;
3DE5 : D0;
3DE6 : 71;
3DE7 : 41;
3DE8 : 95;
3DE9 : C8;
3DEA : 74;
3DEB : 67;
3DEC : 34;
3DED : 47;
3DEE : 8D;
3DEF : F5;
3DF0 : 5B;
3DF1 : 71;
3DF2 : 35;
3DF3 : 85;
3DF4 : 14;
3DF5 : 98;
3DF6 : D8;
3DF7 : C4;
3DF8 : 4A;
3DF9 : 07;
3DFA : 53;
3DFB : 8C;
3DFC : D5;
3DFD : D8;
3DFE : 91;
3DFF : E1;
3E00 : 2E;
3E01 : 2A;
3E02 : 0D;
3E03 : 06;
3E04 : 85;
3E05 : FF;
3E06 : 71;
3E07 : 75;
3E08 : 20;
3E09 : 45;
3E0A : 48;
3E0B : 7D;
3E0C : 8A;
3E0D : FD;
3E0E : 86;
3E0F : 10;
3E10 : 82;
3E11 : 49;
3E12 : ED;
3E13 : FF;
3E14 : A0;
3E15 : BA;
3E16 : 4C;
3E17 : E4;
3E18 : 8E;
3E19 : 7D;
3E1A : E1;
3E1B : EC;
3E1C : 30;
3E1D : DC;
3E1E : CB;
3E1F : 99;
3E20 : 9A;
3E21 : 25;
3E22 : 99;
3E23 : C2;
3E24 : 7A;
3E25 : 3B;
3E26 : 7C;
3E27 : 31;
3E28 : 00;
3E29 : FF;
3E2A : 7E;
3E2B : B0;
3E2C : B0;
3E2D : 4C;
3E2E : 55;
3E2F : 9D;
3E30 : 7C;
3E31 : 52;
3E32 : 9C;
3E33 : 58;
3E34 : D4;
3E35 : 02;
3E36 : 12;
3E37 : DA;
3E38 : 09;
3E39 : 9C;
3E3A : 8D;
3E3B : 02;
3E3C : 43;
3E3D : 4D;
3E3E : 4A;
3E3F : 80;
3E40 : 77;
3E41 : 6C;
3E42 : 21;
3E43 : 43;
3E44 : 6C;
3E45 : FD;
3E46 : B4;
3E47 : FA;
3E48 : 6D;
3E49 : F0;
3E4A : 80;
3E4B : F2;
3E4C : 03;
3E4D : 0B;
3E4E : BF;
3E4F : 22;
3E50 : 84;
3E51 : 67;
3E52 : 64;
3E53 : 6A;
3E54 : 70;
3E55 : 46;
3E56 : 8D;
3E57 : EE;
3E58 : 78;
3E59 : 3B;
3E5A : DB;
3E5B : 89;
3E5C : B6;
3E5D : 51;
3E5E : 18;
3E5F : 7C;
3E60 : BD;
3E61 : 2D;
3E62 : 95;
3E63 : 3D;
3E64 : F5;
3E65 : 35;
3E66 : 41;
3E67 : E2;
3E68 : 90;
3E69 : 9B;
3E6A : E0;
3E6B : 08;
3E6C : 86;
3E6D : 78;
3E6E : FF;
3E6F : 36;
3E70 : 98;
3E71 : 20;
3E72 : 39;
3E73 : 8E;
3E74 : 18;
3E75 : EC;
3E76 : 9F;
3E77 : 8E;
3E78 : 0C;
3E79 : 28;
3E7A : F1;
3E7B : E9;
3E7C : AD;
3E7D : EC;
3E7E : 2D;
3E7F : 84;
3E80 : 2C;
3E81 : 43;
3E82 : 50;
3E83 : 8E;
3E84 : 2F;
3E85 : 54;
3E86 : 7B;
3E87 : B8;
3E88 : 2E;
3E89 : 4B;
3E8A : 91;
3E8B : 0E;
3E8C : E4;
3E8D : ED;
3E8E : 94;
3E8F : A3;
3E90 : 01;
3E91 : 6B;
3E92 : 44;
3E93 : 62;
3E94 : 47;
3E95 : B9;
3E96 : 88;
3E97 : C5;
3E98 : EF;
3E99 : F4;
3E9A : 68;
3E9B : 0C;
3E9C : 4E;
3E9D : 5D;
3E9E : 4D;
3E9F : 57;
3EA0 : C4;
3EA1 : 49;
3EA2 : C4;
3EA3 : 44;
3EA4 : 84;
3EA5 : 46;
3EA6 : E4;
3EA7 : 96;
3EA8 : 40;
3EA9 : 4A;
3EAA : 84;
3EAB : 57;
3EAC : C5;
3EAD : 49;
3EAE : C5;
3EAF : 21;
3EB0 : B6;
3EB1 : 8A;
3EB2 : 80;
3EB3 : 26;
3EB4 : 12;
3EB5 : 2F;
3EB6 : 39;
3EB7 : 3E;
3EB8 : 56;
3EB9 : 44;
3EBA : F4;
3EBB : 35;
3EBC : 30;
3EBD : 31;
3EBE : 67;
3EBF : 70;
3EC0 : 13;
3EC1 : E8;
3EC2 : 62;
3EC3 : F2;
3EC4 : 66;
3EC5 : 0D;
3EC6 : 40;
3EC7 : 66;
3EC8 : 54;
3EC9 : 0C;
3ECA : 20;
3ECB : 40;
3ECC : 28;
3ECD : 28;
3ECE : 56;
3ECF : 54;
3ED0 : D0;
3ED1 : B1;
3ED2 : 30;
3ED3 : 50;
3ED4 : A8;
3ED5 : FC;
3ED6 : 0E;
3ED7 : F8;
3ED8 : A4;
3ED9 : FF;
3EDA : 67;
3EDB : 12;
3EDC : F1;
3EDD : 88;
3EDE : 7E;
3EDF : 61;
3EE0 : CB;
3EE1 : D1;
3EE2 : D0;
3EE3 : 20;
3EE4 : 99;
3EE5 : 8D;
3EE6 : E2;
3EE7 : 28;
3EE8 : 00;
3EE9 : 3D;
3EEA : 41;
3EEB : 52;
3EEC : A8;
3EED : C4;
3EEE : 0A;
3EEF : 40;
3EF0 : 39;
3EF1 : 42;
3EF2 : 9C;
3EF3 : FC;
3EF4 : D4;
3EF5 : 0F;
3EF6 : 98;
3EF7 : 44;
3EF8 : 42;
3EF9 : D0;
3EFA : A6;
3EFB : 71;
3EFC : D0;
3EFD : A0;
3EFE : 6A;
3EFF : 30;
3F00 : 18;
3F01 : A7;
3F02 : A4;
3F03 : 2D;
3F04 : 51;
3F05 : A8;
3F06 : 42;
3F07 : 50;
3F08 : 2A;
3F09 : 10;
3F0A : F8;
3F0B : B0;
3F0C : F0;
3F0D : A8;
3F0E : 02;
3F0F : 00;
3F10 : B4;
3F11 : 22;
3F12 : 00;
3F13 : 01;
3F14 : A5;
3F15 : BC;
3F16 : A5;
3F17 : C0;
3F18 : A1;
3F19 : C4;
3F1A : AA;
3F1B : 05;
3F1C : DC;
3F1D : 6A;
3F1E : 01;
3F1F : A9;
3F20 : 00;
3F21 : E0;
3F22 : A6;
3F23 : 10;
3F24 : 88;
3F25 : E4;
3F26 : 2B;
3F27 : 7F;
3F28 : FF;
3F29 : FF;
3F2A : FE;
3F2B : E8;
3F2C : 62;
3F2D : D5;
3F2E : 2B;
3F2F : 68;
3F30 : 30;
3F31 : 22;
3F32 : A5;
3F33 : 2B;
3F34 : 45;
3F35 : 9C;
3F36 : EC;
3F37 : 7C;
3F38 : 09;
3F39 : 7C;
3F3A : 18;
3F3B : F7;
3F3C : 24;
3F3D : 74;
3F3E : C5;
3F3F : D8;
3F40 : 50;
3F41 : 31;
3F42 : 42;
3F43 : 03;
3F44 : 60;
3F45 : 1E;
3F46 : 25;
3F47 : 34;
3F48 : CA;
3F49 : 20;
3F4A : D5;
3F4B : 70;
3F4C : 29;
3F4D : 5D;
3F4E : F3;
3F4F : 27;
3F50 : 02;
3F51 : 16;
3F52 : 07;
3F53 : 5B;
3F54 : 11;
3F55 : 28;
3F56 : 05;
3F57 : AB;
3F58 : C1;
3F59 : 0C;
3F5A : DC;
3F5B : CD;
3F5C : 90;
3F5D : B4;
3F5E : 7D;
3F5F : 03;
3F60 : 08;
3F61 : C8;
3F62 : B6;
3F63 : 68;
3F64 : 94;
3F65 : B1;
3F66 : A0;
3F67 : 27;
3F68 : FC;
3F69 : 51;
3F6A : D1;
3F6B : 99;
3F6C : B0;
3F6D : 08;
3F6E : B5;
3F6F : 89;
3F70 : 73;
3F71 : A7;
3F72 : 88;
3F73 : 9E;
3F74 : 60;
3F75 : E4;
3F76 : 50;
3F77 : 57;
3F78 : 48;
3F79 : E9;
3F7A : 80;
3F7B : D3;
3F7C : 96;
3F7D : 20;
3F7E : 05;
3F7F : E9;
3F80 : 14;
3F81 : 58;
3F82 : 9C;
3F83 : CE;
3F84 : 98;
3F85 : D5;
3F86 : DC;
3F87 : 50;
3F88 : A2;
3F89 : 51;
3F8A : 76;
3F8B : 9E;
3F8C : 0E;
3F8D : CD;
3F8E : F1;
3F8F : F0;
3F90 : 9D;
3F91 : 47;
3F92 : A4;
3F93 : D5;
3F94 : C2;
3F95 : E5;
3F96 : 50;
3F97 : A1;
3F98 : 09;
3F99 : B5;
3F9A : 24;
3F9B : 52;
3F9C : 1C;
3F9D : A0;
3F9E : 42;
3F9F : C2;
3FA0 : 20;
3FA1 : 2D;
3FA2 : 3E;
3FA3 : 5C;
3FA4 : B4;
3FA5 : B0;
3FA6 : 14;
3FA7 : 46;
3FA8 : 74;
3FA9 : 9A;
3FAA : 6A;
3FAB : 18;
3FAC : 3A;
3FAD : A3;
3FAE : 20;
3FAF : 28;
3FB0 : 52;
3FB1 : 52;
3FB2 : 90;
3FB3 : D4;
3FB4 : 8A;
3FB5 : 98;
3FB6 : 09;
3FB7 : 21;
3FB8 : EE;
3FB9 : 67;
3FBA : EA;
3FBB : 70;
3FBC : 0A;
3FBD : D1;
3FBE : E1;
3FBF : 64;
3FC0 : C8;
3FC1 : B5;
3FC2 : 3C;
3FC3 : 62;
3FC4 : 3D;
3FC5 : FB;
3FC6 : B2;
3FC7 : BC;
3FC8 : DA;
3FC9 : A0;
3FCA : 9F;
3FCB : 1A;
3FCC : 67;
3FCD : 16;
3FCE : CC;
3FCF : D1;
3FD0 : A7;
3FD1 : FD;
3FD2 : 52;
3FD3 : 53;
3FD4 : 3C;
3FD5 : 2B;
3FD6 : 50;
3FD7 : B5;
3FD8 : BD;
3FD9 : 74;
3FDA : 15;
3FDB : A8;
3FDC : A8;
3FDD : 0B;
3FDE : A7;
3FDF : EE;
3FE0 : 14;
3FE1 : 8B;
3FE2 : 20;
3FE3 : 5C;
3FE4 : AD;
3FE5 : E8;
3FE6 : BC;
3FE7 : D4;
3FE8 : CD;
3FE9 : 58;
3FEA : 70;
3FEB : B8;
3FEC : 06;
3FED : 10;
3FEE : BD;
3FEF : 62;
3FF0 : 05;
3FF1 : 0C;
3FF2 : AC;
3FF3 : B0;
3FF4 : 4A;
3FF5 : 06;
3FF6 : 88;
3FF7 : 34;
3FF8 : 2E;
3FF9 : E4;
3FFA : D0;
3FFB : 6C;
3FFC : 60;
3FFD : C3;
3FFE : A5;
3FFF : E0;
4000 : B2;
4001 : 38;
4002 : AD;
4003 : 0C;
4004 : 78;
4005 : A0;
4006 : D8;
4007 : 8D;
4008 : D1;
4009 : 69;
400A : 19;
400B : 44;
400C : C3;
400D : 98;
400E : C1;
400F : C7;
4010 : E0;
4011 : B3;
4012 : 35;
4013 : FC;
4014 : F9;
4015 : 0A;
4016 : F1;
4017 : 2E;
4018 : 13;
4019 : 09;
401A : 3C;
401B : D5;
401C : 09;
401D : D4;
401E : E2;
401F : C5;
4020 : FD;
4021 : AA;
4022 : 72;
4023 : 25;
4024 : C5;
4025 : 03;
4026 : 8A;
4027 : 20;
4028 : 24;
4029 : 0F;
402A : 25;
402B : 50;
402C : 75;
402D : D8;
402E : 8C;
402F : 74;
4030 : 6F;
4031 : 49;
4032 : FD;
4033 : 8B;
4034 : 7A;
4035 : 2E;
4036 : 66;
4037 : 74;
4038 : EC;
4039 : C9;
403A : FD;
403B : 5B;
403C : 5B;
403D : D0;
403E : C4;
403F : 41;
4040 : 56;
4041 : E8;
4042 : A7;
4043 : 39;
4044 : 6F;
4045 : 19;
4046 : 10;
4047 : A7;
4048 : 55;
4049 : 07;
404A : 9C;
404B : 88;
404C : 9C;
404D : E4;
404E : FC;
404F : E0;
4050 : E2;
4051 : 81;
4052 : D0;
4053 : 80;
4054 : 58;
4055 : 88;
4056 : 9D;
4057 : 80;
4058 : 69;
4059 : 58;
405A : 6E;
405B : 50;
405C : A0;
405D : 0A;
405E : CC;
405F : 1A;
4060 : 50;
4061 : 5A;
4062 : 5C;
4063 : 06;
4064 : 86;
4065 : 6C;
4066 : 8D;
4067 : 5C;
4068 : 15;
4069 : 48;
406A : 10;
406B : A1;
406C : 34;
406D : 38;
406E : E0;
406F : A5;
4070 : 30;
4071 : 68;
4072 : 2C;
4073 : 4D;
4074 : 44;
4075 : 0C;
4076 : 08;
4077 : 9C;
4078 : F0;
4079 : 20;
407A : 2D;
407B : D3;
407C : 81;
407D : FD;
407E : D0;
407F : F1;
4080 : 40;
4081 : E3;
4082 : A4;
4083 : 03;
4084 : 3C;
4085 : 55;
4086 : 37;
4087 : 34;
4088 : 41;
4089 : 8F;
408A : E0;
408B : 2C;
408C : 8F;
408D : 68;
408E : 2F;
408F : 20;
4090 : 86;
4091 : 64;
4092 : 3F;
4093 : 00;
4094 : 42;
4095 : 67;
4096 : 1B;
4097 : 0C;
4098 : 75;
4099 : 19;
409A : 07;
409B : D8;
409C : 89;
409D : 3F;
409E : 20;
409F : 35;
40A0 : 50;
40A1 : 89;
40A2 : 60;
40A3 : 36;
40A4 : 10;
40A5 : 34;
40A6 : 05;
40A7 : 78;
40A8 : 54;
40A9 : D8;
40AA : C0;
40AB : 35;
40AC : 14;
40AD : E2;
40AE : 4C;
40AF : FE;
40B0 : F0;
40B1 : 18;
40B2 : 31;
40B3 : 0A;
40B4 : 60;
40B5 : 1A;
40B6 : 53;
40B7 : 42;
40B8 : BD;
40B9 : B4;
40BA : 80;
40BB : 16;
40BC : CC;
40BD : E0;
40BE : F5;
40BF : D1;
40C0 : 12;
40C1 : 32;
40C2 : 38;
40C3 : FF;
40C4 : 0A;
40C5 : E0;
40C6 : A9;
40C7 : 0A;
40C8 : EC;
40C9 : AB;
40CA : 0D;
40CB : E6;
40CC : 45;
40CD : B2;
40CE : E0;
40CF : 93;
40D0 : C0;
40D1 : 03;
40D2 : 5F;
40D3 : 14;
40D4 : E4;
40D5 : 54;
40D6 : 30;
40D7 : 9F;
40D8 : 8C;
40D9 : 30;
40DA : 7C;
40DB : 02;
40DC : 80;
40DD : 90;
40DE : C0;
40DF : 24;
40E0 : 08;
40E1 : 6A;
40E2 : 02;
40E3 : 2A;
40E4 : 09;
40E5 : E2;
40E6 : 35;
40E7 : D4;
40E8 : 45;
40E9 : 78;
40EA : 64;
40EB : E3;
40EC : 3F;
40ED : 06;
40EE : 19;
40EF : 3F;
40F0 : 02;
40F1 : E6;
40F2 : F9;
40F3 : B8;
40F4 : 3F;
40F5 : 9E;
40F6 : 08;
40F7 : D8;
40F8 : 00;
40F9 : 5A;
40FA : 60;
40FB : AD;
40FC : 28;
40FD : 4A;
40FE : 44;
40FF : 2A;
4100 : 90;
4101 : 44;
4102 : A2;
4103 : 20;
4104 : 20;
4105 : 04;
4106 : FC;
4107 : 94;
4108 : D5;
4109 : 9F;
410A : 70;
410B : 57;
410C : 65;
410D : 6C;
410E : 63;
410F : 6F;
4110 : 6D;
4111 : 65;
4112 : 20;
4113 : 74;
4114 : 6F;
4115 : 20;
4116 : 79;
4117 : 0B;
4118 : 44;
4119 : 61;
411A : C9;
411B : D0;
411C : 6D;
411D : 69;
411E : 67;
411F : 61;
4120 : 20;
4121 : 54;
4122 : 88;
4123 : F2;
4124 : 3B;
4125 : 5A;
4126 : 6F;
4127 : 72;
4128 : 72;
4129 : D5;
412A : 49;
412B : 90;
412C : FF;
412D : C7;
412E : 20;
412F : 53;
4130 : 43;
4131 : 53;
4132 : 49;
4133 : 2D;
4134 : 32;
4135 : 20;
4136 : 48;
4137 : 6F;
4138 : 73;
4139 : 74;
413A : 6D;
413B : 5B;
413C : C6;
413D : 85;
413E : D3;
413F : E7;
4140 : 6C;
4141 : 6C;
4142 : 65;
4143 : 72;
4144 : 00;
4145 : 54;
4146 : 68;
4147 : 69;
4148 : 73;
4149 : 20;
414A : 70;
414B : E7;
414C : 6A;
414D : 65;
414E : 63;
414F : EA;
4150 : D1;
4151 : EA;
4152 : 62;
4153 : 26;
4154 : 75;
4155 : 67;
4156 : 68;
4157 : F3;
4158 : 68;
4159 : B8;
415A : E3;
415B : 79;
415C : A7;
415D : FB;
415E : 68;
415F : 72;
4160 : BB;
4161 : 90;
4162 : 5E;
4163 : 53;
4164 : A3;
4165 : 0E;
4166 : 20;
4167 : 61;
4168 : 6E;
4169 : 64;
416A : 6D;
416B : 79;
416C : 74;
416D : 65;
416E : 66;
416F : F1;
4170 : 7A;
4171 : 20;
4172 : 52;
4173 : 65;
4174 : 69;
4175 : 6E;
4176 : 61;
4177 : 75;
4178 : 7A;
4179 : D4;
417A : 00;
417B : 40;
417C : D9;
417D : FC;
417E : 72;
417F : 36;
4180 : 2F;
4181 : 00;
4182 : 1A;
4183 : 74;
4184 : 54;
4185 : D4;
4186 : EC;
4187 : 35;
4188 : CB;
4189 : B0;
418A : 40;
418B : 00;
418C : 8A;
418D : C4;
418E : 00;
418F : D6;
4190 : 04;
4191 : 36;
4192 : 70;
4193 : 30;
4194 : 5E;
4195 : 41;
4196 : CC;
4197 : 35;
4198 : 92;
4199 : 84;
419A : E3;
419B : 60;
419C : F4;
419D : 02;
419E : 59;
419F : 2B;
41A0 : A7;
41A1 : 70;
41A2 : D0;
41A3 : 8F;
41A4 : 88;
41A5 : A1;
41A6 : 78;
41A7 : 1C;
41A8 : 9B;
41A9 : 9F;
41AA : 30;
41AB : 18;
41AC : 42;
41AD : 84;
41AE : D5;
41AF : 40;
41B0 : DB;
41B1 : C4;
41B2 : 00;
41B3 : 14;
41B4 : 0C;
41B5 : 04;
41B6 : B5;
41B7 : 0D;
41B8 : 1B;
41B9 : E0;
41BA : D4;
41BB : 5B;
41BC : 1E;
41BD : 3C;
41BE : 7F;
41BF : 78;
41C0 : 48;
41C1 : 79;
41C2 : 8C;
41C3 : E0;
41C4 : 50;
41C5 : 83;
41C6 : 9C;
41C7 : F8;
41C8 : 23;
41C9 : C0;
41CA : 00;
41CB : 18;
41CC : E4;
41CD : B4;
41CE : 68;
41CF : 10;
41D0 : A9;
41D1 : 28;
41D2 : 0C;
41D3 : AA;
41D4 : 12;
41D5 : 79;
41D6 : 6A;
41D7 : 58;
41D8 : C5;
41D9 : 16;
41DA : 6A;
41DB : 40;
41DC : 57;
41DD : BA;
41DE : 04;
41DF : F4;
41E0 : A9;
41E1 : 0E;
41E2 : 06;
41E3 : BD;
41E4 : B7;
41E5 : 59;
41E6 : 47;
41E7 : 8C;
41E8 : D4;
41E9 : 5A;
41EA : B0;
41EB : FF;
41EC : 34;
41ED : 58;
41EE : 40;
41EF : 4A;
41F0 : 20;
41F1 : 20;
41F2 : 9B;
41F3 : 48;
41F4 : 7A;
41F5 : FE;
41F6 : AC;
41F7 : 18;
41F8 : CA;
41F9 : DC;
41FA : 2C;
41FB : 1A;
41FC : D6;
41FD : 6F;
41FE : 06;
41FF : 91;
4200 : D4;
4201 : 0D;
4202 : 15;
4203 : 9F;
4204 : 94;
4205 : B5;
4206 : 7F;
4207 : 48;
4208 : F8;
4209 : D9;
420A : 5C;
420B : D8;
420C : 38;
420D : 63;
420E : 9C;
420F : 9C;
4210 : FE;
4211 : D4;
4212 : 75;
4213 : DC;
4214 : 79;
4215 : C4;
4216 : D6;
4217 : 78;
4218 : 29;
4219 : A8;
421A : EE;
421B : 45;
421C : 97;
421D : AC;
421E : 18;
421F : C0;
4220 : 9D;
4221 : C0;
4222 : 0E;
4223 : 50;
4224 : CA;
4225 : 44;
4226 : 11;
4227 : 61;
4228 : D6;
4229 : E7;
422A : A3;
422B : 64;
422C : 45;
422D : 6E;
422E : 9A;
422F : F0;
4230 : 4F;
4231 : EC;
4232 : FB;
4233 : 66;
4234 : 02;
4235 : 19;
4236 : A3;
4237 : 53;
4238 : 41;
4239 : 73;
423A : B5;
423B : F7;
423C : 68;
423D : C2;
423E : 7B;
423F : 6D;
4240 : C2;
4241 : 4C;
4242 : 63;
4243 : B5;
4244 : 67;
4245 : C8;
4246 : 7A;
4247 : 8E;
4248 : 46;
4249 : 61;
424A : E8;
424B : 6A;
424C : 31;
424D : 0B;
424E : 53;
424F : 6C;
4250 : 6F;
4251 : 77;
4252 : 5F;
4253 : 58;
4254 : 58;
4255 : 39;
4256 : BD;
4257 : 44;
4258 : 3A;
4259 : A1;
425A : 63;
425B : 16;
425C : 9E;
425D : 61;
425E : 61;
425F : 67;
4260 : 6E;
4261 : D8;
4262 : 9C;
4263 : 69;
4264 : 63;
4265 : 73;
4266 : 79;
4267 : 43;
4268 : E5;
4269 : 29;
426A : 49;
426B : 50;
426C : 20;
426D : 73;
426E : 77;
426F : 69;
4270 : E1;
4271 : 63;
4272 : 68;
4273 : 65;
4274 : 65;
4275 : FB;
4276 : 7E;
4277 : 42;
4278 : 61;
4279 : 63;
427A : 6B;
427B : 46;
427C : 2F;
427D : E3;
427E : 39;
427F : 60;
4280 : 48;
4281 : 73;
4282 : F8;
4283 : 55;
4284 : 4E;
4285 : B5;
4286 : 0D;
4287 : D7;
4288 : 78;
4289 : 74;
428A : 6D;
428B : 9F;
428C : 05;
428D : 6C;
428E : 20;
428F : 54;
4290 : F3;
4291 : 4F;
4292 : 85;
4293 : EF;
4294 : F8;
4295 : 89;
4296 : 1F;
4297 : 63;
4298 : EF;
4299 : 79;
429A : 6E;
429B : 97;
429C : 72;
429D : 0D;
429E : 4F;
429F : 59;
42A0 : 71;
42A1 : 88;
42A2 : A8;
42A3 : 7B;
42A4 : 4D;
42A5 : 6F;
42A6 : 64;
42A7 : 65;
42A8 : 00;
42A9 : 19;
42AA : 70;
42AB : 8F;
42AC : BF;
42AD : 75;
42AE : 70;
42AF : E6;
42B0 : 2F;
42B1 : 42;
42B2 : C9;
42B3 : 9E;
42B4 : D2;
42B5 : BE;
42B6 : 22;
42B7 : 41;
42B8 : 64;
42B9 : BE;
42BA : 72;
42BB : 35;
42BC : A5;
42BD : 0B;
42BE : 41;
42BF : 3F;
42C0 : 20;
42C1 : 3D;
42C2 : 0D;
42C3 : 97;
42C4 : 4D;
42C5 : 21;
42C6 : 17;
42C7 : 3C;
42C8 : A0;
42C9 : CC;
42CA : D0;
42CB : 15;
42CC : 8A;
42CD : 90;
42CE : 02;
42CF : 6C;
42D0 : 6C;
42D1 : 89;
42D2 : 58;
42D3 : C5;
42D4 : 7A;
42D5 : FF;
42D6 : 56;
42D7 : A8;
42D8 : C0;
42D9 : E2;
42DA : 93;
42DB : FD;
42DC : C4;
42DD : 3B;
42DE : 7C;
42DF : 01;
42E0 : 90;
42E1 : E2;
42E2 : ED;
42E3 : F5;
42E4 : 00;
42E5 : 91;
42E6 : A7;
42E7 : E4;
42E8 : 2C;
42E9 : 8D;
42EA : E6;
42EB : 4E;
42EC : E8;
42ED : 2B;
42EE : 5E;
42EF : DD;
42F0 : EA;
42F1 : AA;
42F2 : E4;
42F3 : 02;
42F4 : FE;
42F5 : F2;
42F6 : A0;
42F7 : B1;
42F8 : 35;
42F9 : FC;
42FA : 54;
42FB : D2;
42FC : 41;
42FD : B4;
42FE : 74;
42FF : 89;
4300 : DC;
4301 : AF;
4302 : 3C;
4303 : 80;
4304 : 08;
4305 : 4D;
4306 : CC;
4307 : E2;
4308 : EC;
4309 : C8;
430A : 33;
430B : 38;
430C : B8;
430D : 58;
430E : D4;
430F : A6;
4310 : 34;
4311 : E2;
4312 : 73;
4313 : F9;
4314 : 01;
4315 : B8;
4316 : 3F;
4317 : E8;
4318 : D3;
4319 : 9D;
431A : 54;
431B : 18;
431C : 35;
431D : 9D;
431E : 4C;
431F : 34;
4320 : 7C;
4321 : A0;
4322 : D9;
4323 : 2A;
4324 : 81;
4325 : D1;
4326 : 50;
4327 : D5;
4328 : C5;
4329 : 7E;
432A : D3;
432B : DE;
432C : 8D;
432D : 20;
432E : 47;
432F : 4A;
4330 : 40;
4331 : 2D;
4332 : 57;
4333 : 30;
4334 : 69;
4335 : 4C;
4336 : D1;
4337 : 40;
4338 : 50;
4339 : C3;
433A : 04;
433B : CB;
433C : F4;
433D : 08;
433E : 40;
433F : 52;
4340 : C4;
4341 : 6B;
4342 : 16;
4343 : 48;
4344 : C0;
4345 : A4;
4346 : 0A;
4347 : FC;
4348 : 09;
4349 : EC;
434A : D3;
434B : D0;
434C : A6;
434D : 41;
434E : E6;
434F : 88;
4350 : E0;
4351 : 26;
4352 : 9E;
4353 : 08;
4354 : D2;
4355 : 06;
4356 : 98;
4357 : BC;
4358 : A9;
4359 : C0;
435A : B4;
435B : 70;
435C : FF;
435D : B4;
435E : D8;
435F : DE;
4360 : 8C;
4361 : A0;
4362 : A6;
4363 : 9B;
4364 : EA;
4365 : BE;
4366 : 90;
4367 : 43;
4368 : 69;
4369 : 78;
436A : 6D;
436B : 80;
436C : FD;
436D : 68;
436E : B8;
436F : C5;
4370 : 4F;
4371 : D8;
4372 : D2;
4373 : C0;
4374 : F2;
4375 : 08;
4376 : A0;
4377 : 92;
4378 : BE;
4379 : 3D;
437A : 9D;
437B : 30;
437C : C0;
437D : 7C;
437E : 98;
437F : A5;
4380 : 9B;
4381 : F6;
4382 : B8;
4383 : E5;
4384 : 01;
4385 : 10;
4386 : F4;
4387 : A0;
4388 : A5;
4389 : 20;
438A : F5;
438B : 58;
438C : A0;
438D : BE;
438E : 3D;
438F : C0;
4390 : 7E;
4391 : 38;
4392 : D6;
4393 : 36;
4394 : DD;
4395 : 06;
4396 : 48;
4397 : 7C;
4398 : 07;
4399 : 42;
439A : 40;
439B : 10;
439C : 03;
439D : 3B;
439E : 40;
439F : B2;
43A0 : D0;
43A1 : 47;
43A2 : 71;
43A3 : ED;
43A4 : AC;
43A5 : C8;
43A6 : 4B;
43A7 : 5C;
43A8 : 57;
43A9 : 28;
43AA : 73;
43AB : D1;
43AC : 0D;
43AD : 7C;
43AE : 8D;
43AF : 49;
43B0 : EB;
43B1 : 10;
43B2 : 2A;
43B3 : C8;
43B4 : 0C;
43B5 : 6A;
43B6 : B4;
43B7 : DA;
43B8 : 0B;
43B9 : 30;
43BA : A9;
43BB : 8A;
43BC : 02;
43BD : 30;
43BE : 97;
43BF : 34;
43C0 : 78;
43C1 : F8;
43C2 : E4;
43C3 : 2E;
43C4 : 8B;
43C5 : C4;
43C6 : FE;
43C7 : 9D;
43C8 : A8;
43C9 : 93;
43CA : B4;
43CB : F0;
43CC : 21;
43CD : 8C;
43CE : B8;
43CF : 08;
43D0 : A4;
43D1 : A1;
43D2 : 8C;
43D3 : 3D;
43D4 : C1;
43D5 : 49;
43D6 : DC;
43D7 : 7F;
43D8 : 29;
43D9 : A8;
43DA : 4A;
43DB : 1C;
43DC : 7D;
43DD : 68;
43DE : 7F;
43DF : 4D;
43E0 : 30;
43E1 : 69;
43E2 : 0C;
43E3 : 0D;
43E4 : E8;
43E5 : 50;
43E6 : 38;
43E7 : C0;
43E8 : 1A;
43E9 : 5D;
43EA : 44;
43EB : BA;
43EC : 04;
43ED : F0;
43EE : E5;
43EF : 94;
43F0 : 50;
43F1 : B6;
43F2 : 4D;
43F3 : 71;
43F4 : C5;
43F5 : 06;
43F6 : 0A;
43F7 : D4;
43F8 : 01;
43F9 : 8D;
43FA : 0C;
43FB : 28;
43FC : 40;
43FD : 41;
43FE : EC;
43FF : 00;
4400 : 1E;
4401 : 2B;
4402 : 48;
4403 : FF;
4404 : CC;
4405 : 28;
4406 : 0B;
4407 : 54;
4408 : 84;
4409 : 49;
440A : EC;
440B : 16;
440C : E0;
440D : EF;
440E : 71;
440F : 04;
4410 : 6D;
4411 : 64;
4412 : 4C;
4413 : A4;
4414 : 02;
4415 : 6E;
4416 : 84;
4417 : C8;
4418 : 0F;
4419 : B0;
441A : C4;
441B : 2F;
441C : 48;
441D : 20;
441E : 7F;
441F : 94;
4420 : 70;
4421 : 54;
4422 : BF;
4423 : 8E;
4424 : 75;
4425 : C8;
4426 : 72;
4427 : C0;
4428 : 5F;
4429 : 3D;
442A : C2;
442B : B0;
442C : 8F;
442D : 1C;
442E : 74;
442F : 4F;
4430 : 58;
4431 : F6;
4432 : 3C;
4433 : 90;
4434 : 0E;
4435 : 9C;
4436 : 53;
4437 : 86;
4438 : 47;
4439 : B7;
443A : 01;
443B : 0A;
443C : 50;
443D : 8A;
443E : B6;
443F : FC;
4440 : 1C;
4441 : 98;
4442 : 66;
4443 : 00;
4444 : FE;
4445 : 58;
4446 : 65;
4447 : 84;
4448 : D4;
4449 : 8D;
444A : 2D;
444B : 78;
444C : 07;
444D : 69;
444E : 70;
444F : D0;
4450 : 4F;
4451 : 02;
4452 : 83;
4453 : 45;
4454 : E2;
4455 : 74;
4456 : 49;
4457 : F9;
4458 : 6C;
4459 : 7C;
445A : 31;
445B : 0B;
445C : 92;
445D : B4;
445E : C8;
445F : 18;
4460 : 0C;
4461 : B1;
4462 : 7E;
4463 : D8;
4464 : 58;
4465 : C5;
4466 : 10;
4467 : 04;
4468 : 41;
4469 : ED;
446A : 8C;
446B : 1B;
446C : 6E;
446D : 21;
446E : D3;
446F : 74;
4470 : 2C;
4471 : 07;
4472 : 64;
4473 : 48;
4474 : CA;
4475 : 35;
4476 : 8B;
4477 : 6F;
4478 : CA;
4479 : AC;
447A : 70;
447B : 86;
447C : D0;
447D : 13;
447E : 24;
447F : 06;
4480 : E9;
4481 : AA;
4482 : C4;
4483 : 83;
4484 : 42;
4485 : 14;
4486 : 20;
4487 : 44;
4488 : A7;
4489 : B4;
448A : 14;
448B : 57;
448C : 88;
448D : 00;
448E : 0A;
448F : D0;
4490 : BB;
4491 : 04;
4492 : 97;
4493 : E8;
4494 : 54;
4495 : 18;
4496 : 94;
4497 : 2A;
4498 : AA;
4499 : BB;
449A : 86;
449B : DF;
449C : 2E;
449D : 71;
449E : B5;
449F : 50;
44A0 : 62;
44A1 : 99;
44A2 : FB;
44A3 : 82;
44A4 : 08;
44A5 : 93;
44A6 : 00;
44A7 : 7C;
44A8 : 71;
44A9 : C5;
44AA : 44;
44AB : E2;
44AC : D0;
44AD : 5E;
44AE : 72;
44AF : AA;
44B0 : 82;
44B1 : 2A;
44B2 : 08;
44B3 : AE;
44B4 : 5E;
44B5 : 7B;
44B6 : 22;
44B7 : B8;
44B8 : A0;
44B9 : 69;
44BA : 5A;
44BB : 83;
44BC : 68;
44BD : 06;
44BE : 6D;
44BF : 86;
44C0 : 5E;
44C1 : 59;
44C2 : 78;
44C3 : 5D;
44C4 : 50;
44C5 : 7E;
44C6 : 04;
44C7 : BC;
44C8 : 28;
44C9 : 8A;
44CA : 1A;
44CB : 8C;
44CC : 53;
44CD : A7;
44CE : 5C;
44CF : 2D;
44D0 : 60;
44D1 : 46;
44D2 : 8A;
44D3 : B8;
44D4 : 8F;
44D5 : 06;
44D6 : 80;
44D7 : 95;
44D8 : 6A;
44D9 : 1E;
44DA : 86;
44DB : 22;
44DC : 81;
44DD : 9A;
44DE : A0;
44DF : A6;
44E0 : 1B;
44E1 : 07;
44E2 : 97;
44E3 : 0C;
44E4 : 41;
44E5 : 56;
44E6 : CC;
44E7 : 2E;
44E8 : 28;
44E9 : D5;
44EA : 24;
44EB : FA;
44EC : FB;
44ED : 32;
44EE : 7C;
44EF : 23;
44F0 : 30;
44F1 : 13;
44F2 : 47;
44F3 : 90;
44F4 : DB;
44F5 : 03;
44F6 : 02;
44F7 : A9;
44F8 : EC;
44F9 : C2;
44FA : B7;
44FB : 8E;
44FC : 2D;
44FD : C8;
44FE : B8;
44FF : 2E;
4500 : BA;
4501 : F6;
4502 : C6;
4503 : 2E;
4504 : E8;
4505 : 73;
4506 : 48;
4507 : 75;
4508 : C9;
4509 : 80;
450A : D4;
450B : 0C;
450C : 53;
450D : 84;
450E : 1A;
450F : 50;
4510 : F8;
4511 : 66;
4512 : D8;
4513 : B1;
4514 : 09;
4515 : E4;
4516 : 1A;
4517 : 99;
4518 : D5;
4519 : A2;
451A : 4B;
451B : 07;
451C : FA;
451D : 1A;
451E : 14;
451F : 19;
4520 : 10;
4521 : C2;
4522 : 66;
4523 : FA;
4524 : 0C;
4525 : A4;
4526 : D6;
4527 : 68;
4528 : 63;
4529 : 2E;
452A : 02;
452B : 40;
452C : 00;
452D : FF;
452E : 32;
452F : 00;
4530 : C2;
4531 : FC;
4532 : CC;
4533 : CD;
4534 : 76;
4535 : 34;
4536 : E6;
4537 : A9;
4538 : E6;
4539 : 49;
453A : 02;
453B : 74;
453C : 25;
453D : E3;
453E : 30;
453F : 1B;
4540 : 43;
4541 : FF;
4542 : DE;
4543 : C3;
4544 : FC;
4545 : 79;
4546 : 90;
4547 : 41;
4548 : EA;
4549 : 0D;
454A : E4;
454B : 40;
454C : 96;
454D : DF;
454E : 1B;
454F : 42;
4550 : FF;
4551 : E0;
4552 : 60;
4553 : 0C;
4554 : 5A;
4555 : DE;
4556 : 6D;
4557 : DF;
4558 : 0A;
4559 : C0;
455A : 9B;
455B : 81;
455C : 90;
455D : C3;
455E : 19;
455F : 04;
4560 : 76;
4561 : EC;
4562 : A3;
4563 : 3C;
4564 : DD;
4565 : F1;
4566 : F4;
4567 : 92;
4568 : 20;
4569 : 45;
456A : 02;
456B : 68;
456C : FF;
456D : F7;
456E : B8;
456F : 74;
4570 : D1;
4571 : D1;
4572 : F9;
4573 : 1C;
4574 : 62;
4575 : 2C;
4576 : 82;
4577 : A4;
4578 : 31;
4579 : 41;
457A : 62;
457B : 2B;
457C : F1;
457D : 74;
457E : 12;
457F : 3C;
4580 : 35;
4581 : 4A;
4582 : 94;
4583 : 75;
4584 : 61;
4585 : 6E;
4586 : 6B;
4587 : 4F;
4588 : BE;
4589 : 54;
458A : E4;
458B : B0;
458C : 28;
458D : 44;
458E : 61;
458F : 76;
4590 : 65;
4591 : 20;
4592 : 48;
4593 : 61;
4594 : 79;
4595 : 6E;
4596 : 69;
4597 : 65;
4598 : 2C;
4599 : AF;
459A : 53;
459B : 63;
459C : 74;
459D : B5;
459E : EC;
459F : F5;
45A0 : BF;
45A1 : 65;
45A2 : 4C;
45A3 : 37;
45A4 : 4E;
45A5 : 5B;
45A6 : DF;
45A7 : C4;
45A8 : 47;
45A9 : B4;
45AA : DF;
45AB : 67;
45AC : 31;
45AD : 8D;
45AE : 28;
45AF : 55;
45B0 : 6C;
45B1 : D5;
45B2 : 3C;
45B3 : 84;
45B4 : 4E;
45B5 : 3E;
45B6 : 30;
45B7 : 72;
45B8 : 79;
45B9 : 6A;
45BA : 79;
45BB : 69;
45BC : F5;
45BD : 68;
45BE : C5;
45BF : 45;
45C0 : FB;
45C1 : 5E;
45C2 : 7D;
45C3 : 68;
45C4 : F5;
45C5 : 85;
45C6 : F3;
45C7 : 1F;
45C8 : 9D;
45C9 : C1;
45CA : 13;
45CB : 03;
45CC : 9D;
45CD : 42;
45CE : 2F;
45CF : C3;
45D0 : 44;
45D1 : E1;
45D2 : EC;
45D3 : 59;
45D4 : C3;
45D5 : 62;
45D6 : 1C;
45D7 : 2D;
45D8 : 0F;
45D9 : D5;
45DA : C7;
45DB : F9;
45DC : 8F;
45DD : B8;
45DE : 75;
45DF : 4E;
45E0 : 65;
45E1 : 74;
45E2 : 42;
45E3 : 53;
45E4 : 44;
45E5 : 2F;
45E6 : 19;
45E7 : 46;
45E8 : C1;
45E9 : 89;
45EA : 8A;
45EB : B1;
45EC : 73;
45ED : 75;
45EE : 62;
45EF : 12;
45F0 : 52;
45F1 : 3E;
45F2 : 4E;
45F3 : 43;
45F4 : 00;
45F5 : 4E;
45F6 : 43;
45F7 : 52;
45F8 : 35;
45F9 : 33;
45FA : 43;
45FB : 37;
45FC : 31;
45FD : 30;
45FE : 20;
45FF : 63;
4600 : 06;
4601 : B2;
4602 : D4;
4603 : 7B;
4604 : 8C;
4605 : 6D;
4606 : BF;
4607 : 21;
4608 : 79;
4609 : 3B;
460A : 11;
460B : DA;
460C : E7;
460D : D7;
460E : 6E;
460F : ED;
4610 : 3B;
4611 : 62;
4612 : EF;
4613 : 81;
4614 : 21;
4615 : 73;
4616 : 61;
4617 : BE;
4618 : 4A;
4619 : 5C;
461A : 2B;
461B : 00;
461C : 79;
461D : 61;
461E : 9F;
461F : E3;
4620 : 2E;
4621 : 20;
4622 : 4F;
4623 : 06;
4624 : 75;
4625 : 02;
4626 : 54;
4627 : F7;
4628 : 99;
4629 : 59;
462A : FE;
462B : AB;
462C : 0B;
462D : 82;
462E : 2A;
462F : 54;
4630 : 6F;
4631 : 69;
4632 : AA;
4633 : 57;
4634 : 6C;
4635 : B7;
4636 : 6E;
4637 : DF;
4638 : 02;
4639 : A5;
463A : F9;
463B : 6C;
463C : 61;
463D : 0A;
463E : E3;
463F : 55;
4640 : 6B;
4641 : 65;
4642 : C0;
4643 : 77;
4644 : 9A;
4645 : 61;
4646 : 20;
4647 : 70;
4648 : 6F;
4649 : FF;
464A : 73;
464B : 59;
464C : C3;
464D : C5;
464E : 07;
464F : 34;
4650 : B0;
4651 : E0;
4652 : 62;
4653 : 3C;
4654 : 84;
4655 : 03;
4656 : 89;
4657 : FE;
4658 : D0;
4659 : 23;
465A : F6;
465B : E2;
465C : F5;
465D : E0;
465E : 1D;
465F : 48;
4660 : 35;
4661 : 04;
4662 : 8D;
4663 : 9C;
4664 : EA;
4665 : 33;
4666 : AC;
4667 : 76;
4668 : 6E;
4669 : B2;
466A : B5;
466B : 35;
466C : F5;
466D : AC;
466E : 49;
466F : C8;
4670 : EA;
4671 : D4;
4672 : 4D;
4673 : 5A;
4674 : CC;
4675 : 6E;
4676 : 96;
4677 : B0;
4678 : 29;
4679 : 56;
467A : 69;
467B : EA;
467C : A6;
467D : 84;
467E : 86;
467F : 1C;
4680 : 92;
4681 : 5F;
4682 : 26;
4683 : FF;
4684 : 08;
4685 : 86;
4686 : 6E;
4687 : 92;
4688 : 68;
4689 : 26;
468A : FF;
468B : 28;
468C : 81;
468D : 5C;
468E : A6;
468F : 7F;
4690 : 9A;
4691 : CC;
4692 : 3D;
4693 : 68;
4694 : 46;
4695 : 69;
4696 : B2;
4697 : B0;
4698 : 64;
4699 : E3;
469A : 04;
469B : 04;
469C : 94;
469D : AD;
469E : 88;
469F : 32;
46A0 : 57;
46A1 : FC;
46A2 : 42;
46A3 : 8D;
46A4 : 03;
46A5 : F5;
46A6 : CC;
46A7 : 59;
46A8 : F4;
46A9 : 88;
46AA : F4;
46AB : CE;
46AC : 10;
46AD : 3F;
46AE : 59;
46AF : B9;
46B0 : 2B;
46B1 : C8;
46B2 : BC;
46B3 : 4C;
46B4 : 4D;
46B5 : 10;
46B6 : 8A;
46B7 : DC;
46B8 : 22;
46B9 : 02;
46BA : 53;
46BB : 67;
46BC : 36;
46BD : 22;
46BE : 4A;
46BF : 24;
46C0 : 03;
46C1 : 20;
46C2 : 03;
46C3 : 53;
46C4 : 80;
46C5 : 20;
46C6 : 49;
46C7 : 0C;
46C8 : 19;
46C9 : D4;
46CA : 11;
46CB : 8D;
46CC : E5;
46CD : 53;
46CE : 82;
46CF : 02;
46D0 : 74;
46D1 : A9;
46D2 : F2;
46D3 : EA;
46D4 : 1E;
46D5 : 24;
46D6 : 01;
46D7 : F0;
46D8 : 02;
46D9 : 9A;
46DA : 0C;
46DB : 22;
46DC : 02;
46DD : 79;
46DE : 81;
46DF : 0C;
46E0 : 32;
46E1 : CD;
46E2 : 28;
46E3 : 28;
46E4 : FF;
46E5 : 67;
46E6 : EC;
46E7 : B4;
46E8 : 83;
46E9 : C0;
46EA : 1E;
46EB : 42;
46EC : 5A;
46ED : E0;
46EE : A0;
46EF : 60;
46F0 : C5;
46F1 : 42;
46F2 : 12;
46F3 : 60;
46F4 : 14;
46F5 : 47;
46F6 : C8;
46F7 : 7D;
46F8 : 7D;
46F9 : 01;
46FA : 23;
46FB : 98;
46FC : C0;
46FD : B1;
46FE : 4A;
46FF : 25;
4700 : D2;
4701 : 34;
4702 : 05;
4703 : A0;
4704 : 81;
4705 : 44;
4706 : B0;
4707 : 28;
4708 : 02;
4709 : 39;
470A : 2A;
470B : 02;
470C : 30;
470D : 94;
470E : A9;
470F : 2A;
4710 : 9E;
4711 : 1D;
4712 : 00;
4713 : 31;
4714 : F1;
4715 : 9A;
4716 : 2A;
4717 : 85;
4718 : BA;
4719 : 5C;
471A : E0;
471B : 9A;
471C : 5F;
471D : 5C;
471E : 69;
471F : 5F;
4720 : A6;
4721 : BC;
4722 : 9A;
4723 : AF;
4724 : BC;
4725 : 68;
4726 : AF;
4727 : 8E;
4728 : 01;
4729 : 6C;
472A : A0;
472B : 7F;
472C : F1;
472D : A0;
472E : EA;
472F : E0;
4730 : 9E;
4731 : 69;
4732 : 47;
4733 : A6;
4734 : 9E;
4735 : 9A;
4736 : 47;
4737 : E6;
4738 : 69;
4739 : 2F;
473A : A6;
473B : E6;
473C : 88;
473D : 2F;
473E : 9A;
473F : 02;
4740 : 16;
4741 : 40;
4742 : 3A;
4743 : F0;
4744 : 98;
4745 : 2A;
4746 : 0D;
4747 : 85;
4748 : 55;
4749 : 6E;
474A : 6B;
474B : 6E;
474C : 6F;
474D : 77;
474E : 6E;
474F : 16;
4750 : CC;
4751 : 46;
4752 : 6B;
4753 : 69;
4754 : 73;
4755 : 6B;
4756 : 00;
4757 : D2;
4758 : BD;
4759 : 68;
475A : 9C;
475B : 20;
475C : 56;
475D : 65;
475E : 70;
475F : 7B;
4760 : BF;
4761 : E6;
4762 : FE;
4763 : C4;
4764 : D1;
4765 : 54;
4766 : 8B;
4767 : 44;
4768 : 20;
4769 : D2;
476A : FE;
476B : EE;
476C : 52;
476D : D5;
476E : 2E;
476F : F1;
4770 : 6E;
4771 : 54;
4772 : 79;
4773 : 70;
4774 : D2;
4775 : 26;
4776 : 42;
4777 : 6C;
4778 : 6B;
4779 : 66;
477A : 53;
477B : 69;
477C : 7A;
477D : CD;
477E : EB;
477F : 20;
4780 : 65;
4781 : 75;
4782 : 00;
4783 : 4B;
4784 : 4D;
4785 : 47;
4786 : 54;
4787 : 50;
4788 : 45;
4789 : 5A;
478A : 59;
478B : 08;
478C : 1C;
478D : A0;
478E : 58;
478F : 68;
4790 : 01;
4791 : 35;
4792 : C6;
4793 : A5;
4794 : E5;
4795 : 26;
4796 : FF;
4797 : 80;
4798 : 88;
4799 : 78;
479A : 9A;
479B : F4;
479C : 54;
479D : 02;
479E : 11;
479F : A6;
47A0 : 26;
47A1 : 8C;
47A2 : 34;
47A3 : 02;
47A4 : 94;
47A5 : 2C;
47A6 : 1E;
47A7 : 0F;
47A8 : C4;
47A9 : 1E;
47AA : 90;
47AB : A9;
47AC : 72;
47AD : D2;
47AE : 29;
47AF : 01;
47B0 : 34;
47B1 : 58;
47B2 : A4;
47B3 : A6;
47B4 : 78;
47B5 : A8;
47B6 : B9;
47B7 : 7A;
47B8 : 69;
47B9 : 7C;
47BA : 69;
47BB : 80;
47BC : AA;
47BD : 01;
47BE : 88;
47BF : 48;
47C0 : 93;
47C1 : F2;
47C2 : A6;
47C3 : 51;
47C4 : 52;
47C5 : 68;
47C6 : 34;
47C7 : 89;
47C8 : C8;
47C9 : 0E;
47CA : 4D;
47CB : FA;
47CC : FE;
47CD : 84;
47CE : 49;
47CF : EE;
47D0 : FF;
47D1 : FE;
47D2 : 42;
47D3 : 82;
47D4 : 47;
47D5 : EC;
47D6 : F5;
47D7 : ED;
47D8 : 45;
47D9 : E5;
47DA : 70;
47DB : 40;
47DC : 72;
47DD : A8;
47DE : D2;
47DF : 03;
47E0 : 94;
47E1 : 5B;
47E2 : 30;
47E3 : 75;
47E4 : 3B;
47E5 : 0A;
47E6 : 1D;
47E7 : 68;
47E8 : 23;
47E9 : 30;
47EA : 74;
47EB : CA;
47EC : F0;
47ED : 73;
47EE : 30;
47EF : 23;
47F0 : 21;
47F1 : 30;
47F2 : 72;
47F3 : F4;
47F4 : F4;
47F5 : D6;
47F6 : 7C;
47F7 : 0C;
47F8 : 52;
47F9 : 82;
47FA : 76;
47FB : 01;
47FC : 57;
47FD : E4;
47FE : D1;
47FF : 18;
4800 : A8;
4801 : AB;
4802 : 0F;
4803 : B0;
4804 : 69;
4805 : 48;
4806 : FF;
4807 : 6E;
4808 : 24;
4809 : 79;
480A : BC;
480B : 5D;
480C : 4F;
480D : F0;
480E : 7A;
480F : A0;
4810 : 49;
4811 : D1;
4812 : 5A;
4813 : 20;
4814 : 86;
4815 : 5E;
4816 : E7;
4817 : 30;
4818 : D4;
4819 : 45;
481A : 73;
481B : 18;
481C : A6;
481D : 6C;
481E : 48;
481F : AC;
4820 : 28;
4821 : DE;
4822 : C0;
4823 : 39;
4824 : 66;
4825 : 14;
4826 : CC;
4827 : C0;
4828 : F8;
4829 : 35;
482A : AD;
482B : 98;
482C : 8E;
482D : 68;
482E : 60;
482F : A5;
4830 : D1;
4831 : 02;
4832 : 32;
4833 : F0;
4834 : 86;
4835 : 1A;
4836 : 2E;
4837 : E4;
4838 : 14;
4839 : F0;
483A : 2D;
483B : F8;
483C : 01;
483D : 9E;
483E : 40;
483F : 58;
4840 : 87;
4841 : 62;
4842 : 60;
4843 : 06;
4844 : 2B;
4845 : 43;
4846 : 90;
4847 : F5;
4848 : E2;
4849 : 74;
484A : 07;
484B : 42;
484C : 85;
484D : 45;
484E : EA;
484F : 00;
4850 : 54;
4851 : 2C;
4852 : 05;
4853 : 02;
4854 : 82;
4855 : CC;
4856 : AD;
4857 : 42;
4858 : 66;
4859 : 44;
485A : A7;
485B : 38;
485C : BE;
485D : BC;
485E : AD;
485F : D4;
4860 : F1;
4861 : 0A;
4862 : 54;
4863 : BA;
4864 : AC;
4865 : F1;
4866 : 62;
4867 : 67;
4868 : 9A;
4869 : 42;
486A : 87;
486B : 14;
486C : 56;
486D : 8C;
486E : 2A;
486F : 0D;
4870 : F2;
4871 : 22;
4872 : 28;
4873 : FA;
4874 : 04;
4875 : 50;
4876 : 48;
4877 : E0;
4878 : 0C;
4879 : 63;
487A : 03;
487B : 88;
487C : 02;
487D : 2C;
487E : BE;
487F : 06;
4880 : E4;
4881 : 6C;
4882 : 11;
4883 : AA;
4884 : 26;
4885 : 45;
4886 : 08;
4887 : 78;
4888 : 6C;
4889 : 01;
488A : 51;
488B : 1E;
488C : 6C;
488D : 83;
488E : 44;
488F : 45;
4890 : 32;
4891 : 7C;
4892 : 52;
4893 : 3C;
4894 : 70;
4895 : 0A;
4896 : 36;
4897 : 7C;
4898 : 00;
4899 : 34;
489A : 4C;
489B : 05;
489C : 08;
489D : 00;
489E : D7;
489F : C0;
48A0 : 48;
48A1 : 2C;
48A2 : B6;
48A3 : E6;
48A4 : 6D;
48A5 : 54;
48A6 : 74;
48A7 : 47;
48A8 : D4;
48A9 : 24;
48AA : 4B;
48AB : 20;
48AC : 45;
48AD : F5;
48AE : F0;
48AF : AC;
48B0 : F1;
48B1 : FC;
48B2 : 11;
48B3 : 72;
48B4 : 30;
48B5 : EA;
48B6 : C6;
48B7 : E8;
48B8 : 9A;
48B9 : 69;
48BA : 04;
48BB : A6;
48BC : D6;
48BD : D0;
48BE : 8E;
48BF : 52;
48C0 : 2C;
48C1 : 2B;
48C2 : 02;
48C3 : 5B;
48C4 : 3E;
48C5 : 11;
48C6 : 46;
48C7 : C4;
48C8 : A6;
48C9 : 6E;
48CA : 80;
48CB : 6A;
48CC : C7;
48CD : CF;
48CE : CF;
48CF : E9;
48D0 : D0;
48D1 : 41;
48D2 : 42;
48D3 : 68;
48D4 : 2A;
48D5 : 09;
48D6 : D1;
48D7 : 26;
48D8 : 5A;
48D9 : 54;
48DA : AC;
48DB : 31;
48DC : 96;
48DD : 4A;
48DE : 60;
48DF : 9B;
48E0 : 26;
48E1 : 97;
48E2 : AA;
48E3 : E4;
48E4 : 2E;
48E5 : 3B;
48E6 : 98;
48E7 : 10;
48E8 : B9;
48E9 : 71;
48EA : 13;
48EB : 3C;
48EC : 29;
48ED : 99;
48EE : AA;
48EF : 9A;
48F0 : 1E;
48F1 : 5B;
48F2 : 96;
48F3 : 8A;
48F4 : C0;
48F5 : 97;
48F6 : 16;
48F7 : 9B;
48F8 : 98;
48F9 : 99;
48FA : 54;
48FB : 8A;
48FC : 4C;
48FD : 34;
48FE : 02;
48FF : 3D;
4900 : 4D;
4901 : ED;
4902 : 61;
4903 : 47;
4904 : 8D;
4905 : 50;
4906 : 6A;
4907 : 7C;
4908 : C6;
4909 : 0C;
490A : 4D;
490B : 14;
490C : E2;
490D : B8;
490E : 8D;
490F : 64;
4910 : 16;
4911 : 10;
4912 : 5E;
4913 : B8;
4914 : B4;
4915 : A2;
4916 : 41;
4917 : CB;
4918 : 70;
4919 : 08;
491A : 15;
491B : 2D;
491C : 40;
491D : D1;
491E : 59;
491F : 6F;
4920 : 1C;
4921 : A0;
4922 : 0A;
4923 : C4;
4924 : 03;
4925 : 7E;
4926 : 38;
4927 : A4;
4928 : A5;
4929 : 74;
492A : A6;
492B : 10;
492C : 8F;
492D : 10;
492E : D4;
492F : F7;
4930 : 40;
4931 : 44;
4932 : D8;
4933 : 10;
4934 : E4;
4935 : 01;
4936 : 74;
4937 : 98;
4938 : A6;
4939 : D6;
493A : 96;
493B : 40;
493C : 9A;
493D : 04;
493E : 04;
493F : 1B;
4940 : D6;
4941 : 96;
4942 : 38;
4943 : 20;
4944 : 01;
4945 : A4;
4946 : 34;
4947 : 16;
4948 : C4;
4949 : A0;
494A : B6;
494B : CF;
494C : 88;
494D : 55;
494E : 03;
494F : 84;
4950 : 8D;
4951 : 68;
4952 : 4E;
4953 : 05;
4954 : AA;
4955 : B0;
4956 : 0B;
4957 : 07;
4958 : 0E;
4959 : 72;
495A : 1F;
495B : C0;
495C : 81;
495D : 41;
495E : F0;
495F : 0F;
4960 : B0;
4961 : 22;
4962 : 09;
4963 : 7A;
4964 : 6A;
4965 : C0;
4966 : A2;
4967 : 61;
4968 : 02;
4969 : 26;
496A : EE;
496B : EC;
496C : 80;
496D : 02;
496E : CF;
496F : 64;
4970 : 0F;
4971 : B4;
4972 : 9E;
4973 : 6D;
4974 : FF;
4975 : 5A;
4976 : 60;
4977 : EC;
4978 : 33;
4979 : E9;
497A : C9;
497B : ED;
497C : F4;
497D : D3;
497E : EC;
497F : 2D;
4980 : 6A;
4981 : 15;
4982 : F5;
4983 : F8;
4984 : A2;
4985 : E4;
4986 : 58;
4987 : 2C;
4988 : EE;
4989 : D5;
498A : 22;
498B : 31;
498C : D1;
498D : 9A;
498E : D0;
498F : 25;
4990 : 44;
4991 : A1;
4992 : 01;
4993 : 20;
4994 : D3;
4995 : F5;
4996 : 1A;
4997 : 3C;
4998 : 1E;
4999 : 01;
499A : 86;
499B : A0;
499C : 63;
499D : 0C;
499E : D8;
499F : 75;
49A0 : 41;
49A1 : F5;
49A2 : 84;
49A3 : 06;
49A4 : F9;
49A5 : B4;
49A6 : 20;
49A7 : 42;
49A8 : 62;
49A9 : FC;
49AA : CC;
49AB : 40;
49AC : 3B;
49AD : 1C;
49AE : 12;
49AF : D8;
49B0 : A8;
49B1 : E6;
49B2 : 52;
49B3 : 83;
49B4 : DC;
49B5 : 33;
49B6 : 62;
49B7 : EE;
49B8 : 1D;
49B9 : 07;
49BA : AF;
49BB : C2;
49BC : 39;
49BD : 68;
49BE : B2;
49BF : 4C;
49C0 : 5C;
49C1 : 49;
49C2 : 70;
49C3 : 0C;
49C4 : BC;
49C5 : FC;
49C6 : 03;
49C7 : E7;
49C8 : 62;
49C9 : 14;
49CA : 66;
49CB : C0;
49CC : 36;
49CD : FB;
49CE : CA;
49CF : C0;
49D0 : 5E;
49D1 : D8;
49D2 : B5;
49D3 : 0A;
49D4 : 18;
49D5 : E8;
49D6 : AA;
49D7 : 70;
49D8 : 0E;
49D9 : 08;
49DA : E7;
49DB : 06;
49DC : 6E;
49DD : E4;
49DE : 6A;
49DF : 68;
49E0 : 20;
49E1 : 39;
49E2 : CC;
49E3 : F7;
49E4 : A0;
49E5 : 82;
49E6 : 48;
49E7 : 85;
49E8 : 7C;
49E9 : BF;
49EA : 24;
49EB : 0C;
49EC : A9;
49ED : 44;
49EE : 30;
49EF : 69;
49F0 : 6C;
49F1 : 0D;
49F2 : 58;
49F3 : B8;
49F4 : B8;
49F5 : 63;
49F6 : 0C;
49F7 : 28;
49F8 : 50;
49F9 : 56;
49FA : 94;
49FB : 02;
49FC : 88;
49FD : ED;
49FE : A6;
49FF : 03;
4A00 : 45;
4A01 : 2B;
4A02 : 3C;
4A03 : 6E;
4A04 : 41;
4A05 : 62;
4A06 : 85;
4A07 : FB;
4A08 : 14;
4A09 : 0A;
4A0A : 10;
4A0B : E2;
4A0C : 64;
4A0D : 7E;
4A0E : 75;
4A0F : 39;
4A10 : 20;
4A11 : D9;
4A12 : 28;
4A13 : 4B;
4A14 : 24;
4A15 : 98;
4A16 : 38;
4A17 : 90;
4A18 : FA;
4A19 : EE;
4A1A : C3;
4A1B : 8D;
4A1C : 11;
4A1D : 46;
4A1E : FC;
4A1F : 18;
4A20 : 75;
4A21 : 52;
4A22 : 85;
4A23 : 52;
4A24 : 87;
4A25 : BE;
4A26 : 6D;
4A27 : D0;
4A28 : 41;
4A29 : AD;
4A2A : 28;
4A2B : 6C;
4A2C : 59;
4A2D : D4;
4A2E : B8;
4A2F : 6E;
4A30 : ED;
4A31 : 74;
4A32 : 6A;
4A33 : 52;
4A34 : 86;
4A35 : 0C;
4A36 : 86;
4A37 : FA;
4A38 : 34;
4A39 : D4;
4A3A : C5;
4A3B : 44;
4A3C : 18;
4A3D : 5D;
4A3E : 86;
4A3F : FC;
4A40 : 5A;
4A41 : 83;
4A42 : 30;
4A43 : 16;
4A44 : 8C;
4A45 : 42;
4A46 : 75;
4A47 : 65;
4A48 : 62;
4A49 : 75;
4A4A : 56;
4A4B : E1;
4A4C : A0;
4A4D : 7E;
4A4E : A6;
4A4F : 44;
4A50 : 52;
4A51 : 4F;
4A52 : 4D;
4A53 : 42;
4A54 : 6F;
4A55 : 6F;
4A56 : 6D;
4A57 : 63;
4A58 : 50;
4A59 : A3;
4A5A : DA;
4A5B : 70;
4A5C : 61;
4A5D : 8D;
4A5E : BF;
4A5F : 20;
4A60 : 7E;
4A61 : 52;
4A62 : 72;
4A63 : 97;
4A64 : 46;
4A65 : 46;
4A66 : 5F;
4A67 : 4C;
4A68 : 41;
4A69 : 53;
4A6A : 54;
4A6B : 8E;
4A6C : BD;
4A6D : 51;
4A6E : 75;
4A6F : 9F;
4A70 : AD;
4A71 : 6B;
4A72 : 49;
4A73 : 53;
4A74 : 5A;
4A75 : 81;
4A76 : D5;
4A77 : 72;
4A78 : 75;
4A79 : 70;
4A7A : 74;
4A7B : 73;
4A7C : 00;
4A7D : 41;
4A7E : 6C;
4A7F : 7E;
4A80 : 5B;
4A81 : 9A;
4A82 : 17;
4A83 : 0A;
4A84 : D4;
4A85 : 6B;
4A86 : D8;
4A87 : 6E;
4A88 : 54;
4A89 : 2C;
4A8A : 16;
4A8B : 03;
4A8C : BC;
4A8D : A2;
4A8E : E0;
4A8F : 21;
4A90 : 3C;
4A91 : 00;
4A92 : A1;
4A93 : 04;
4A94 : 69;
4A95 : 88;
4A96 : 23;
4A97 : EE;
4A98 : A2;
4A99 : 45;
4A9A : 19;
4A9B : 5C;
4A9C : D0;
4A9D : 58;
4A9E : 3C;
4A9F : 82;
4AA0 : 28;
4AA1 : 00;
4AA2 : 41;
4AA3 : 56;
4AA4 : 2E;
4AA5 : 04;
4AA6 : F0;
4AA7 : AA;
4AA8 : 42;
4AA9 : C3;
4AAA : A6;
4AAB : 03;
4AAC : AA;
4AAD : 44;
4AAE : C5;
4AAF : 9B;
4AB0 : 05;
4AB1 : 43;
4AB2 : 01;
4AB3 : 0F;
4AB4 : 24;
4AB5 : 00;
4AB6 : 82;
4AB7 : 68;
4AB8 : 86;
4AB9 : 3C;
4ABA : 92;
4ABB : AF;
4ABC : 21;
4ABD : 6E;
4ABE : 2A;
4ABF : A1;
4AC0 : 0A;
4AC1 : A2;
4AC2 : 02;
4AC3 : 20;
4AC4 : ED;
4AC5 : 08;
4AC6 : 23;
4AC7 : 02;
4AC8 : 84;
4AC9 : 47;
4ACA : 60;
4ACB : C7;
4ACC : F9;
4ACD : 43;
4ACE : 04;
4ACF : FF;
4AD0 : 09;
4AD1 : E1;
4AD2 : DD;
4AD3 : 43;
4AD4 : 44;
4AD5 : 2E;
4AD6 : EC;
4AD7 : 78;
4AD8 : A3;
4AD9 : 4C;
4ADA : 8A;
4ADB : 84;
4ADC : 36;
4ADD : 1A;
4ADE : 0B;
4ADF : 02;
4AE0 : 24;
4AE1 : EC;
4AE2 : CA;
4AE3 : D4;
4AE4 : 67;
4AE5 : F0;
4AE6 : 14;
4AE7 : E2;
4AE8 : 65;
4AE9 : 7C;
4AEA : 84;
4AEB : 03;
4AEC : 69;
4AED : 5C;
4AEE : 68;
4AEF : 4C;
4AF0 : 68;
4AF1 : 0D;
4AF2 : 1B;
4AF3 : 88;
4AF4 : 82;
4AF5 : 00;
4AF6 : 86;
4AF7 : 85;
4AF8 : 84;
4AF9 : 05;
4AFA : 69;
4AFB : 6C;
4AFC : 68;
4AFD : 5E;
4AFE : 68;
4AFF : 0E;
4B00 : D5;
4B01 : 3F;
4B02 : 98;
4B03 : 7C;
4B04 : 28;
4B05 : 46;
4B06 : 1A;
4B07 : 82;
4B08 : 1A;
4B09 : 02;
4B0A : 04;
4B0B : D5;
4B0C : 4D;
4B0D : 50;
4B0E : 0A;
4B0F : 04;
4B10 : 02;
4B11 : 36;
4B12 : EB;
4B13 : FC;
4B14 : 64;
4B15 : 5D;
4B16 : 46;
4B17 : 54;
4B18 : 01;
4B19 : 2C;
4B1A : 30;
4B1B : AD;
4B1C : 40;
4B1D : E6;
4B1E : 00;
4B1F : 18;
4B20 : B9;
4B21 : 92;
4B22 : 00;
4B23 : 3C;
4B24 : D7;
4B25 : 01;
4B26 : 5C;
4B27 : E7;
4B28 : 6B;
4B29 : B4;
4B2A : 00;
4B2B : 92;
4B2C : AA;
4B2D : EC;
4B2E : 39;
4B2F : 6A;
4B30 : 92;
4B31 : 00;
4B32 : A3;
4B33 : 0A;
4B34 : 9A;
4B35 : 02;
4B36 : 01;
4B37 : B5;
4B38 : AA;
4B39 : 12;
4B3A : 01;
4B3B : 96;
4B3C : 9B;
4B3D : A2;
4B3E : 0C;
4B3F : 02;
4B40 : 02;
4B41 : 8A;
4B42 : 00;
4B43 : DF;
4B44 : AA;
4B45 : 0E;
4B46 : BE;
4B47 : 1A;
4B48 : 80;
4B49 : 01;
4B4A : 00;
4B4B : 01;
4B4C : 0E;
4B4D : AA;
4B4E : 40;
4B4F : 5E;
4B50 : 6A;
4B51 : 20;
4B52 : 02;
4B53 : 01;
4B54 : A4;
4B55 : AA;
4B56 : 2C;
4B57 : 10;
4B58 : A6;
4B59 : 38;
4B5A : AA;
4B5B : A5;
4B5C : 70;
4B5D : AF;
4B5E : 0F;
4B5F : 1E;
4B60 : DB;
4B61 : EA;
4B62 : A5;
4B63 : FC;
4B64 : 10;
4B65 : 38;
4B66 : EC;
4B67 : A0;
4B68 : 26;
4B69 : 69;
4B6A : 40;
4B6B : 7F;
4B6C : DD;
4B6D : C4;
4B6E : 68;
4B6F : 26;
4B70 : 1F;
4B71 : C9;
4B72 : DA;
4B73 : D8;
4B74 : 40;
4B75 : 17;
4B76 : DA;
4B77 : 9C;
4B78 : 58;
4B79 : BF;
4B7A : 08;
4B7B : 01;
4B7C : F9;
4B7D : A9;
4B7E : 88;
4B7F : 60;
4B80 : AA;
4B81 : 12;
4B82 : 2E;
4B83 : 6A;
4B84 : 7E;
4B85 : AA;
4B86 : 04;
4B87 : 54;
4B88 : 9A;
4B89 : 08;
4B8A : 84;
4B8B : AA;
4B8C : 1E;
4B8D : 2A;
4B8E : AA;
4B8F : 2C;
4B90 : 02;
4B91 : AA;
4B92 : 27;
4B93 : 52;
4B94 : AA;
4B95 : 0E;
4B96 : 18;
4B97 : 69;
4B98 : 30;
4B99 : AA;
4B9A : 05;
4B9B : 0A;
4B9C : 6A;
4B9D : 15;
4B9E : F8;
4B9F : 76;
4BA0 : F1;
4BA1 : 74;
4BA2 : AB;
4BA3 : 3E;
4BA4 : 5A;
4BA5 : CB;
4BA6 : EC;
4BA7 : 44;
4BA8 : 82;
4BA9 : D8;
4BAA : A9;
4BAB : 60;
4BAC : 58;
4BAD : A6;
4BAE : 12;
4BAF : 86;
4BB0 : 5F;
4BB1 : 9A;
4BB2 : 12;
4BB3 : 79;
4BB4 : 06;
4BB5 : 81;
4BB6 : 79;
4BB7 : A0;
4BB8 : 8C;
4BB9 : 68;
4BBA : 8C;
4BBB : 1B;
4BBC : A0;
4BBD : DF;
4BBE : 60;
4BBF : ED;
4BC0 : 82;
4BC1 : D8;
4BC2 : 97;
4BC3 : B8;
4BC4 : AA;
4BC5 : 11;
4BC6 : B4;
4BC7 : 78;
4BC8 : 5A;
4BC9 : D0;
4BCA : 6F;
4BCB : 06;
4BCC : E9;
4BCD : AA;
4BCE : EC;
4BCF : BF;
4BD0 : AA;
4BD1 : 1C;
4BD2 : 08;
4BD3 : 9A;
4BD4 : 0C;
4BD5 : BD;
4BD6 : A1;
4BD7 : 30;
4BD8 : DA;
4BD9 : 99;
4BDA : C4;
4BDB : AA;
4BDC : 74;
4BDD : 04;
4BDE : 7B;
4BDF : ED;
4BE0 : C9;
4BE1 : D2;
4BE2 : 75;
4BE3 : 28;
4BE4 : 8B;
4BE5 : 14;
4BE6 : 03;
4BE7 : 5D;
4BE8 : F4;
4BE9 : D5;
4BEA : 99;
4BEB : 50;
4BEC : 6E;
4BED : 45;
4BEE : 61;
4BEF : 72;
4BF0 : 6C;
4BF1 : 79;
4BF2 : 20;
4BF3 : 53;
4BF4 : F3;
4BF5 : D4;
4BF6 : 74;
4BF7 : 1E;
4BF8 : 58;
4BF9 : 77;
4BFA : 65;
4BFB : 6E;
4BFC : 75;
4BFD : 09;
4BFE : 45;
4BFF : 9D;
4C00 : D0;
4C01 : 40;
4C02 : E3;
4C03 : 90;
4C04 : 7E;
4C05 : 53;
4C06 : 50;
4C07 : 20;
4C08 : 8E;
4C09 : C4;
4C0A : 7F;
4C0B : 02;
4C0C : 69;
4C0D : 57;
4C0E : 0E;
4C0F : B5;
4C10 : 7E;
4C11 : 6D;
4C12 : 0C;
4C13 : 5B;
4C14 : 18;
4C15 : 57;
4C16 : 8C;
4C17 : 60;
4C18 : D5;
4C19 : 3E;
4C1A : 3A;
4C1B : 42;
4C1C : B9;
4C1D : 92;
4C1E : 94;
4C1F : 92;
4C20 : AA;
4C21 : 1D;
4C22 : EA;
4C23 : EC;
4C24 : 76;
4C25 : 54;
4C26 : D6;
4C27 : 22;
4C28 : C8;
4C29 : 0C;
4C2A : 4D;
4C2B : FA;
4C2C : FD;
4C2D : FC;
4C2E : 45;
4C2F : 88;
4C30 : 88;
4C31 : 72;
4C32 : 29;
4C33 : 1A;
4C34 : 16;
4C35 : 30;
4C36 : 2E;
4C37 : 51;
4C38 : 22;
4C39 : 32;
4C3A : 2E;
4C3B : 32;
4C3C : 34;
4C3D : 6E;
4C3E : 1D;
4C3F : 00;
4C40 : A6;
4C41 : 34;
4C42 : 00;
4C43 : E0;
4C44 : 4A;
4C45 : EE;
4C46 : 4A;
4C47 : D4;
4C48 : 40;
4C49 : E2;
4C4A : 42;
4C4B : 45;
4C4C : EA;
4C4D : 00;
4C4E : 67;
4C4F : 38;
4C50 : 6E;
4C51 : 06;
4C52 : 06;
4C53 : 42;
4C54 : 8B;
4C55 : 32;
4C56 : 30;
4C57 : 96;
4C58 : 5B;
4C59 : EE;
4C5A : 48;
4C5B : D0;
4C5C : 41;
4C5D : E2;
4C5E : 40;
4C5F : 3C;
4C60 : 83;
4C61 : D8;
4C62 : CA;
4C63 : DC;
4C64 : 42;
4C65 : 05;
4C66 : 2F;
4C67 : 04;
4C68 : 99;
4C69 : 01;
4C6A : 5E;
4C6B : 80;
4C6C : D5;
4C6D : 03;
4C6E : 5D;
4C6F : 74;
4C70 : 8E;
4C71 : 0C;
4C72 : 05;
4C73 : 89;
4C74 : 3A;
4C75 : 67;
4C76 : 2C;
4C77 : F4;
4C78 : A9;
4C79 : 03;
4C7A : 74;
4C7B : 8C;
4C7C : 01;
4C7D : 66;
4C7E : 08;
4C7F : C9;
4C80 : 28;
4C81 : 94;
4C82 : 30;
4C83 : 46;
4C84 : 2F;
4C85 : 88;
4C86 : 38;
4C87 : 4C;
4C88 : D5;
4C89 : 30;
4C8A : 42;
4C8B : 18;
4C8C : C5;
4C8D : AA;
4C8E : 34;
4C8F : 4A;
4C90 : 0A;
4C91 : 93;
4C92 : 03;
4C93 : 00;
4C94 : 08;
4C95 : 98;
4C96 : 9E;
4C97 : 74;
4C98 : 36;
4C99 : 42;
4C9A : D8;
4C9B : B8;
4C9C : 0B;
4C9D : D4;
4C9E : 3F;
4C9F : AC;
4CA0 : A4;
4CA1 : E5;
4CA2 : 0C;
4CA3 : 82;
4CA4 : 9D;
4CA5 : 30;
4CA6 : 48;
4CA7 : C6;
4CA8 : A1;
4CA9 : 06;
4CAA : 30;
4CAB : 22;
4CAC : 10;
4CAD : FD;
4CAE : 86;
4CAF : 7D;
4CB0 : E0;
4CB1 : FE;
4CB2 : 90;
4CB3 : C8;
4CB4 : 49;
4CB5 : FF;
4CB6 : 18;
4CB7 : 60;
4CB8 : 26;
4CB9 : 41;
4CBA : 2D;
4CBB : 99;
4CBC : D0;
4CBD : 59;
4CBE : 3C;
4CBF : 19;
4CC0 : 91;
4CC1 : 1F;
4CC2 : 91;
4CC3 : 01;
4CC4 : 92;
4CC5 : 4C;
4CC6 : 7E;
4CC7 : 80;
4CC8 : 58;
4CC9 : 8A;
4CCA : 1C;
4CCB : 5C;
4CCC : B9;
4CCD : CA;
4CCE : 6E;
4CCF : E4;
4CD0 : 4D;
4CD1 : EE;
4CD2 : 00;
4CD3 : 15;
4CD4 : F5;
4CD5 : 68;
4CD6 : 2D;
4CD7 : 47;
4CD8 : 0C;
4CD9 : 18;
4CDA : D9;
4CDB : 86;
4CDC : 00;
4CDD : 8C;
4CDE : 90;
4CDF : 96;
4CE0 : 88;
4CE1 : 72;
4CE2 : 01;
4CE3 : 6D;
4CE4 : 06;
4CE5 : 5D;
4CE6 : F0;
4CE7 : 89;
4CE8 : E8;
4CE9 : 74;
4CEA : 3A;
4CEB : B0;
4CEC : 8E;
4CED : AA;
4CEE : BC;
4CEF : 28;
4CF0 : 08;
4CF1 : 68;
4CF2 : 07;
4CF3 : 1A;
4CF4 : 52;
4CF5 : 4F;
4CF6 : 6C;
4CF7 : 62;
4CF8 : 01;
4CF9 : 45;
4CFA : A1;
4CFB : E2;
4CFC : A1;
4CFD : 16;
4CFE : A0;
4CFF : 05;
4D00 : 68;
4D01 : 2A;
4D02 : 06;
4D03 : 86;
4D04 : 1D;
4D05 : 81;
4D06 : 08;
4D07 : A0;
4D08 : 08;
4D09 : 68;
4D0A : C8;
4D0B : D0;
4D0C : 02;
4D0D : 48;
4D0E : 31;
4D0F : 52;
4D10 : A4;
4D11 : 34;
4D12 : 00;
4D13 : 8A;
4D14 : 44;
4D15 : CF;
4D16 : B9;
4D17 : 12;
4D18 : 8C;
4D19 : D8;
4D1A : 91;
4D1B : 86;
4D1C : 02;
4D1D : 1A;
4D1E : DC;
4D1F : 58;
4D20 : 9C;
4D21 : A1;
4D22 : 24;
4D23 : A0;
4D24 : 09;
4D25 : 23;
4D26 : E7;
4D27 : C2;
4D28 : 10;
4D29 : 91;
4D2A : E8;
4D2B : 29;
4D2C : 37;
4D2D : A6;
4D2E : 86;
4D2F : 9A;
4D30 : 8C;
4D31 : 7D;
4D32 : 14;
4D33 : 8C;
4D34 : E9;
4D35 : B0;
4D36 : 4A;
4D37 : 18;
4D38 : A8;
4D39 : 7C;
4D3A : BC;
4D3B : 25;
4D3C : C0;
4D3D : 67;
4D3E : 72;
4D3F : 61;
4D40 : 70;
4D41 : 68;
4D42 : 69;
4D43 : 63;
4D44 : 08;
4D45 : 8E;
4D46 : 30;
4D47 : 55;
4D48 : 61;
4D49 : 74;
4D4A : 25;
4D4B : E1;
4D4C : 67;
4D4D : 61;
4D4E : 64;
4D4F : 74;
4D50 : 6F;
4D51 : 6F;
4D52 : 6C;
4D53 : BA;
4D54 : D1;
4D55 : 16;
4D56 : 78;
4D57 : A6;
4D58 : EC;
4D59 : 39;
4D5A : 22;
4D5B : 10;
4D5C : 0D;
4D5D : D0;
4D5E : BF;
4D5F : E0;
4D60 : 01;
4D61 : 16;
4D62 : A0;
4D63 : 32;
4D64 : D7;
4D65 : C4;
4D66 : 94;
4D67 : 45;
4D68 : 92;
4D69 : 64;
4D6A : 81;
4D6B : AC;
4D6C : B9;
4D6D : 30;
4D6E : D4;
4D6F : 28;
4D70 : A7;
4D71 : 18;
4D72 : 30;
4D73 : 34;
4D74 : 33;
4D75 : FC;
4D76 : 0F;
4D77 : 26;
4D78 : 29;
4D79 : DF;
4D7A : F0;
4D7B : 34;
4D7C : 1B;
4D7D : AC;
4D7E : 9F;
4D7F : F4;
4D80 : 64;
4D81 : AB;
4D82 : EC;
4D83 : 32;
4D84 : EE;
4D85 : F5;
4D86 : D1;
4D87 : 16;
4D88 : 94;
4D89 : 6C;
4D8A : 08;
4D8B : 51;
4D8C : E0;
4D8D : 70;
4D8E : C5;
4D8F : 26;
4D90 : E2;
4D91 : 18;
4D92 : 0C;
4D93 : 09;
4D94 : 11;
4D95 : 93;
4D96 : B9;
4D97 : 67;
4D98 : 1E;
4D99 : 14;
4D9A : 21;
4D9B : 1C;
4D9C : 6E;
4D9D : 60;
4D9E : 05;
4D9F : EA;
4DA0 : 16;
4DA1 : 14;
4DA2 : 59;
4DA3 : 23;
4DA4 : FF;
4DA5 : A0;
4DA6 : 55;
4DA7 : 02;
4DA8 : 9C;
4DA9 : 62;
4DAA : 42;
4DAB : 81;
4DAC : A6;
4DAD : 40;
4DAE : 80;
4DAF : 9A;
4DB0 : EA;
4DB1 : 04;
4DB2 : 3B;
4DB3 : 06;
4DB4 : 32;
4DB5 : 2C;
4DB6 : 4A;
4DB7 : D8;
4DB8 : 34;
4DB9 : 88;
4DBA : 9D;
4DBB : 01;
4DBC : 38;
4DBD : C0;
4DBE : 5A;
4DBF : 94;
4DC0 : AC;
4DC1 : EE;
4DC2 : 3C;
4DC3 : 6B;
4DC4 : 49;
4DC5 : 90;
4DC6 : 59;
4DC7 : CC;
4DC8 : 75;
4DC9 : 16;
4DCA : 14;
4DCB : 2F;
4DCC : 02;
4DCD : D9;
4DCE : 05;
4DCF : 28;
4DD0 : 79;
4DD1 : 80;
4DD2 : AA;
4DD3 : 2F;
4DD4 : F0;
4DD5 : 58;
4DD6 : D4;
4DD7 : F4;
4DD8 : 42;
4DD9 : 42;
4DDA : 30;
4DDB : D6;
4DDC : F4;
4DDD : 99;
4DDE : 6D;
4DDF : FF;
4DE0 : F0;
4DE1 : C0;
4DE2 : BA;
4DE3 : AC;
4DE4 : EC;
4DE5 : 86;
4DE6 : EE;
4DE7 : D7;
4DE8 : 3A;
4DE9 : E0;
4DEA : 35;
4DEB : A3;
4DEC : B5;
4DED : 38;
4DEE : 8A;
4DEF : DC;
4DF0 : 3E;
4DF1 : 06;
4DF2 : 61;
4DF3 : 42;
4DF4 : 2F;
4DF5 : 00;
4DF6 : A6;
4DF7 : 32;
4DF8 : E2;
4DF9 : 0F;
4DFA : 90;
4DFB : A6;
4DFC : 2D;
4DFD : 7A;
4DFE : E5;
4DFF : 50;
4E00 : 1A;
4E01 : 2B;
4E02 : 68;
4E03 : 03;
4E04 : 68;
4E05 : 25;
4E06 : C6;
4E07 : 4C;
4E08 : 2C;
4E09 : 34;
4E0A : 48;
4E0B : B4;
4E0C : A6;
4E0D : 50;
4E0E : C5;
4E0F : 50;
4E10 : 6B;
4E11 : 50;
4E12 : DC;
4E13 : FB;
4E14 : 64;
4E15 : BD;
4E16 : 18;
4E17 : 9B;
4E18 : 7C;
4E19 : 6B;
4E1A : CB;
4E1B : 6C;
4E1C : 70;
4E1D : A6;
4E1E : D8;
4E1F : 60;
4E20 : 04;
4E21 : 78;
4E22 : 1B;
4E23 : 6A;
4E24 : C9;
4E25 : 90;
4E26 : E2;
4E27 : 4C;
4E28 : 24;
4E29 : 00;
4E2A : 8C;
4E2B : C5;
4E2C : 54;
4E2D : 5E;
4E2E : 0C;
4E2F : 21;
4E30 : 66;
4E31 : 18;
4E32 : B1;
4E33 : 50;
4E34 : 06;
4E35 : 5C;
4E36 : 62;
4E37 : 23;
4E38 : C2;
4E39 : 4B;
4E3A : 60;
4E3B : A3;
4E3C : 61;
4E3D : 8C;
4E3E : 86;
4E3F : CC;
4E40 : 3C;
4E41 : 9D;
4E42 : 94;
4E43 : 98;
4E44 : D4;
4E45 : 06;
4E46 : 28;
4E47 : C0;
4E48 : 78;
4E49 : 05;
4E4A : 9C;
4E4B : A1;
4E4C : 54;
4E4D : A1;
4E4E : E4;
4E4F : B8;
4E50 : 54;
4E51 : 78;
4E52 : 1A;
4E53 : 50;
4E54 : 09;
4E55 : C5;
4E56 : 48;
4E57 : 74;
4E58 : 2C;
4E59 : 09;
4E5A : 0C;
4E5B : C5;
4E5C : 7E;
4E5D : 34;
4E5E : F8;
4E5F : 5C;
4E60 : 50;
4E61 : CB;
4E62 : 84;
4E63 : 48;
4E64 : EA;
4E65 : 39;
4E66 : D4;
4E67 : 0A;
4E68 : 69;
4E69 : 0C;
4E6A : A0;
4E6B : 05;
4E6C : 34;
4E6D : 07;
4E6E : AC;
4E6F : 7C;
4E70 : F8;
4E71 : BF;
4E72 : 0B;
4E73 : E8;
4E74 : DC;
4E75 : 9C;
4E76 : 12;
4E77 : F1;
4E78 : 82;
4E79 : FB;
4E7A : C1;
4E7B : 14;
4E7C : 1B;
4E7D : 1C;
4E7E : 2D;
4E7F : 13;
4E80 : D2;
4E81 : 04;
4E82 : 08;
4E83 : DC;
4E84 : 88;
4E85 : 54;
4E86 : 20;
4E87 : A0;
4E88 : 56;
4E89 : 6E;
4E8A : 80;
4E8B : D8;
4E8C : 62;
4E8D : 2F;
4E8E : 28;
4E8F : 36;
4E90 : 8C;
4E91 : 23;
4E92 : AC;
4E93 : 20;
4E94 : 05;
4E95 : 42;
4E96 : D0;
4E97 : 79;
4E98 : A5;
4E99 : EE;
4E9A : A4;
4E9B : 28;
4E9C : 28;
4E9D : 91;
4E9E : 34;
4E9F : F9;
4EA0 : C4;
4EA1 : 18;
4EA2 : 14;
4EA3 : F1;
4EA4 : 54;
4EA5 : CB;
4EA6 : 30;
4EA7 : D8;
4EA8 : 40;
4EA9 : A8;
4EAA : 30;
4EAB : 84;
4EAC : B1;
4EAD : 04;
4EAE : BA;
4EAF : 8B;
4EB0 : 16;
4EB1 : F0;
4EB2 : 22;
4EB3 : 20;
4EB4 : 00;
4EB5 : 9D;
4EB6 : 1C;
4EB7 : 42;
4EB8 : 19;
4EB9 : 88;
4EBA : 40;
4EBB : B4;
4EBC : 02;
4EBD : 74;
4EBE : 9A;
4EBF : 89;
4EC0 : BC;
4EC1 : 0C;
4EC2 : 42;
4EC3 : 5B;
4EC4 : 45;
4EC5 : 56;
4EC6 : C3;
4EC7 : 49;
4EC8 : C3;
4EC9 : 44;
4ECA : 83;
4ECB : 51;
4ECC : 48;
4ECD : F6;
4ECE : 8E;
4ECF : FF;
4ED0 : BF;
4ED1 : DC;
4ED2 : 8D;
4ED3 : 32;
4ED4 : 62;
4ED5 : 40;
4ED6 : 69;
4ED7 : 2D;
4ED8 : 56;
4ED9 : B0;
4EDA : 02;
4EDB : 41;
4EDC : D8;
4EDD : AC;
4EDE : B8;
4EDF : 01;
4EE0 : DA;
4EE1 : 9F;
4EE2 : 7D;
4EE3 : 74;
4EE4 : 01;
4EE5 : CE;
4EE6 : 02;
4EE7 : 48;
4EE8 : FD;
4EE9 : 0F;
4EEA : A7;
4EEB : F4;
4EEC : E2;
4EED : EC;
4EEE : 81;
4EEF : 4C;
4EF0 : E7;
4EF1 : 3F;
4EF2 : BC;
4EF3 : 01;
4EF4 : D4;
4EF5 : E5;
4EF6 : D1;
4EF7 : FC;
4EF8 : 78;
4EF9 : 80;
4EFA : 47;
4EFB : 18;
4EFC : E4;
4EFD : B7;
4EFE : 6C;
4EFF : 6D;
4F00 : DA;
4F01 : 3D;
4F02 : CC;
4F03 : AD;
4F04 : 74;
4F05 : B9;
4F06 : 17;
4F07 : C8;
4F08 : 71;
4F09 : AC;
4F0A : C0;
4F0B : C8;
4F0C : 51;
4F0D : 20;
4F0E : 3C;
4F0F : B5;
4F10 : 41;
4F11 : 00;
4F12 : 38;
4F13 : A0;
4F14 : F7;
4F15 : 11;
4F16 : 40;
4F17 : F1;
4F18 : 40;
4F19 : 8C;
4F1A : 96;
4F1B : 2E;
4F1C : 8A;
4F1D : BC;
4F1E : 5C;
4F1F : B0;
4F20 : 08;
4F21 : 12;
4F22 : 70;
4F23 : EA;
4F24 : B5;
4F25 : A2;
4F26 : EE;
4F27 : 50;
4F28 : ED;
4F29 : 67;
4F2A : 89;
4F2B : AA;
4F2C : 9A;
4F2D : 68;
4F2E : A7;
4F2F : 0A;
4F30 : 26;
4F31 : 66;
4F32 : F0;
4F33 : A9;
4F34 : 70;
4F35 : AA;
4F36 : 1A;
4F37 : 80;
4F38 : 06;
4F39 : 96;
4F3A : 42;
4F3B : 81;
4F3C : 42;
4F3D : 69;
4F3E : 5A;
4F3F : 69;
4F40 : 52;
4F41 : A5;
4F42 : 0B;
4F43 : A4;
4F44 : 72;
4F45 : 68;
4F46 : 38;
4F47 : 1A;
4F48 : 44;
4F49 : 5A;
4F4A : 44;
4F4B : 05;
4F4C : A5;
4F4D : 12;
4F4E : A6;
4F4F : 0A;
4F50 : 96;
4F51 : 0D;
4F52 : 90;
4F53 : 3A;
4F54 : 88;
4F55 : 00;
4F56 : F0;
4F57 : 1A;
4F58 : 43;
4F59 : 5A;
4F5A : 43;
4F5B : 04;
4F5C : 89;
4F5D : 00;
4F5E : CA;
4F5F : 22;
4F60 : 00;
4F61 : C2;
4F62 : 69;
4F63 : 0E;
4F64 : 75;
4F65 : BB;
4F66 : C9;
4F67 : 2A;
4F68 : ED;
4F69 : 53;
4F6A : 14;
4F6B : 53;
4F6C : 00;
4F6D : 88;
4F6E : 0E;
4F6F : 62;
4F70 : B5;
4F71 : A8;
4F72 : 11;
4F73 : 9C;
4F74 : F8;
4F75 : 05;
4F76 : 20;
4F77 : 4C;
4F78 : BC;
4F79 : 36;
4F7A : FC;
4F7B : F5;
4F7C : B9;
4F7D : 4A;
4F7E : 6D;
4F7F : 24;
4F80 : 9A;
4F81 : 30;
4F82 : 00;
4F83 : 9E;
4F84 : 9A;
4F85 : 3C;
4F86 : 98;
4F87 : EF;
4F88 : 81;
4F89 : 7E;
4F8A : C9;
4F8B : 10;
4F8C : AC;
4F8D : 00;
4F8E : 50;
4F8F : 1E;
4F90 : BD;
4F91 : F5;
4F92 : 2A;
4F93 : E5;
4F94 : D8;
4F95 : 6E;
4F96 : 22;
4F97 : EC;
4F98 : B8;
4F99 : A2;
4F9A : 68;
4F9B : 2A;
4F9C : F4;
4F9D : EE;
4F9E : 62;
4F9F : 22;
4FA0 : F8;
4FA1 : A2;
4FA2 : BA;
4FA3 : 5C;
4FA4 : 50;
4FA5 : 35;
4FA6 : 0C;
4FA7 : EE;
4FA8 : DA;
4FA9 : 31;
4FAA : C9;
4FAB : 01;
4FAC : 4C;
4FAD : E3;
4FAE : 28;
4FAF : 60;
4FB0 : 40;
4FB1 : 84;
4FB2 : D4;
4FB3 : AA;
4FB4 : 42;
4FB5 : 2A;
4FB6 : 05;
4FB7 : AA;
4FB8 : 44;
4FB9 : 14;
4FBA : 04;
4FBB : DD;
4FBC : 54;
4FBD : 9A;
4FBE : 4A;
4FBF : 83;
4FC0 : 66;
4FC1 : 38;
4FC2 : FD;
4FC3 : 2C;
4FC4 : 0D;
4FC5 : C7;
4FC6 : E1;
4FC7 : 64;
4FC8 : 60;
4FC9 : 63;
4FCA : FD;
4FCB : 2A;
4FCC : E2;
4FCD : 10;
4FCE : E1;
4FCF : 54;
4FD0 : 30;
4FD1 : B8;
4FD2 : A9;
4FD3 : 22;
4FD4 : 20;
4FD5 : D5;
4FD6 : 04;
4FD7 : FA;
4FD8 : B0;
4FD9 : 1C;
4FDA : F0;
4FDB : 2E;
4FDC : E0;
4FDD : AA;
4FDE : 42;
4FDF : 1E;
4FE0 : 46;
4FE1 : A9;
4FE2 : 44;
4FE3 : 0E;
4FE4 : 1B;
4FE5 : 43;
4FE6 : 1D;
4FE7 : 21;
4FE8 : 03;
4FE9 : 60;
4FEA : 30;
4FEB : 53;
4FEC : FC;
4FED : 6C;
4FEE : 08;
4FEF : 08;
4FF0 : 80;
4FF1 : A1;
4FF2 : EC;
4FF3 : B4;
4FF4 : 88;
4FF5 : 00;
4FF6 : A2;
4FF7 : D1;
4FF8 : 44;
4FF9 : 83;
4FFA : D8;
4FFB : 54;
4FFC : EF;
4FFD : 30;
4FFE : 00;
4FFF : BE;
5000 : C5;
5001 : BE;
5002 : 27;
5003 : 65;
5004 : F0;
5005 : 71;
5006 : 50;
5007 : 72;
5008 : 69;
5009 : 4F;
500A : AE;
500B : A3;
500C : F0;
500D : 6F;
500E : 63;
500F : E0;
5010 : D0;
5011 : 83;
5012 : 57;
5013 : 6F;
5014 : 72;
5015 : 6D;
5016 : 14;
5017 : 8F;
5018 : 32;
5019 : B1;
501A : 14;
501B : 8B;
501C : 38;
501D : 6E;
501E : A3;
501F : C0;
5020 : 4F;
5021 : 70;
5022 : 13;
5023 : ED;
5024 : BB;
5025 : EB;
5026 : 6C;
5027 : D1;
5028 : 68;
5029 : A6;
502A : E1;
502B : 67;
502C : 78;
502D : 43;
502E : 6F;
502F : 6D;
5030 : B0;
5031 : B0;
5032 : 41;
5033 : 52;
5034 : D7;
5035 : 6F;
5036 : 49;
5037 : 54;
5038 : 38;
5039 : F0;
503A : 2E;
503B : 32;
503C : DC;
503D : C1;
503E : 34;
503F : 41;
5040 : 51;
5041 : 20;
5042 : 88;
5043 : 98;
5044 : 88;
5045 : 70;
5046 : 01;
5047 : 3A;
5048 : 32;
5049 : 29;
504A : FA;
504B : 73;
504C : C1;
504D : 6F;
504E : 70;
504F : 5F;
5050 : 47;
5051 : AA;
5052 : 30;
5053 : 55;
5054 : 22;
5055 : 8D;
5056 : 71;
5057 : 75;
5058 : 64;
5059 : 8A;
505A : 3A;
505B : 20;
505C : 6E;
505D : 6F;
505E : 20;
505F : 66;
5060 : 65;
5061 : 9F;
5062 : 41;
5063 : 43;
5064 : 42;
5065 : 1D;
5066 : 04;
5067 : 0A;
5068 : 98;
5069 : A8;
506A : 3A;
506B : 2F;
506C : B4;
506D : 28;
506E : 10;
506F : A6;
5070 : 31;
5071 : 20;
5072 : B5;
5073 : 18;
5074 : 6A;
5075 : 75;
5076 : 08;
5077 : D5;
5078 : 10;
5079 : E6;
507A : 38;
507B : 08;
507C : 92;
507D : 26;
507E : 08;
507F : EA;
5080 : 82;
5081 : 66;
5082 : 53;
5083 : B8;
5084 : D0;
5085 : 2C;
5086 : 78;
5087 : 24;
5088 : C1;
5089 : FF;
508A : 9C;
508B : 46;
508C : 60;
508D : A6;
508E : 90;
508F : C1;
5090 : 1A;
5091 : 52;
5092 : 4C;
5093 : 12;
5094 : 93;
5095 : 94;
5096 : 8F;
5097 : B5;
5098 : 11;
5099 : F4;
509A : BD;
509B : 0C;
509C : D1;
509D : 15;
509E : 62;
509F : 2D;
50A0 : FF;
50A1 : 84;
50A2 : 03;
50A3 : 40;
50A4 : 52;
50A5 : 64;
50A6 : 0B;
50A7 : 4C;
50A8 : D5;
50A9 : 49;
50AA : 45;
50AB : 9A;
50AC : 70;
50AD : 20;
50AE : 5C;
50AF : 55;
50B0 : 6F;
50B1 : D4;
50B2 : 29;
50B3 : 55;
50B4 : 53;
50B5 : E4;
50B6 : E7;
50B7 : E1;
50B8 : 4C;
50B9 : 04;
50BA : 84;
50BB : AA;
50BC : F4;
50BD : 50;
50BE : 9A;
50BF : 88;
50C0 : 54;
50C1 : BB;
50C2 : 8C;
50C3 : 24;
50C4 : 58;
50C5 : E9;
50C6 : E7;
50C7 : 92;
50C8 : 20;
50C9 : 21;
50CA : 9C;
50CB : 25;
50CC : 48;
50CD : 8A;
50CE : 39;
50CF : 20;
50D0 : 8A;
50D1 : F5;
50D2 : 4A;
50D3 : ED;
50D4 : 11;
50D5 : AB;
50D6 : 9C;
50D7 : A8;
50D8 : 40;
50D9 : 63;
50DA : 74;
50DB : 57;
50DC : 8D;
50DD : EB;
50DE : 55;
50DF : 2C;
50E0 : 8A;
50E1 : 10;
50E2 : 0F;
50E3 : DC;
50E4 : D5;
50E5 : DD;
50E6 : 8A;
50E7 : 7C;
50E8 : AC;
50E9 : 9D;
50EA : 10;
50EB : 2F;
50EC : 4A;
50ED : D5;
50EE : 71;
50EF : 14;
50F0 : A9;
50F1 : 30;
50F2 : 18;
50F3 : AB;
50F4 : 04;
50F5 : FA;
50F6 : FC;
50F7 : 29;
50F8 : F0;
50F9 : 05;
50FA : 1F;
50FB : 04;
50FC : 54;
50FD : 03;
50FE : 34;
50FF : 23;
5100 : 20;
5101 : 2A;
5102 : 54;
5103 : 12;
5104 : AC;
5105 : 67;
5106 : 88;
5107 : 28;
5108 : 6D;
5109 : E7;
510A : C9;
510B : 41;
510C : FE;
510D : CE;
510E : 26;
510F : 6C;
5110 : FD;
5111 : 44;
5112 : 44;
5113 : 5A;
5114 : 2D;
5115 : 38;
5116 : 18;
5117 : F8;
5118 : 24;
5119 : 3C;
511A : F4;
511B : 0A;
511C : 60;
511D : 2E;
511E : 53;
511F : 82;
5120 : 4A;
5121 : 82;
5122 : 6E;
5123 : 1C;
5124 : AA;
5125 : 83;
5126 : 83;
5127 : EB;
5128 : 10;
5129 : 3C;
512A : 28;
512B : 15;
512C : 52;
512D : 64;
512E : 2C;
512F : E4;
5130 : 5F;
5131 : 88;
5132 : E7;
5133 : 91;
5134 : B8;
5135 : 00;
5136 : 5F;
5137 : C0;
5138 : 14;
5139 : 49;
513A : 58;
513B : E3;
513C : D5;
513D : 10;
513E : 2B;
513F : 40;
5140 : 53;
5141 : 54;
5142 : 23;
5143 : C8;
5144 : 22;
5145 : DC;
5146 : ED;
5147 : 19;
5148 : A3;
5149 : 80;
514A : E9;
514B : C1;
514C : 55;
514D : 39;
514E : D0;
514F : 23;
5150 : 74;
5151 : 00;
5152 : 46;
5153 : 02;
5154 : C4;
5155 : 81;
5156 : 51;
5157 : 27;
5158 : 74;
5159 : 44;
515A : 09;
515B : E0;
515C : 89;
515D : 09;
515E : 20;
515F : B4;
5160 : 14;
5161 : 05;
5162 : A9;
5163 : 8C;
5164 : 30;
5165 : 85;
5166 : A8;
5167 : A8;
5168 : B0;
5169 : 8D;
516A : 66;
516B : 1C;
516C : 12;
516D : 2A;
516E : 01;
516F : 7C;
5170 : 08;
5171 : 01;
5172 : 06;
5173 : D5;
5174 : 54;
5175 : E3;
5176 : D8;
5177 : 15;
5178 : 41;
5179 : 87;
517A : E5;
517B : 16;
517C : AA;
517D : 01;
517E : 7F;
517F : 17;
5180 : 10;
5181 : 5A;
5182 : C5;
5183 : 7D;
5184 : 23;
5185 : 2F;
5186 : 2F;
5187 : D1;
5188 : 69;
5189 : 47;
518A : C4;
518B : 88;
518C : 00;
518D : D0;
518E : CD;
518F : 97;
5190 : 1A;
5191 : BC;
5192 : 8D;
5193 : 37;
5194 : 51;
5195 : 38;
5196 : F0;
5197 : C0;
5198 : 10;
5199 : 96;
519A : 16;
519B : B9;
519C : 64;
519D : 3C;
519E : 0C;
519F : 58;
51A0 : 8E;
51A1 : 38;
51A2 : 26;
51A3 : 1C;
51A4 : D6;
51A5 : D8;
51A6 : A7;
51A7 : 98;
51A8 : 01;
51A9 : 4A;
51AA : 95;
51AB : A0;
51AC : 67;
51AD : 08;
51AE : 72;
51AF : 18;
51B0 : 00;
51B1 : 5E;
51B2 : 98;
51B3 : 75;
51B4 : 4C;
51B5 : 29;
51B6 : 18;
51B7 : 5A;
51B8 : 33;
51B9 : 48;
51BA : 22;
51BB : 19;
51BC : 20;
51BD : 9C;
51BE : C0;
51BF : 26;
51C0 : 29;
51C1 : D0;
51C2 : 31;
51C3 : E1;
51C4 : 54;
51C5 : D6;
51C6 : 07;
51C7 : 00;
51C8 : 66;
51C9 : 34;
51CA : 22;
51CB : 91;
51CC : 8A;
51CD : 09;
51CE : 23;
51CF : 42;
51D0 : 2C;
51D1 : 9C;
51D2 : 28;
51D3 : 89;
51D4 : 41;
51D5 : 28;
51D6 : 89;
51D7 : 82;
51D8 : A8;
51D9 : 70;
51DA : 01;
51DB : E7;
51DC : 83;
51DD : 84;
51DE : 40;
51DF : 37;
51E0 : 82;
51E1 : F5;
51E2 : 94;
51E3 : 0A;
51E4 : BC;
51E5 : AA;
51E6 : 02;
51E7 : 32;
51E8 : 70;
51E9 : 16;
51EA : 60;
51EB : 08;
51EC : 41;
51ED : 8A;
51EE : FC;
51EF : A4;
51F0 : B3;
51F1 : 40;
51F2 : 10;
51F3 : 88;
51F4 : 03;
51F5 : DA;
51F6 : FD;
51F7 : 34;
51F8 : D6;
51F9 : 61;
51FA : 41;
51FB : 0C;
51FC : 03;
51FD : 7E;
51FE : 22;
51FF : 28;
5200 : 2B;
5201 : 11;
5202 : 74;
5203 : 93;
5204 : 47;
5205 : 18;
5206 : 01;
5207 : 22;
5208 : 41;
5209 : 48;
520A : 69;
520B : 01;
520C : AD;
520D : 6C;
520E : 68;
520F : 54;
5210 : 4C;
5211 : DC;
5212 : 9A;
5213 : 74;
5214 : 52;
5215 : AB;
5216 : D4;
5217 : 8C;
5218 : 3D;
5219 : 24;
521A : 66;
521B : E4;
521C : 22;
521D : 1C;
521E : 0C;
521F : 3F;
5220 : 0E;
5221 : 40;
5222 : F0;
5223 : 78;
5224 : 94;
5225 : 9A;
5226 : 20;
5227 : 3E;
5228 : 1C;
5229 : AA;
522A : 2F;
522B : 20;
522C : AC;
522D : 0B;
522E : 10;
522F : 22;
5230 : B9;
5231 : A6;
5232 : 28;
5233 : 2A;
5234 : 08;
5235 : 99;
5236 : 0C;
5237 : F2;
5238 : 9C;
5239 : 48;
523A : 6C;
523B : 80;
523C : 75;
523D : 50;
523E : 2A;
523F : 6C;
5240 : 51;
5241 : 6A;
5242 : 78;
5243 : 6D;
5244 : 31;
5245 : 96;
5246 : E4;
5247 : B4;
5248 : 24;
5249 : 50;
524A : A6;
524B : 88;
524C : 84;
524D : 42;
524E : AC;
524F : D0;
5250 : 13;
5251 : CC;
5252 : B5;
5253 : AC;
5254 : 44;
5255 : 3C;
5256 : 88;
5257 : 01;
5258 : 09;
5259 : 58;
525A : DC;
525B : 61;
525C : 41;
525D : 5C;
525E : 70;
525F : 8B;
5260 : 08;
5261 : 29;
5262 : 00;
5263 : 59;
5264 : 20;
5265 : C0;
5266 : 56;
5267 : 38;
5268 : A8;
5269 : A8;
526A : BB;
526B : 2A;
526C : 42;
526D : F5;
526E : 72;
526F : B3;
5270 : 05;
5271 : 2D;
5272 : EC;
5273 : 82;
5274 : 70;
5275 : 0F;
5276 : 90;
5277 : AD;
5278 : 9C;
5279 : 4C;
527A : EC;
527B : F2;
527C : CE;
527D : 25;
527E : DC;
527F : E3;
5280 : 4A;
5281 : CD;
5282 : 98;
5283 : 56;
5284 : 10;
5285 : 48;
5286 : 2C;
5287 : B9;
5288 : 53;
5289 : ED;
528A : EA;
528B : 8C;
528C : 60;
528D : 7E;
528E : A0;
528F : 9C;
5290 : B0;
5291 : 1C;
5292 : 51;
5293 : 84;
5294 : 90;
5295 : A4;
5296 : 9C;
5297 : 8D;
5298 : 60;
5299 : 5A;
529A : AD;
529B : 18;
529C : A0;
529D : 08;
529E : E8;
529F : 87;
52A0 : E8;
52A1 : B1;
52A2 : CB;
52A3 : 66;
52A4 : 32;
52A5 : 84;
52A6 : AC;
52A7 : A4;
52A8 : A4;
52A9 : E4;
52AA : 20;
52AB : 71;
52AC : 50;
52AD : AD;
52AE : 74;
52AF : 50;
52B0 : 0A;
52B1 : 58;
52B2 : 9B;
52B3 : C4;
52B4 : A8;
52B5 : 9E;
52B6 : 40;
52B7 : 50;
52B8 : 7F;
52B9 : 04;
52BA : 11;
52BB : 4A;
52BC : E0;
52BD : 70;
52BE : AB;
52BF : 04;
52C0 : 64;
52C1 : EA;
52C2 : 5D;
52C3 : F4;
52C4 : 6C;
52C5 : B4;
52C6 : 14;
52C7 : 53;
52C8 : F4;
52C9 : 2F;
52CA : EB;
52CB : DD;
52CC : 45;
52CD : A6;
52CE : 70;
52CF : EB;
52D0 : 04;
52D1 : 6C;
52D2 : 71;
52D3 : 32;
52D4 : 9B;
52D5 : 69;
52D6 : E9;
52D7 : 0C;
52D8 : 00;
52D9 : EA;
52DA : 90;
52DB : 26;
52DC : 88;
52DD : 14;
52DE : 06;
52DF : BA;
52E0 : 4B;
52E1 : 18;
52E2 : BB;
52E3 : 04;
52E4 : F5;
52E5 : 94;
52E6 : C1;
52E7 : F9;
52E8 : 54;
52E9 : 9A;
52EA : E8;
52EB : 27;
52EC : EE;
52ED : DD;
52EE : 70;
52EF : 10;
52F0 : A6;
52F1 : 08;
52F2 : 7B;
52F3 : 52;
52F4 : B2;
52F5 : 09;
52F6 : 21;
52F7 : B0;
52F8 : 15;
52F9 : 16;
52FA : C0;
52FB : 69;
52FC : 3F;
52FD : C4;
52FE : 02;
52FF : 54;
5300 : 7B;
5301 : 44;
5302 : CB;
5303 : 2D;
5304 : DD;
5305 : 3A;
5306 : AA;
5307 : F4;
5308 : A0;
5309 : C7;
530A : 30;
530B : 5C;
530C : 87;
530D : 02;
530E : 12;
530F : 70;
5310 : 04;
5311 : 81;
5312 : C3;
5313 : E5;
5314 : AF;
5315 : 31;
5316 : E9;
5317 : B8;
5318 : 89;
5319 : 22;
531A : C4;
531B : C2;
531C : 8D;
531D : A8;
531E : 4A;
531F : 1C;
5320 : A6;
5321 : 7C;
5322 : 37;
5323 : FD;
5324 : A6;
5325 : 3C;
5326 : B1;
5327 : 66;
5328 : 45;
5329 : A6;
532A : 29;
532B : 54;
532C : D4;
532D : 60;
532E : AE;
532F : FC;
5330 : E4;
5331 : D0;
5332 : 2C;
5333 : 75;
5334 : 55;
5335 : E9;
5336 : 80;
5337 : 3C;
5338 : F0;
5339 : B1;
533A : AC;
533B : F8;
533C : 38;
533D : 15;
533E : 8A;
533F : 58;
5340 : 00;
5341 : 09;
5342 : C5;
5343 : 27;
5344 : 72;
5345 : 25;
5346 : 10;
5347 : A1;
5348 : CD;
5349 : 84;
534A : 22;
534B : 49;
534C : 00;
534D : 13;
534E : AD;
534F : CC;
5350 : AC;
5351 : 70;
5352 : A1;
5353 : 40;
5354 : F4;
5355 : C4;
5356 : 15;
5357 : 33;
5358 : A4;
5359 : A3;
535A : C0;
535B : 48;
535C : FF;
535D : 54;
535E : 52;
535F : 6C;
5360 : 0C;
5361 : 4A;
5362 : 44;
5363 : C2;
5364 : 32;
5365 : F5;
5366 : C6;
5367 : 70;
5368 : C0;
5369 : B0;
536A : 01;
536B : 98;
536C : 44;
536D : 1E;
536E : 4C;
536F : 40;
5370 : 28;
5371 : 02;
5372 : 35;
5373 : 42;
5374 : 01;
5375 : 76;
5376 : 28;
5377 : E4;
5378 : 88;
5379 : 05;
537A : DC;
537B : 8A;
537C : 48;
537D : 04;
537E : A2;
537F : 44;
5380 : 78;
5381 : 26;
5382 : 62;
5383 : 07;
5384 : D0;
5385 : 22;
5386 : 38;
5387 : 03;
5388 : AB;
5389 : 43;
538A : 7A;
538B : 41;
538C : 4A;
538D : D8;
538E : 2B;
538F : 18;
5390 : 63;
5391 : 15;
5392 : 8F;
5393 : B5;
5394 : 7E;
5395 : 60;
5396 : F5;
5397 : 5B;
5398 : 19;
5399 : 19;
539A : C4;
539B : F1;
539C : 40;
539D : AB;
539E : 2C;
539F : 19;
53A0 : 15;
53A1 : 7B;
53A2 : 2C;
53A3 : 80;
53A4 : 03;
53A5 : 9D;
53A6 : A7;
53A7 : 84;
53A8 : 74;
53A9 : 60;
53AA : 32;
53AB : A8;
53AC : DC;
53AD : 25;
53AE : 69;
53AF : 40;
53B0 : A6;
53B1 : 44;
53B2 : 9A;
53B3 : 20;
53B4 : 32;
53B5 : BE;
53B6 : 06;
53B7 : 81;
53B8 : E8;
53B9 : BA;
53BA : 14;
53BB : D0;
53BC : 8F;
53BD : C0;
53BE : 1C;
53BF : 89;
53C0 : 0B;
53C1 : B8;
53C2 : 63;
53C3 : 74;
53C4 : 10;
53C5 : 6D;
53C6 : F1;
53C7 : 80;
53C8 : 1C;
53C9 : 91;
53CA : 98;
53CB : F4;
53CC : 8C;
53CD : 44;
53CE : 3C;
53CF : 01;
53D0 : 66;
53D1 : E9;
53D2 : 42;
53D3 : 81;
53D4 : 12;
53D5 : DA;
53D6 : CD;
53D7 : 78;
53D8 : C0;
53D9 : 00;
53DA : 89;
53DB : D0;
53DC : 1B;
53DD : 98;
53DE : 74;
53DF : 07;
53E0 : 26;
53E1 : 04;
53E2 : E1;
53E3 : AB;
53E4 : C6;
53E5 : 81;
53E6 : 67;
53E7 : 06;
53E8 : 11;
53E9 : BC;
53EA : 40;
53EB : B0;
53EC : 14;
53ED : 05;
53EE : 2A;
53EF : AC;
53F0 : 82;
53F1 : 9D;
53F2 : EC;
53F3 : 60;
53F4 : CE;
53F5 : 15;
53F6 : 0D;
53F7 : 0C;
53F8 : D9;
53F9 : 0C;
53FA : C4;
53FB : 03;
53FC : 48;
53FD : C8;
53FE : EC;
53FF : 0A;
5400 : 03;
5401 : 03;
5402 : 2B;
5403 : 60;
5404 : 12;
5405 : 10;
5406 : 43;
5407 : C0;
5408 : A7;
5409 : 26;
540A : 47;
540B : 49;
540C : 19;
540D : 48;
540E : 75;
540F : 62;
5410 : 28;
5411 : D4;
5412 : 7C;
5413 : 45;
5414 : CB;
5415 : FC;
5416 : E8;
5417 : C2;
5418 : 7C;
5419 : FF;
541A : 6A;
541B : 91;
541C : 54;
541D : 04;
541E : F6;
541F : 4C;
5420 : CD;
5421 : CA;
5422 : 4C;
5423 : 1D;
5424 : F9;
5425 : 6D;
5426 : C8;
5427 : 51;
5428 : 4D;
5429 : 54;
542A : D5;
542B : F0;
542C : 18;
542D : C2;
542E : B5;
542F : A4;
5430 : A5;
5431 : 68;
5432 : 2B;
5433 : 26;
5434 : 58;
5435 : 35;
5436 : AB;
5437 : F9;
5438 : EC;
5439 : 10;
543A : 4A;
543B : 85;
543C : 3C;
543D : 71;
543E : C3;
543F : 51;
5440 : C8;
5441 : A3;
5442 : 06;
5443 : 6B;
5444 : 35;
5445 : 04;
5446 : 15;
5447 : 59;
5448 : C0;
5449 : 88;
544A : FC;
544B : 76;
544C : 30;
544D : 15;
544E : F5;
544F : F8;
5450 : 6B;
5451 : C5;
5452 : 0C;
5453 : 51;
5454 : 53;
5455 : 64;
5456 : 74;
5457 : 3E;
5458 : C0;
5459 : 8C;
545A : B4;
545B : B2;
545C : 7E;
545D : 4C;
545E : 9C;
545F : 9F;
5460 : 80;
5461 : 17;
5462 : 40;
5463 : F1;
5464 : CA;
5465 : E8;
5466 : 40;
5467 : 02;
5468 : 8A;
5469 : 02;
546A : BF;
546B : 08;
546C : EA;
546D : 42;
546E : 13;
546F : CC;
5470 : 02;
5471 : 69;
5472 : 08;
5473 : C4;
5474 : 50;
5475 : 8D;
5476 : 3C;
5477 : 09;
5478 : D0;
5479 : FA;
547A : D4;
547B : 02;
547C : 28;
547D : F7;
547E : 2E;
547F : 17;
5480 : 11;
5481 : DE;
5482 : CC;
5483 : 01;
5484 : F4;
5485 : BA;
5486 : 20;
5487 : E8;
5488 : 6A;
5489 : 6A;
548A : 01;
548B : 72;
548C : 38;
548D : 6D;
548E : E0;
548F : E8;
5490 : 3B;
5491 : 89;
5492 : 42;
5493 : B1;
5494 : 3A;
5495 : 40;
5496 : 6D;
5497 : 7C;
5498 : 67;
5499 : BD;
549A : 48;
549B : E3;
549C : A8;
549D : AE;
549E : 80;
549F : 07;
54A0 : E0;
54A1 : BA;
54A2 : 39;
54A3 : 2C;
54A4 : 9A;
54A5 : 17;
54A6 : 50;
54A7 : 69;
54A8 : 17;
54A9 : 86;
54AA : 18;
54AB : 80;
54AC : 2A;
54AD : 01;
54AE : 73;
54AF : 6E;
54B0 : 18;
54B1 : D0;
54B2 : A6;
54B3 : 21;
54B4 : 9B;
54B5 : 01;
54B6 : 21;
54B7 : 18;
54B8 : 19;
54B9 : C1;
54BA : 01;
54BB : 82;
54BC : 16;
54BD : A8;
54BE : 5D;
54BF : F1;
54C0 : AC;
54C1 : C5;
54C2 : 2D;
54C3 : 88;
54C4 : F4;
54C5 : 9B;
54C6 : 04;
54C7 : 20;
54C8 : 02;
54C9 : 5A;
54CA : 19;
54CB : 3F;
54CC : C1;
54CD : 0A;
54CE : 18;
54CF : 31;
54D0 : 0B;
54D1 : 6C;
54D2 : 5E;
54D3 : 8C;
54D4 : 36;
54D5 : D0;
54D6 : 90;
54D7 : D8;
54D8 : 77;
54D9 : 1C;
54DA : 9C;
54DB : 0A;
54DC : 30;
54DD : 50;
54DE : 3E;
54DF : DC;
54E0 : 73;
54E1 : 70;
54E2 : 7C;
54E3 : 66;
54E4 : 7A;
54E5 : 50;
54E6 : 20;
54E7 : 3C;
54E8 : 5D;
54E9 : 4E;
54EA : 7C;
54EB : ED;
54EC : 24;
54ED : A1;
54EE : AC;
54EF : D7;
54F0 : 4D;
54F1 : F5;
54F2 : 55;
54F3 : 1D;
54F4 : 0C;
54F5 : B4;
54F6 : 9B;
54F7 : 05;
54F8 : EC;
54F9 : 08;
54FA : 94;
54FB : E3;
54FC : 8C;
54FD : 20;
54FE : 42;
54FF : 53;
5500 : 55;
5501 : 15;
5502 : 57;
5503 : A8;
5504 : 8D;
5505 : 42;
5506 : 90;
5507 : 54;
5508 : 19;
5509 : D4;
550A : 90;
550B : E0;
550C : 49;
550D : E8;
550E : 04;
550F : 90;
5510 : 22;
5511 : 48;
5512 : 51;
5513 : C8;
5514 : FF;
5515 : EE;
5516 : 06;
5517 : 82;
5518 : B1;
5519 : 8E;
551A : 44;
551B : 70;
551C : 25;
551D : 42;
551E : 3C;
551F : 9C;
5520 : B0;
5521 : 70;
5522 : 0B;
5523 : 05;
5524 : 25;
5525 : 24;
5526 : 8D;
5527 : 60;
5528 : 2C;
5529 : 4A;
552A : 68;
552B : 9B;
552C : A8;
552D : 1C;
552E : 17;
552F : B1;
5530 : 5A;
5531 : D5;
5532 : 23;
5533 : 0A;
5534 : 08;
5535 : 34;
5536 : 14;
5537 : F5;
5538 : 0C;
5539 : 8B;
553A : D0;
553B : 08;
553C : 00;
553D : 5E;
553E : B4;
553F : B5;
5540 : 50;
5541 : 26;
5542 : 20;
5543 : 1D;
5544 : 66;
5545 : DC;
5546 : 70;
5547 : EF;
5548 : C1;
5549 : 8B;
554A : F9;
554B : 3C;
554C : 10;
554D : 72;
554E : 61;
554F : 18;
5550 : B3;
5551 : 3F;
5552 : FC;
5553 : AF;
5554 : 15;
5555 : E9;
5556 : 1A;
5557 : 18;
5558 : AE;
5559 : AF;
555A : 7F;
555B : F4;
555C : A9;
555D : 35;
555E : EE;
555F : 7D;
5560 : 16;
5561 : BC;
5562 : E9;
5563 : 17;
5564 : EC;
5565 : CC;
5566 : 69;
5567 : 1A;
5568 : 25;
5569 : 1C;
556A : 6B;
556B : 51;
556C : 15;
556D : 53;
556E : 48;
556F : 22;
5570 : 38;
5571 : 26;
5572 : 1C;
5573 : 54;
5574 : 4A;
5575 : 54;
5576 : 9A;
5577 : 44;
5578 : 48;
5579 : 8E;
557A : 18;
557B : 26;
557C : 3B;
557D : D7;
557E : 6B;
557F : 49;
5580 : 12;
5581 : A4;
5582 : 89;
5583 : A8;
5584 : 24;
5585 : 9F;
5586 : 02;
5587 : 50;
5588 : 12;
5589 : 65;
558A : 12;
558B : 15;
558C : 88;
558D : 80;
558E : 30;
558F : 04;
5590 : 74;
5591 : 12;
5592 : 31;
5593 : 54;
5594 : 27;
5595 : 1C;
5596 : 07;
5597 : E9;
5598 : 02;
5599 : 64;
559A : 34;
559B : 04;
559C : 2C;
559D : 38;
559E : 1F;
559F : 05;
55A0 : F1;
55A1 : A8;
55A2 : 24;
55A3 : C0;
55A4 : ED;
55A5 : C5;
55A6 : 42;
55A7 : 27;
55A8 : 9D;
55A9 : 81;
55AA : 50;
55AB : EA;
55AC : 7A;
55AD : C5;
55AE : F8;
55AF : 1C;
55B0 : 7A;
55B1 : 4B;
55B2 : F1;
55B3 : 9A;
55B4 : 00;
55B5 : 29;
55B6 : D4;
55B7 : 75;
55B8 : 33;
55B9 : D9;
55BA : 20;
55BB : 01;
55BC : 83;
55BD : E1;
55BE : 89;
55BF : 86;
55C0 : 85;
55C1 : 48;
55C2 : 40;
55C3 : 24;
55C4 : 09;
55C5 : E5;
55C6 : B0;
55C7 : 82;
55C8 : 04;
55C9 : 8D;
55CA : D8;
55CB : 57;
55CC : 34;
55CD : 2C;
55CE : 24;
55CF : 89;
55D0 : 55;
55D1 : 04;
55D2 : 74;
55D3 : 9B;
55D4 : 28;
55D5 : 25;
55D6 : 6F;
55D7 : A6;
55D8 : F5;
55D9 : 2C;
55DA : AF;
55DB : 44;
55DC : 30;
55DD : C8;
55DE : 29;
55DF : 34;
55E0 : A6;
55E1 : 80;
55E2 : F2;
55E3 : 38;
55E4 : A8;
55E5 : 9A;
55E6 : 3C;
55E7 : 7A;
55E8 : 6E;
55E9 : 40;
55EA : 48;
55EB : BC;
55EC : 7B;
55ED : D8;
55EE : BC;
55EF : 44;
55F0 : F0;
55F1 : A1;
55F2 : 4C;
55F3 : AB;
55F4 : 03;
55F5 : 54;
55F6 : A9;
55F7 : B8;
55F8 : 7B;
55F9 : BA;
55FA : 48;
55FB : F0;
55FC : 9A;
55FD : 7C;
55FE : 50;
55FF : 69;
5600 : 7D;
5601 : B2;
5602 : 58;
5603 : 48;
5604 : AA;
5605 : 5C;
5606 : 3F;
5607 : 43;
5608 : E4;
5609 : EC;
560A : 76;
560B : 4D;
560C : F3;
560D : D8;
560E : 00;
560F : 41;
5610 : EE;
5611 : 01;
5612 : 82;
5613 : 4A;
5614 : 10;
5615 : 66;
5616 : 46;
5617 : 4A;
5618 : 50;
5619 : 61;
561A : D1;
561B : 98;
561C : 67;
561D : 0E;
561E : 10;
561F : BC;
5620 : 69;
5621 : B8;
5622 : E8;
5623 : 2E;
5624 : 01;
5625 : 84;
5626 : F8;
5627 : BB;
5628 : 83;
5629 : 60;
562A : 24;
562B : 39;
562C : 78;
562D : 99;
562E : 01;
562F : 04;
5630 : 75;
5631 : E2;
5632 : 03;
5633 : 04;
5634 : 76;
5635 : E8;
5636 : A6;
5637 : 77;
5638 : 6B;
5639 : 01;
563A : 7E;
563B : A6;
563C : 78;
563D : AD;
563E : 08;
563F : 79;
5640 : 8A;
5641 : 68;
5642 : 06;
5643 : 3E;
5644 : 91;
5645 : C1;
5646 : 4A;
5647 : 25;
5648 : 46;
5649 : 04;
564A : 64;
564B : 25;
564C : 43;
564D : D3;
564E : 6C;
564F : E5;
5650 : 43;
5651 : 33;
5652 : AD;
5653 : F8;
5654 : 68;
5655 : 52;
5656 : CC;
5657 : B5;
5658 : 3A;
5659 : 66;
565A : 18;
565B : 20;
565C : 20;
565D : 4A;
565E : D7;
565F : 15;
5660 : 01;
5661 : 56;
5662 : 1C;
5663 : 03;
5664 : 6B;
5665 : 18;
5666 : 20;
5667 : 15;
5668 : 2E;
5669 : 42;
566A : D0;
566B : 18;
566C : D4;
566D : 4A;
566E : 86;
566F : 55;
5670 : A8;
5671 : D4;
5672 : 92;
5673 : 20;
5674 : D7;
5675 : 2A;
5676 : 06;
5677 : 28;
5678 : 03;
5679 : 25;
567A : 10;
567B : 60;
567C : 29;
567D : 9C;
567E : 24;
567F : 00;
5680 : 41;
5681 : F2;
5682 : A2;
5683 : BC;
5684 : 21;
5685 : 45;
5686 : B1;
5687 : 60;
5688 : 0A;
5689 : B4;
568A : 89;
568B : 10;
568C : CB;
568D : 6E;
568E : 06;
568F : 2F;
5690 : A8;
5691 : 51;
5692 : 02;
5693 : 1C;
5694 : BF;
5695 : 7C;
5696 : E4;
5697 : 55;
5698 : 52;
5699 : 3D;
569A : 49;
569B : 72;
569C : 03;
569D : C2;
569E : 85;
569F : 20;
56A0 : 41;
56A1 : BA;
56A2 : AF;
56A3 : E4;
56A4 : EA;
56A5 : 1E;
56A6 : CD;
56A7 : 63;
56A8 : 48;
56A9 : 72;
56AA : 04;
56AB : 92;
56AC : 88;
56AD : 2F;
56AE : 41;
56AF : C5;
56B0 : 01;
56B1 : 82;
56B2 : CC;
56B3 : AE;
56B4 : 30;
56B5 : 45;
56B6 : 10;
56B7 : BE;
56B8 : 06;
56B9 : 1D;
56BA : 70;
56BB : A2;
56BC : 40;
56BD : F2;
56BE : 22;
56BF : 15;
56C0 : 29;
56C1 : 57;
56C2 : 81;
56C3 : 2E;
56C4 : 5C;
56C5 : DA;
56C6 : 81;
56C7 : 98;
56C8 : 81;
56C9 : BE;
56CA : 80;
56CB : 66;
56CC : 0E;
56CD : DE;
56CE : 81;
56CF : 42;
56D0 : B2;
56D1 : D1;
56D2 : E5;
56D3 : BB;
56D4 : B1;
56D5 : D3;
56D6 : F4;
56D7 : 13;
56D8 : 95;
56D9 : F1;
56DA : 15;
56DB : E1;
56DC : 10;
56DD : AC;
56DE : A5;
56DF : 70;
56E0 : 54;
56E1 : 1A;
56E2 : BC;
56E3 : C5;
56E4 : 82;
56E5 : AD;
56E6 : 4C;
56E7 : 3C;
56E8 : 89;
56E9 : 6D;
56EA : 67;
56EB : 14;
56EC : 6A;
56ED : 46;
56EE : D9;
56EF : 03;
56F0 : A4;
56F1 : 2C;
56F2 : AB;
56F3 : 4A;
56F4 : B0;
56F5 : 70;
56F6 : 20;
56F7 : 10;
56F8 : 2C;
56F9 : C0;
56FA : 51;
56FB : A7;
56FC : 24;
56FD : 1C;
56FE : 19;
56FF : 73;
5700 : 5A;
5701 : 24;
5702 : E1;
5703 : 84;
5704 : CB;
5705 : B4;
5706 : 45;
5707 : EA;
5708 : 00;
5709 : 20;
570A : 29;
570B : 68;
570C : 91;
570D : 29;
570E : E7;
570F : E5;
5710 : 2C;
5711 : 60;
5712 : 0E;
5713 : 51;
5714 : AE;
5715 : D4;
5716 : 03;
5717 : BD;
5718 : 75;
5719 : 66;
571A : 06;
571B : 19;
571C : 7B;
571D : 48;
571E : 22;
571F : 44;
5720 : 46;
5721 : F9;
5722 : 21;
5723 : 7C;
5724 : FC;
5725 : 90;
5726 : D5;
5727 : 6F;
5728 : 20;
5729 : 61;
572A : 63;
572B : 74;
572C : 69;
572D : 76;
572E : 65;
572F : 20;
5730 : 49;
5731 : 2F;
5732 : 4F;
5733 : 56;
5734 : 14;
5735 : 30;
5736 : 44;
5737 : A7;
5738 : EE;
5739 : 65;
573A : 6C;
573B : 65;
573C : A2;
573D : D8;
573E : 6E;
573F : 67;
5740 : C4;
5741 : 15;
5742 : 9D;
5743 : 54;
5744 : 54;
5745 : 59;
5746 : 60;
5747 : 8E;
5748 : 2E;
5749 : 25;
574A : F9;
574B : 6D;
574C : 0A;
574D : 6E;
574E : 65;
574F : 41;
5750 : 2E;
5751 : 52;
5752 : EC;
5753 : EC;
5754 : 09;
5755 : 59;
5756 : 62;
5757 : 8C;
5758 : D9;
5759 : 28;
575A : 6D;
575B : A9;
575C : 34;
575D : 2A;
575E : 2F;
575F : 3C;
5760 : 8C;
5761 : 40;
5762 : 2A;
5763 : A0;
5764 : 70;
5765 : C6;
5766 : 14;
5767 : 01;
5768 : 26;
5769 : 6C;
576A : 94;
576B : E6;
576C : F9;
576D : A8;
576E : 18;
576F : 2B;
5770 : 88;
5771 : 23;
5772 : 1C;
5773 : 88;
5774 : 27;
5775 : 16;
5776 : B5;
5777 : 0D;
5778 : 32;
5779 : E0;
577A : 83;
577B : 04;
577C : 52;
577D : 24;
577E : A6;
577F : 16;
5780 : 4E;
5781 : F0;
5782 : 3E;
5783 : 3C;
5784 : 27;
5785 : 10;
5786 : 0C;
5787 : F0;
5788 : C7;
5789 : 7D;
578A : 16;
578B : 41;
578C : 3D;
578D : 51;
578E : CF;
578F : C9;
5790 : F7;
5791 : BD;
5792 : CC;
5793 : 8B;
5794 : D4;
5795 : EC;
5796 : E8;
5797 : 98;
5798 : 02;
5799 : A1;
579A : FB;
579B : BA;
579C : 05;
579D : D0;
579E : 22;
579F : 04;
57A0 : 67;
57A1 : C5;
57A2 : EC;
57A3 : A7;
57A4 : F4;
57A5 : 30;
57A6 : B1;
57A7 : FC;
57A8 : 6A;
57A9 : 0D;
57AA : FF;
57AB : 34;
57AC : 66;
57AD : 58;
57AE : 24;
57AF : 68;
57B0 : D2;
57B1 : 25;
57B2 : 5D;
57B3 : F0;
57B4 : 8A;
57B5 : 00;
57B6 : 41;
57B7 : F4;
57B8 : 89;
57B9 : 20;
57BA : 2B;
57BB : 6D;
57BC : 0C;
57BD : 63;
57BE : 31;
57BF : 66;
57C0 : 04;
57C1 : 4F;
57C2 : 7C;
57C3 : 27;
57C4 : 14;
57C5 : 1F;
57C6 : 78;
57C7 : 1C;
57C8 : 0D;
57C9 : 87;
57CA : A4;
57CB : 5D;
57CC : 65;
57CD : 0E;
57CE : 58;
57CF : 0C;
57D0 : 2A;
57D1 : 80;
57D2 : 4A;
57D3 : AC;
57D4 : B0;
57D5 : 94;
57D6 : 06;
57D7 : 94;
57D8 : DA;
57D9 : C8;
57DA : 96;
57DB : 38;
57DC : F5;
57DD : 38;
57DE : B1;
57DF : 42;
57E0 : C8;
57E1 : B8;
57E2 : 3E;
57E3 : 38;
57E4 : 2B;
57E5 : 0B;
57E6 : 06;
57E7 : 89;
57E8 : F1;
57E9 : 2A;
57EA : 7B;
57EB : 92;
57EC : 61;
57ED : 66;
57EE : 72;
57EF : 0C;
57F0 : 6A;
57F1 : 03;
57F2 : 01;
57F3 : 23;
57F4 : 66;
57F5 : 6A;
57F6 : 96;
57F7 : 18;
57F8 : 9A;
57F9 : 4B;
57FA : 43;
57FB : C6;
57FC : 81;
57FD : 2B;
57FE : 42;
57FF : 29;
5800 : 83;
5801 : AF;
5802 : F8;
5803 : 84;
5804 : B8;
5805 : 23;
5806 : 10;
5807 : 4A;
5808 : B1;
5809 : 41;
580A : 7F;
580B : 41;
580C : B0;
580D : A4;
580E : 56;
580F : 30;
5810 : 35;
5811 : CB;
5812 : 2B;
5813 : 35;
5814 : 41;
5815 : A2;
5816 : B8;
5817 : 17;
5818 : 68;
5819 : 31;
581A : F5;
581B : BD;
581C : F5;
581D : E3;
581E : CC;
581F : 41;
5820 : E8;
5821 : 72;
5822 : B4;
5823 : 82;
5824 : 08;
5825 : ED;
5826 : 60;
5827 : 0B;
5828 : 1E;
5829 : 97;
582A : F8;
582B : C8;
582C : D8;
582D : 36;
582E : 94;
582F : 4A;
5830 : 02;
5831 : 6C;
5832 : FB;
5833 : 52;
5834 : 8A;
5835 : 4A;
5836 : AA;
5837 : 04;
5838 : 6C;
5839 : 67;
583A : 48;
583B : 98;
583C : 86;
583D : 70;
583E : 7F;
583F : C8;
5840 : 80;
5841 : 08;
5842 : E6;
5843 : 7D;
5844 : 67;
5845 : 02;
5846 : 52;
5847 : EA;
5848 : F0;
5849 : 05;
584A : 0C;
584B : 40;
584C : 68;
584D : 69;
584E : 00;
584F : 24;
5850 : B1;
5851 : AB;
5852 : 00;
5853 : 24;
5854 : D0;
5855 : 84;
5856 : 25;
5857 : C1;
5858 : 25;
5859 : 07;
585A : D8;
585B : BE;
585C : 90;
585D : EC;
585E : C6;
585F : 68;
5860 : 20;
5861 : 57;
5862 : FE;
5863 : 31;
5864 : 05;
5865 : F8;
5866 : 72;
5867 : 72;
5868 : 07;
5869 : C2;
586A : D8;
586B : C5;
586C : 8C;
586D : 71;
586E : 72;
586F : 30;
5870 : 54;
5871 : 1F;
5872 : D8;
5873 : 45;
5874 : D4;
5875 : CD;
5876 : 77;
5877 : 70;
5878 : D5;
5879 : 6D;
587A : 31;
587B : 31;
587C : AC;
587D : B4;
587E : 2C;
587F : 57;
5880 : 38;
5881 : C1;
5882 : 0F;
5883 : 28;
5884 : 15;
5885 : D2;
5886 : 19;
5887 : 89;
5888 : 2C;
5889 : 50;
588A : 80;
588B : E9;
588C : 5F;
588D : 19;
588E : 01;
588F : 8D;
5890 : 2C;
5891 : 2A;
5892 : 55;
5893 : 58;
5894 : 50;
5895 : C1;
5896 : 82;
5897 : C0;
5898 : 8C;
5899 : 05;
589A : F1;
589B : 74;
589C : 05;
589D : AF;
589E : B0;
589F : C8;
58A0 : 2C;
58A1 : 9E;
58A2 : 01;
58A3 : 58;
58A4 : D0;
58A5 : E5;
58A6 : 7E;
58A7 : 84;
58A8 : 27;
58A9 : 40;
58AA : 81;
58AB : 9D;
58AC : 4A;
58AD : FE;
58AE : B6;
58AF : 76;
58B0 : 07;
58B1 : 28;
58B2 : 0A;
58B3 : CD;
58B4 : 0C;
58B5 : A0;
58B6 : 88;
58B7 : 26;
58B8 : 28;
58B9 : D4;
58BA : 44;
58BB : AF;
58BC : 50;
58BD : 26;
58BE : 7D;
58BF : 13;
58C0 : 00;
58C1 : E2;
58C2 : 94;
58C3 : F1;
58C4 : 0E;
58C5 : 98;
58C6 : C4;
58C7 : 70;
58C8 : B1;
58C9 : 44;
58CA : 23;
58CB : 40;
58CC : EC;
58CD : 24;
58CE : BC;
58CF : 54;
58D0 : 22;
58D1 : 4C;
58D2 : DD;
58D3 : 7E;
58D4 : 61;
58D5 : 62;
58D6 : 29;
58D7 : 0C;
58D8 : 80;
58D9 : 6F;
58DA : 01;
58DB : A9;
58DC : 83;
58DD : E8;
58DE : 04;
58DF : 3B;
58E0 : CC;
58E1 : 4E;
58E2 : EB;
58E3 : A9;
58E4 : C0;
58E5 : 6C;
58E6 : 22;
58E7 : C8;
58E8 : E8;
58E9 : 46;
58EA : B4;
58EB : 3A;
58EC : 1C;
58ED : 67;
58EE : 40;
58EF : 22;
58F0 : F4;
58F1 : EC;
58F2 : 92;
58F3 : 04;
58F4 : 70;
58F5 : 0B;
58F6 : 41;
58F7 : 38;
58F8 : 1C;
58F9 : A2;
58FA : 02;
58FB : 6F;
58FC : 12;
58FD : 06;
58FE : DA;
58FF : AB;
5900 : FE;
5901 : 2F;
5902 : 10;
5903 : 35;
5904 : AC;
5905 : F0;
5906 : 2F;
5907 : 45;
5908 : 4F;
5909 : FC;
590A : F6;
590B : DC;
590C : 51;
590D : 53;
590E : E8;
590F : 80;
5910 : 22;
5911 : 00;
5912 : 53;
5913 : 81;
5914 : EE;
5915 : 89;
5916 : 66;
5917 : 0C;
5918 : 25;
5919 : 72;
591A : 0E;
591B : 60;
591C : 3A;
591D : A9;
591E : F4;
591F : CF;
5920 : 5C;
5921 : 89;
5922 : AF;
5923 : C0;
5924 : F9;
5925 : 22;
5926 : 84;
5927 : D3;
5928 : 94;
5929 : C1;
592A : 11;
592B : 17;
592C : 48;
592D : 8E;
592E : 28;
592F : 32;
5930 : D5;
5931 : 6E;
5932 : 67;
5933 : 18;
5934 : 22;
5935 : C1;
5936 : E1;
5937 : 22;
5938 : ED;
5939 : 75;
593A : 60;
593B : B3;
593C : C1;
593D : 65;
593E : 06;
593F : D2;
5940 : 84;
5941 : B2;
5942 : 89;
5943 : 62;
5944 : 06;
5945 : 48;
5946 : 74;
5947 : 8E;
5948 : E2;
5949 : 25;
594A : D0;
594B : D5;
594C : D0;
594D : 85;
594E : A6;
594F : CC;
5950 : 5C;
5951 : 0C;
5952 : 80;
5953 : 62;
5954 : 7F;
5955 : 6E;
5956 : 23;
5957 : F2;
5958 : 0E;
5959 : 44;
595A : 2E;
595B : 8C;
595C : 8D;
595D : 0E;
595E : 94;
595F : 80;
5960 : 54;
5961 : 80;
5962 : D8;
5963 : 24;
5964 : 38;
5965 : 81;
5966 : 63;
5967 : 16;
5968 : 42;
5969 : 82;
596A : 60;
596B : 12;
596C : 25;
596D : B0;
596E : 1E;
596F : 60;
5970 : 1E;
5971 : AD;
5972 : A3;
5973 : 80;
5974 : 1E;
5975 : 52;
5976 : 81;
5977 : B4;
5978 : 8C;
5979 : CB;
597A : 21;
597B : E5;
597C : 30;
597D : 8D;
597E : E9;
597F : 66;
5980 : E8;
5981 : 37;
5982 : 11;
5983 : B1;
5984 : EC;
5985 : B4;
5986 : 67;
5987 : 6F;
5988 : 05;
5989 : 02;
598A : 91;
598B : 57;
598C : 15;
598D : C7;
598E : C1;
598F : A4;
5990 : 7D;
5991 : 59;
5992 : 62;
5993 : 94;
5994 : 84;
5995 : 08;
5996 : D1;
5997 : 2D;
5998 : A4;
5999 : 29;
599A : C2;
599B : 35;
599C : 52;
599D : B4;
599E : 39;
599F : 20;
59A0 : 00;
59A1 : B4;
59A2 : 71;
59A3 : 35;
59A4 : 3C;
59A5 : 48;
59A6 : 4B;
59A7 : F0;
59A8 : 5A;
59A9 : 21;
59AA : 81;
59AB : C2;
59AC : 2D;
59AD : B4;
59AE : A0;
59AF : 49;
59B0 : 34;
59B1 : A0;
59B2 : 4A;
59B3 : D5;
59B4 : AF;
59B5 : 24;
59B6 : A4;
59B7 : F9;
59B8 : 02;
59B9 : C8;
59BA : A1;
59BB : EC;
59BC : AC;
59BD : 04;
59BE : B3;
59BF : 35;
59C0 : A8;
59C1 : 38;
59C2 : 1B;
59C3 : 42;
59C4 : 1E;
59C5 : 14;
59C6 : C5;
59C7 : 98;
59C8 : 46;
59C9 : B0;
59CA : A0;
59CB : 5A;
59CC : 9E;
59CD : F3;
59CE : 6E;
59CF : 60;
59D0 : ED;
59D1 : C8;
59D2 : 14;
59D3 : 4C;
59D4 : 29;
59D5 : 03;
59D6 : CF;
59D7 : 30;
59D8 : 51;
59D9 : 52;
59DA : AD;
59DB : 8B;
59DC : 7F;
59DD : 12;
59DE : 48;
59DF : B5;
59E0 : 8B;
59E1 : 0B;
59E2 : 74;
59E3 : 82;
59E4 : 12;
59E5 : 08;
59E6 : BA;
59E7 : 42;
59E8 : 30;
59E9 : 8A;
59EA : 98;
59EB : 24;
59EC : 42;
59ED : 9A;
59EE : 9C;
59EF : 98;
59F0 : 68;
59F1 : 98;
59F2 : 31;
59F3 : 1E;
59F4 : 70;
59F5 : A8;
59F6 : 76;
59F7 : 20;
59F8 : 23;
59F9 : 28;
59FA : 38;
59FB : 15;
59FC : AA;
59FD : 84;
59FE : 74;
59FF : 26;
5A00 : 94;
5A01 : A8;
5A02 : A2;
5A03 : F4;
5A04 : 81;
5A05 : 39;
5A06 : 6E;
5A07 : 53;
5A08 : 09;
5A09 : DF;
5A0A : 8C;
5A0B : AC;
5A0C : B8;
5A0D : 80;
5A0E : 41;
5A0F : 39;
5A10 : C2;
5A11 : 24;
5A12 : 48;
5A13 : 32;
5A14 : A5;
5A15 : 70;
5A16 : 20;
5A17 : B3;
5A18 : C0;
5A19 : 66;
5A1A : 12;
5A1B : 14;
5A1C : 2A;
5A1D : 75;
5A1E : 6D;
5A1F : 50;
5A20 : 3C;
5A21 : 74;
5A22 : 44;
5A23 : 9B;
5A24 : B0;
5A25 : B4;
5A26 : 35;
5A27 : ED;
5A28 : 40;
5A29 : 2A;
5A2A : 88;
5A2B : 24;
5A2C : 35;
5A2D : 17;
5A2E : 54;
5A2F : B0;
5A30 : 9C;
5A31 : 1C;
5A32 : A0;
5A33 : 68;
5A34 : 29;
5A35 : 29;
5A36 : A4;
5A37 : 3A;
5A38 : 10;
5A39 : 30;
5A3A : A8;
5A3B : 10;
5A3C : 6B;
5A3D : 3C;
5A3E : 81;
5A3F : 2C;
5A40 : F0;
5A41 : 1F;
5A42 : 2C;
5A43 : 56;
5A44 : 38;
5A45 : 47;
5A46 : 40;
5A47 : A9;
5A48 : 30;
5A49 : 20;
5A4A : B5;
5A4B : 10;
5A4C : 35;
5A4D : BC;
5A4E : 83;
5A4F : D9;
5A50 : C8;
5A51 : 17;
5A52 : 6C;
5A53 : 56;
5A54 : F0;
5A55 : 28;
5A56 : 6C;
5A57 : 30;
5A58 : 95;
5A59 : B4;
5A5A : C5;
5A5B : 6B;
5A5C : 7C;
5A5D : 1C;
5A5E : 22;
5A5F : CD;
5A60 : 00;
5A61 : B0;
5A62 : 06;
5A63 : B4;
5A64 : 04;
5A65 : 5D;
5A66 : D9;
5A67 : A3;
5A68 : CD;
5A69 : 04;
5A6A : 79;
5A6B : 11;
5A6C : 5C;
5A6D : 7F;
5A6E : B0;
5A6F : 43;
5A70 : 34;
5A71 : A7;
5A72 : 27;
5A73 : E3;
5A74 : 44;
5A75 : D1;
5A76 : CC;
5A77 : 56;
5A78 : 34;
5A79 : 58;
5A7A : D0;
5A7B : 27;
5A7C : 6C;
5A7D : FA;
5A7E : 10;
5A7F : 70;
5A80 : 81;
5A81 : CA;
5A82 : AA;
5A83 : 06;
5A84 : 40;
5A85 : 34;
5A86 : AF;
5A87 : 38;
5A88 : B2;
5A89 : 95;
5A8A : 53;
5A8B : 59;
5A8C : DD;
5A8D : 04;
5A8E : 97;
5A8F : 90;
5A90 : 85;
5A91 : D8;
5A92 : 9B;
5A93 : 70;
5A94 : 5F;
5A95 : 46;
5A96 : 08;
5A97 : 50;
5A98 : 2E;
5A99 : 7C;
5A9A : 68;
5A9B : 0D;
5A9C : ED;
5A9D : E1;
5A9E : F7;
5A9F : 8E;
5AA0 : 5F;
5AA1 : 60;
5AA2 : 42;
5AA3 : 78;
5AA4 : BA;
5AA5 : A7;
5AA6 : E8;
5AA7 : D1;
5AA8 : 82;
5AA9 : 96;
5AAA : 70;
5AAB : 3A;
5AAC : 60;
5AAD : 54;
5AAE : 30;
5AAF : C9;
5AB0 : 4A;
5AB1 : C8;
5AB2 : 1E;
5AB3 : D4;
5AB4 : 0A;
5AB5 : 7A;
5AB6 : 43;
5AB7 : 4E;
5AB8 : E0;
5AB9 : 35;
5ABA : F5;
5ABB : AC;
5ABC : 67;
5ABD : 40;
5ABE : 00;
5ABF : B4;
5AC0 : 84;
5AC1 : E8;
5AC2 : D5;
5AC3 : 40;
5AC4 : E2;
5AC5 : FB;
5AC6 : EA;
5AC7 : D4;
5AC8 : F9;
5AC9 : 96;
5ACA : E1;
5ACB : D0;
5ACC : 8A;
5ACD : 42;
5ACE : 80;
5ACF : D4;
5AD0 : 20;
5AD1 : 14;
5AD2 : F0;
5AD3 : 04;
5AD4 : 04;
5AD5 : 38;
5AD6 : 4C;
5AD7 : 84;
5AD8 : F9;
5AD9 : C8;
5ADA : C0;
5ADB : 03;
5ADC : 6C;
5ADD : 82;
5ADE : FE;
5ADF : B4;
5AE0 : 4A;
5AE1 : 02;
5AE2 : 9C;
5AE3 : 8A;
5AE4 : 60;
5AE5 : C8;
5AE6 : 4E;
5AE7 : 50;
5AE8 : D4;
5AE9 : 58;
5AEA : 44;
5AEB : 92;
5AEC : C4;
5AED : 89;
5AEE : 22;
5AEF : F4;
5AF0 : A8;
5AF1 : 26;
5AF2 : 69;
5AF3 : 0B;
5AF4 : 11;
5AF5 : 22;
5AF6 : FC;
5AF7 : D5;
5AF8 : 33;
5AF9 : 58;
5AFA : 08;
5AFB : 23;
5AFC : 28;
5AFD : 24;
5AFE : 48;
5AFF : A5;
5B00 : B1;
5B01 : 88;
5B02 : 12;
5B03 : C0;
5B04 : 69;
5B05 : 28;
5B06 : 6C;
5B07 : 9D;
5B08 : BF;
5B09 : 11;
5B0A : 74;
5B0B : 59;
5B0C : 1F;
5B0D : B0;
5B0E : C1;
5B0F : B1;
5B10 : B1;
5B11 : C1;
5B12 : 14;
5B13 : B0;
5B14 : 48;
5B15 : 0D;
5B16 : 61;
5B17 : 47;
5B18 : 28;
5B19 : FC;
5B1A : D0;
5B1B : 02;
5B1C : A4;
5B1D : 87;
5B1E : 38;
5B1F : 2F;
5B20 : 29;
5B21 : 04;
5B22 : 8C;
5B23 : A9;
5B24 : F8;
5B25 : 88;
5B26 : 9F;
5B27 : 84;
5B28 : 48;
5B29 : 69;
5B2A : 21;
5B2B : 04;
5B2C : 12;
5B2D : 44;
5B2E : A6;
5B2F : 4C;
5B30 : DD;
5B31 : 48;
5B32 : E9;
5B33 : 02;
5B34 : D5;
5B35 : 26;
5B36 : F6;
5B37 : C0;
5B38 : 83;
5B39 : 1C;
5B3A : 55;
5B3B : 43;
5B3C : A8;
5B3D : 62;
5B3E : 30;
5B3F : 20;
5B40 : 0D;
5B41 : 14;
5B42 : 1F;
5B43 : 58;
5B44 : D9;
5B45 : 59;
5B46 : BF;
5B47 : B1;
5B48 : 42;
5B49 : 82;
5B4A : 14;
5B4B : 54;
5B4C : 63;
5B4D : E4;
5B4E : A3;
5B4F : DC;
5B50 : 01;
5B51 : 0A;
5B52 : 5A;
5B53 : 7C;
5B54 : 9F;
5B55 : 86;
5B56 : 0D;
5B57 : BA;
5B58 : CD;
5B59 : 05;
5B5A : C4;
5B5B : A7;
5B5C : 06;
5B5D : 83;
5B5E : 16;
5B5F : 01;
5B60 : 46;
5B61 : D4;
5B62 : 9A;
5B63 : 06;
5B64 : 25;
5B65 : 68;
5B66 : 8B;
5B67 : 30;
5B68 : 42;
5B69 : B5;
5B6A : A0;
5B6B : 57;
5B6C : 38;
5B6D : 68;
5B6E : 67;
5B6F : 28;
5B70 : 3F;
5B71 : 29;
5B72 : 10;
5B73 : A1;
5B74 : 11;
5B75 : C1;
5B76 : 07;
5B77 : B8;
5B78 : D5;
5B79 : 4D;
5B7A : BC;
5B7B : C0;
5B7C : 03;
5B7D : 74;
5B7E : D5;
5B7F : 4E;
5B80 : B4;
5B81 : 25;
5B82 : F8;
5B83 : FA;
5B84 : B4;
5B85 : A0;
5B86 : 5C;
5B87 : 14;
5B88 : 88;
5B89 : C0;
5B8A : 0C;
5B8B : EC;
5B8C : E5;
5B8D : 92;
5B8E : 12;
5B8F : FC;
5B90 : 82;
5B91 : A8;
5B92 : 70;
5B93 : FF;
5B94 : 22;
5B95 : 74;
5B96 : 49;
5B97 : A8;
5B98 : 62;
5B99 : F0;
5B9A : B2;
5B9B : 30;
5B9C : 06;
5B9D : 79;
5B9E : 22;
5B9F : FF;
5BA0 : 76;
5BA1 : 2A;
5BA2 : 04;
5BA3 : 0C;
5BA4 : F0;
5BA5 : 0D;
5BA6 : F2;
5BA7 : A0;
5BA8 : B0;
5BA9 : 89;
5BAA : 10;
5BAB : 24;
5BAC : B1;
5BAD : 22;
5BAE : 5B;
5BAF : 60;
5BB0 : C4;
5BB1 : 01;
5BB2 : C1;
5BB3 : 89;
5BB4 : 88;
5BB5 : BC;
5BB6 : 1C;
5BB7 : 7E;
5BB8 : 24;
5BB9 : 40;
5BBA : 74;
5BBB : 01;
5BBC : 45;
5BBD : F0;
5BBE : AD;
5BBF : A0;
5BC0 : A5;
5BC1 : 10;
5BC2 : C6;
5BC3 : 83;
5BC4 : 36;
5BC5 : 30;
5BC6 : 2B;
5BC7 : 20;
5BC8 : 01;
5BC9 : 74;
5BCA : F9;
5BCB : 6B;
5BCC : 4C;
5BCD : 43;
5BCE : 08;
5BCF : 26;
5BD0 : 51;
5BD1 : 26;
5BD2 : 05;
5BD3 : 83;
5BD4 : 0C;
5BD5 : 83;
5BD6 : 67;
5BD7 : 07;
5BD8 : 63;
5BD9 : 1E;
5BDA : 05;
5BDB : 4C;
5BDC : E0;
5BDD : AB;
5BDE : 04;
5BDF : DC;
5BE0 : 67;
5BE1 : 31;
5BE2 : 20;
5BE3 : 02;
5BE4 : 43;
5BE5 : 45;
5BE6 : A0;
5BE7 : 24;
5BE8 : C1;
5BE9 : D1;
5BEA : C9;
5BEB : 11;
5BEC : 40;
5BED : 88;
5BEE : E5;
5BEF : 11;
5BF0 : 42;
5BF1 : D6;
5BF2 : 79;
5BF3 : 3A;
5BF4 : E9;
5BF5 : 8B;
5BF6 : 08;
5BF7 : D5;
5BF8 : 01;
5BF9 : 16;
5BFA : B8;
5BFB : 69;
5BFC : 6F;
5BFD : 83;
5BFE : 80;
5BFF : 83;
5C00 : 60;
5C01 : DC;
5C02 : 40;
5C03 : 09;
5C04 : BC;
5C05 : D4;
5C06 : 49;
5C07 : 04;
5C08 : 2D;
5C09 : 82;
5C0A : 44;
5C0B : 9D;
5C0C : 08;
5C0D : 54;
5C0E : 48;
5C0F : EC;
5C10 : 5D;
5C11 : 41;
5C12 : 62;
5C13 : 04;
5C14 : 8E;
5C15 : 2F;
5C16 : A8;
5C17 : 75;
5C18 : 04;
5C19 : F5;
5C1A : F8;
5C1B : 51;
5C1C : 72;
5C1D : 40;
5C1E : F6;
5C1F : D4;
5C20 : 84;
5C21 : 30;
5C22 : FE;
5C23 : 0E;
5C24 : 55;
5C25 : 8F;
5C26 : 20;
5C27 : B5;
5C28 : 55;
5C29 : 53;
5C2A : 14;
5C2B : B0;
5C2C : 16;
5C2D : 1A;
5C2E : C8;
5C2F : 22;
5C30 : 06;
5C31 : B4;
5C32 : CD;
5C33 : 0E;
5C34 : 89;
5C35 : 47;
5C36 : AD;
5C37 : A0;
5C38 : ED;
5C39 : B6;
5C3A : D5;
5C3B : 1A;
5C3C : E5;
5C3D : 40;
5C3E : AB;
5C3F : 12;
5C40 : E6;
5C41 : E0;
5C42 : F5;
5C43 : 20;
5C44 : B5;
5C45 : 76;
5C46 : 05;
5C47 : DC;
5C48 : 10;
5C49 : 40;
5C4A : 5E;
5C4B : 8C;
5C4C : 22;
5C4D : 22;
5C4E : 2F;
5C4F : 37;
5C50 : E5;
5C51 : 89;
5C52 : 89;
5C53 : 01;
5C54 : 03;
5C55 : 30;
5C56 : 21;
5C57 : 5C;
5C58 : 02;
5C59 : D2;
5C5A : 90;
5C5B : 76;
5C5C : 07;
5C5D : 20;
5C5E : 41;
5C5F : D1;
5C60 : C2;
5C61 : E9;
5C62 : 88;
5C63 : E9;
5C64 : D0;
5C65 : 40;
5C66 : 04;
5C67 : 80;
5C68 : 84;
5C69 : 54;
5C6A : 82;
5C6B : 53;
5C6C : 83;
5C6D : 64;
5C6E : EE;
5C6F : 40;
5C70 : 59;
5C71 : C4;
5C72 : 83;
5C73 : 63;
5C74 : 64;
5C75 : 66;
5C76 : 73;
5C77 : D0;
5C78 : B7;
5C79 : 00;
5C7A : A2;
5C7B : E0;
5C7C : 3E;
5C7D : 2A;
5C7E : 69;
5C7F : 2C;
5C80 : D1;
5C81 : 45;
5C82 : F2;
5C83 : 4C;
5C84 : 59;
5C85 : 22;
5C86 : FF;
5C87 : 5A;
5C88 : 31;
5C89 : 42;
5C8A : 84;
5C8B : 05;
5C8C : E3;
5C8D : 98;
5C8E : 03;
5C8F : C4;
5C90 : 48;
5C91 : 44;
5C92 : AD;
5C93 : D4;
5C94 : 76;
5C95 : 15;
5C96 : 05;
5C97 : 71;
5C98 : 52;
5C99 : 0C;
5C9A : 85;
5C9B : 10;
5C9C : 8A;
5C9D : B0;
5C9E : 18;
5C9F : A1;
5CA0 : 85;
5CA1 : 9E;
5CA2 : 10;
5CA3 : 0C;
5CA4 : 86;
5CA5 : E0;
5CA6 : 2A;
5CA7 : 08;
5CA8 : 83;
5CA9 : 86;
5CAA : 35;
5CAB : 9D;
5CAC : 05;
5CAD : DF;
5CAE : F4;
5CAF : A1;
5CB0 : 6A;
5CB1 : 5C;
5CB2 : A4;
5CB3 : 02;
5CB4 : 60;
5CB5 : FF;
5CB6 : A0;
5CB7 : 22;
5CB8 : B5;
5CB9 : BE;
5CBA : 04;
5CBB : 6A;
5CBC : 78;
5CBD : 16;
5CBE : 9E;
5CBF : B8;
5CC0 : 42;
5CC1 : 81;
5CC2 : D0;
5CC3 : 09;
5CC4 : E2;
5CC5 : 9A;
5CC6 : 78;
5CC7 : 01;
5CC8 : 44;
5CC9 : FB;
5CCA : D8;
5CCB : 31;
5CCC : EF;
5CCD : 47;
5CCE : 04;
5CCF : EC;
5CD0 : 3C;
5CD1 : DC;
5CD2 : 15;
5CD3 : 0A;
5CD4 : A0;
5CD5 : 94;
5CD6 : 01;
5CD7 : 83;
5CD8 : 48;
5CD9 : 78;
5CDA : 7F;
5CDB : F8;
5CDC : 14;
5CDD : 46;
5CDE : 55;
5CDF : 24;
5CE0 : FF;
5CE1 : 26;
5CE2 : 8D;
5CE3 : 53;
5CE4 : 52;
5CE5 : 1E;
5CE6 : 35;
5CE7 : DC;
5CE8 : A6;
5CE9 : FC;
5CEA : 82;
5CEB : 14;
5CEC : E3;
5CED : 2F;
5CEE : 0F;
5CEF : 48;
5CF0 : 67;
5CF1 : 71;
5CF2 : 95;
5CF3 : 41;
5CF4 : 7F;
5CF5 : 44;
5CF6 : B4;
5CF7 : A0;
5CF8 : 00;
5CF9 : 7B;
5CFA : DF;
5CFB : A8;
5CFC : 8E;
5CFD : D4;
5CFE : AC;
5CFF : 88;
5D00 : FE;
5D01 : EA;
5D02 : 8D;
5D03 : 24;
5D04 : 7C;
5D05 : FC;
5D06 : D0;
5D07 : A0;
5D08 : C7;
5D09 : 98;
5D0A : BD;
5D0B : 8A;
5D0C : DD;
5D0D : 2D;
5D0E : 56;
5D0F : 9E;
5D10 : 09;
5D11 : 6A;
5D12 : FF;
5D13 : F4;
5D14 : BC;
5D15 : A3;
5D16 : C8;
5D17 : 14;
5D18 : 62;
5D19 : 18;
5D1A : C0;
5D1B : E8;
5D1C : EA;
5D1D : 45;
5D1E : DC;
5D1F : F0;
5D20 : 6E;
5D21 : B6;
5D22 : 6D;
5D23 : BA;
5D24 : 26;
5D25 : C4;
5D26 : 9A;
5D27 : EC;
5D28 : AA;
5D29 : 5A;
5D2A : EC;
5D2B : A6;
5D2C : 20;
5D2D : 9B;
5D2E : E8;
5D2F : 98;
5D30 : CB;
5D31 : DC;
5D32 : E0;
5D33 : A9;
5D34 : E0;
5D35 : E4;
5D36 : A5;
5D37 : 88;
5D38 : A6;
5D39 : F8;
5D3A : 9A;
5D3B : E0;
5D3C : 78;
5D3D : 5B;
5D3E : F0;
5D3F : 8A;
5D40 : 9C;
5D41 : DC;
5D42 : 69;
5D43 : 66;
5D44 : 69;
5D45 : E4;
5D46 : A6;
5D47 : D8;
5D48 : 96;
5D49 : 56;
5D4A : CF;
5D4B : FC;
5D4C : FD;
5D4D : 10;
5D4E : AC;
5D4F : 66;
5D50 : 82;
5D51 : 88;
5D52 : 71;
5D53 : D8;
5D54 : 60;
5D55 : 3C;
5D56 : AE;
5D57 : B4;
5D58 : F9;
5D59 : C8;
5D5A : A8;
5D5B : E8;
5D5C : B4;
5D5D : B2;
5D5E : 2C;
5D5F : 8F;
5D60 : ED;
5D61 : 28;
5D62 : 73;
5D63 : F5;
5D64 : 53;
5D65 : 68;
5D66 : 8C;
5D67 : FE;
5D68 : 22;
5D69 : E0;
5D6A : F8;
5D6B : AA;
5D6C : 52;
5D6D : 4E;
5D6E : 43;
5D6F : 01;
5D70 : 0E;
5D71 : C7;
5D72 : 6C;
5D73 : BD;
5D74 : A8;
5D75 : DC;
5D76 : 10;
5D77 : AF;
5D78 : 25;
5D79 : B9;
5D7A : 1C;
5D7B : 98;
5D7C : A9;
5D7D : 03;
5D7E : EB;
5D7F : CE;
5D80 : 60;
5D81 : B8;
5D82 : 89;
5D83 : 4B;
5D84 : E3;
5D85 : 6E;
5D86 : 2E;
5D87 : 3C;
5D88 : EF;
5D89 : 7C;
5D8A : 49;
5D8B : 70;
5D8C : 98;
5D8D : F4;
5D8E : 26;
5D8F : 75;
5D90 : 8C;
5D91 : 20;
5D92 : 0B;
5D93 : B2;
5D94 : 34;
5D95 : 41;
5D96 : 7B;
5D97 : 47;
5D98 : 4A;
5D99 : B0;
5D9A : 58;
5D9B : AB;
5D9C : ED;
5D9D : D2;
5D9E : 34;
5D9F : 89;
5DA0 : F0;
5DA1 : 7B;
5DA2 : CA;
5DA3 : B0;
5DA4 : 85;
5DA5 : 67;
5DA6 : 06;
5DA7 : B0;
5DA8 : 86;
5DA9 : C8;
5DAA : 10;
5DAB : 1A;
5DAC : C5;
5DAD : BC;
5DAE : 0F;
5DAF : AD;
5DB0 : 49;
5DB1 : 8C;
5DB2 : B5;
5DB3 : 43;
5DB4 : 9B;
5DB5 : E0;
5DB6 : 31;
5DB7 : B1;
5DB8 : 8C;
5DB9 : 16;
5DBA : AC;
5DBB : 26;
5DBC : 96;
5DBD : BC;
5DBE : 26;
5DBF : D1;
5DC0 : EB;
5DC1 : D5;
5DC2 : 8C;
5DC3 : 02;
5DC4 : AE;
5DC5 : 79;
5DC6 : D0;
5DC7 : 60;
5DC8 : 96;
5DC9 : 43;
5DCA : 60;
5DCB : 0A;
5DCC : 22;
5DCD : 48;
5DCE : 0C;
5DCF : 58;
5DD0 : BA;
5DD1 : FC;
5DD2 : D8;
5DD3 : 17;
5DD4 : 92;
5DD5 : B1;
5DD6 : C0;
5DD7 : 65;
5DD8 : F2;
5DD9 : 60;
5DDA : 32;
5DDB : E4;
5DDC : 8B;
5DDD : 22;
5DDE : 03;
5DDF : 58;
5DE0 : 44;
5DE1 : 70;
5DE2 : 4B;
5DE3 : A0;
5DE4 : C4;
5DE5 : 39;
5DE6 : 05;
5DE7 : E6;
5DE8 : AC;
5DE9 : 0C;
5DEA : 24;
5DEB : 40;
5DEC : 2D;
5DED : 36;
5DEE : 6D;
5DEF : FC;
5DF0 : 14;
5DF1 : 08;
5DF2 : 6C;
5DF3 : 88;
5DF4 : C2;
5DF5 : B6;
5DF6 : B1;
5DF7 : 36;
5DF8 : 4A;
5DF9 : E8;
5DFA : 9B;
5DFB : B4;
5DFC : B6;
5DFD : DC;
5DFE : A4;
5DFF : 38;
5E00 : F8;
5E01 : 90;
5E02 : FC;
5E03 : D0;
5E04 : B1;
5E05 : 26;
5E06 : E5;
5E07 : 00;
5E08 : F4;
5E09 : 0E;
5E0A : 26;
5E0B : 6B;
5E0C : 00;
5E0D : 0E;
5E0E : B7;
5E0F : F4;
5E10 : 75;
5E11 : 4F;
5E12 : 55;
5E13 : 09;
5E14 : 00;
5E15 : 46;
5E16 : 5C;
5E17 : 2C;
5E18 : EE;
5E19 : 5A;
5E1A : F4;
5E1B : 92;
5E1C : 62;
5E1D : 35;
5E1E : 70;
5E1F : 3E;
5E20 : 51;
5E21 : 34;
5E22 : E0;
5E23 : B5;
5E24 : 48;
5E25 : 0A;
5E26 : 24;
5E27 : C0;
5E28 : 0A;
5E29 : 50;
5E2A : E2;
5E2B : 14;
5E2C : 04;
5E2D : 94;
5E2E : EC;
5E2F : 98;
5E30 : 05;
5E31 : 0A;
5E32 : 0C;
5E33 : A9;
5E34 : 2A;
5E35 : 27;
5E36 : ED;
5E37 : BB;
5E38 : 90;
5E39 : D0;
5E3A : CD;
5E3B : 45;
5E3C : AA;
5E3D : DC;
5E3E : 36;
5E3F : C5;
5E40 : 7C;
5E41 : F5;
5E42 : E8;
5E43 : 3C;
5E44 : 15;
5E45 : F1;
5E46 : AF;
5E47 : BD;
5E48 : 40;
5E49 : C5;
5E4A : FC;
5E4B : F0;
5E4C : 9D;
5E4D : C0;
5E4E : AB;
5E4F : 05;
5E50 : CA;
5E51 : EC;
5E52 : 40;
5E53 : AA;
5E54 : EA;
5E55 : 12;
5E56 : 08;
5E57 : C0;
5E58 : 24;
5E59 : 4B;
5E5A : 10;
5E5B : 97;
5E5C : 90;
5E5D : 50;
5E5E : 9F;
5E5F : 78;
5E60 : 05;
5E61 : 03;
5E62 : 95;
5E63 : 77;
5E64 : F9;
5E65 : 74;
5E66 : E3;
5E67 : DD;
5E68 : 88;
5E69 : 80;
5E6A : 6D;
5E6B : F4;
5E6C : 88;
5E6D : 85;
5E6E : 8E;
5E6F : 26;
5E70 : 7E;
5E71 : E1;
5E72 : E8;
5E73 : D7;
5E74 : FD;
5E75 : 72;
5E76 : AD;
5E77 : BF;
5E78 : 75;
5E79 : 14;
5E7A : 63;
5E7B : 78;
5E7C : 40;
5E7D : 6A;
5E7E : AC;
5E7F : 0E;
5E80 : 30;
5E81 : CA;
5E82 : D0;
5E83 : 80;
5E84 : 1B;
5E85 : 64;
5E86 : 10;
5E87 : 58;
5E88 : 70;
5E89 : A8;
5E8A : C0;
5E8B : E7;
5E8C : 0E;
5E8D : B5;
5E8E : F9;
5E8F : 0A;
5E90 : 33;
5E91 : FC;
5E92 : 58;
5E93 : 34;
5E94 : A9;
5E95 : BC;
5E96 : D6;
5E97 : 4E;
5E98 : 23;
5E99 : CA;
5E9A : 00;
5E9B : AA;
5E9C : C0;
5E9D : 79;
5E9E : 6B;
5E9F : D0;
5EA0 : 56;
5EA1 : 65;
5EA2 : EC;
5EA3 : 4B;
5EA4 : 24;
5EA5 : 1B;
5EA6 : E8;
5EA7 : 5D;
5EA8 : FF;
5EA9 : 22;
5EAA : D0;
5EAB : 66;
5EAC : CC;
5EAD : 41;
5EAE : F9;
5EAF : DE;
5EB0 : C4;
5EB1 : 84;
5EB2 : C0;
5EB3 : 92;
5EB4 : 07;
5EB5 : 80;
5EB6 : D4;
5EB7 : 10;
5EB8 : EE;
5EB9 : 08;
5EBA : 1F;
5EBB : CC;
5EBC : 26;
5EBD : C8;
5EBE : 27;
5EBF : 7C;
5EC0 : 0F;
5EC1 : B1;
5EC2 : CB;
5EC3 : 6C;
5EC4 : D0;
5EC5 : 8B;
5EC6 : 8C;
5EC7 : 76;
5EC8 : 48;
5EC9 : F8;
5ECA : 31;
5ECB : 32;
5ECC : 91;
5ECD : 91;
5ECE : C3;
5ECF : 0C;
5ED0 : 28;
5ED1 : EB;
5ED2 : EC;
5ED3 : 70;
5ED4 : 44;
5ED5 : 12;
5ED6 : CD;
5ED7 : 2A;
5ED8 : FE;
5ED9 : 9E;
5EDA : 04;
5EDB : 4B;
5EDC : 61;
5EDD : 41;
5EDE : 48;
5EDF : 22;
5EE0 : D5;
5EE1 : B4;
5EE2 : 19;
5EE3 : 63;
5EE4 : 6C;
5EE5 : D3;
5EE6 : 61;
5EE7 : 50;
5EE8 : 6B;
5EE9 : 58;
5EEA : 00;
5EEB : 8D;
5EEC : E0;
5EED : 75;
5EEE : 73;
5EEF : 3D;
5EF0 : B9;
5EF1 : DE;
5EF2 : B5;
5EF3 : 00;
5EF4 : FE;
5EF5 : 69;
5EF6 : 24;
5EF7 : 1C;
5EF8 : D0;
5EF9 : CA;
5EFA : 45;
5EFB : BF;
5EFC : 9C;
5EFD : 23;
5EFE : 91;
5EFF : EC;
5F00 : BE;
5F01 : F8;
5F02 : D8;
5F03 : D4;
5F04 : E8;
5F05 : 50;
5F06 : E9;
5F07 : 08;
5F08 : 26;
5F09 : 8C;
5F0A : 72;
5F0B : 05;
5F0C : 00;
5F0D : 39;
5F0E : 4C;
5F0F : C1;
5F10 : FD;
5F11 : 72;
5F12 : 74;
5F13 : 17;
5F14 : 5C;
5F15 : 9C;
5F16 : 1C;
5F17 : 60;
5F18 : 36;
5F19 : D2;
5F1A : 99;
5F1B : A4;
5F1C : 27;
5F1D : C0;
5F1E : 22;
5F1F : 69;
5F20 : 51;
5F21 : AD;
5F22 : FC;
5F23 : E8;
5F24 : 6C;
5F25 : 50;
5F26 : 41;
5F27 : 0F;
5F28 : 80;
5F29 : 04;
5F2A : 57;
5F2B : 3C;
5F2C : BC;
5F2D : 12;
5F2E : B1;
5F2F : 51;
5F30 : 5A;
5F31 : 40;
5F32 : EB;
5F33 : 04;
5F34 : A8;
5F35 : 4E;
5F36 : A7;
5F37 : AC;
5F38 : D8;
5F39 : 24;
5F3A : 00;
5F3B : 45;
5F3C : AF;
5F3D : D9;
5F3E : 74;
5F3F : 84;
5F40 : 2D;
5F41 : 6C;
5F42 : 44;
5F43 : 59;
5F44 : CC;
5F45 : D0;
5F46 : 01;
5F47 : CE;
5F48 : 88;
5F49 : 54;
5F4A : D1;
5F4B : A2;
5F4C : 01;
5F4D : FA;
5F4E : D1;
5F4F : 42;
5F50 : 82;
5F51 : 08;
5F52 : CF;
5F53 : 2E;
5F54 : EC;
5F55 : 51;
5F56 : AB;
5F57 : C8;
5F58 : 12;
5F59 : 22;
5F5A : 90;
5F5B : B4;
5F5C : 60;
5F5D : 4F;
5F5E : B5;
5F5F : 51;
5F60 : ED;
5F61 : C0;
5F62 : FF;
5F63 : 46;
5F64 : 8C;
5F65 : EB;
5F66 : 1C;
5F67 : 11;
5F68 : 4E;
5F69 : F5;
5F6A : E4;
5F6B : 27;
5F6C : 76;
5F6D : 42;
5F6E : B9;
5F6F : F4;
5F70 : C0;
5F71 : 01;
5F72 : 27;
5F73 : 70;
5F74 : 01;
5F75 : 09;
5F76 : 0C;
5F77 : 70;
5F78 : 05;
5F79 : 81;
5F7A : D0;
5F7B : C4;
5F7C : 45;
5F7D : A8;
5F7E : 6C;
5F7F : 40;
5F80 : A2;
5F81 : 3E;
5F82 : F8;
5F83 : 4E;
5F84 : 48;
5F85 : C9;
5F86 : 0C;
5F87 : AE;
5F88 : 7C;
5F89 : EF;
5F8A : 55;
5F8B : 2D;
5F8C : A7;
5F8D : A3;
5F8E : ED;
5F8F : CC;
5F90 : 27;
5F91 : 78;
5F92 : 58;
5F93 : E8;
5F94 : A9;
5F95 : D2;
5F96 : CC;
5F97 : 00;
5F98 : 02;
5F99 : 32;
5F9A : 48;
5F9B : 8E;
5F9C : D2;
5F9D : 4A;
5F9E : 3C;
5F9F : 30;
5FA0 : 10;
5FA1 : A2;
5FA2 : 05;
5FA3 : 02;
5FA4 : 9A;
5FA5 : 24;
5FA6 : 9C;
5FA7 : 0D;
5FA8 : FB;
5FA9 : B8;
5FAA : DC;
5FAB : 40;
5FAC : DA;
5FAD : 81;
5FAE : BD;
5FAF : 22;
5FB0 : C4;
5FB1 : 4E;
5FB2 : 34;
5FB3 : 6F;
5FB4 : FC;
5FB5 : 2C;
5FB6 : 28;
5FB7 : 69;
5FB8 : 7B;
5FB9 : C9;
5FBA : ED;
5FBB : F2;
5FBC : 2A;
5FBD : C0;
5FBE : 40;
5FBF : 0F;
5FC0 : BD;
5FC1 : A5;
5FC2 : D0;
5FC3 : AC;
5FC4 : E4;
5FC5 : 42;
5FC6 : 43;
5FC7 : 38;
5FC8 : 03;
5FC9 : 42;
5FCA : 85;
5FCB : 64;
5FCC : 80;
5FCD : B4;
5FCE : A2;
5FCF : 4E;
5FD0 : 22;
5FD1 : 22;
5FD2 : 28;
5FD3 : C2;
5FD4 : B2;
5FD5 : 11;
5FD6 : 1A;
5FD7 : 02;
5FD8 : 7A;
5FD9 : 01;
5FDA : 0C;
5FDB : 44;
5FDC : 1D;
5FDD : 0F;
5FDE : 62;
5FDF : 50;
5FE0 : 32;
5FE1 : 44;
5FE2 : 44;
5FE3 : 7A;
5FE4 : C0;
5FE5 : FF;
5FE6 : 8A;
5FE7 : 52;
5FE8 : 49;
5FE9 : 01;
5FEA : 63;
5FEB : 80;
5FEC : 4C;
5FED : 64;
5FEE : 4A;
5FEF : 81;
5FF0 : 67;
5FF1 : 2C;
5FF2 : 4A;
5FF3 : 43;
5FF4 : 67;
5FF5 : 1A;
5FF6 : 49;
5FF7 : EF;
5FF8 : 00;
5FF9 : 24;
5FFA : 34;
5FFB : 03;
5FFC : 91;
5FFD : C8;
5FFE : 53;
5FFF : 42;
6000 : B2;
6001 : 9C;
6002 : 66;
6003 : 06;
6004 : B6;
6005 : 48;
6006 : 66;
6007 : 16;
6008 : 60;
6009 : 06;
600A : 52;
600B : 48;
600C : 51;
600D : CA;
600E : 07;
600F : C5;
6010 : 93;
6011 : D1;
6012 : 2F;
6013 : 81;
6014 : 2C;
6015 : 24;
6016 : 52;
6017 : 43;
6018 : 38;
6019 : 4D;
601A : 89;
601B : F2;
601C : 38;
601D : 09;
601E : A3;
601F : 20;
6020 : 4B;
6021 : 8E;
6022 : 22;
6023 : 25;
6024 : 7A;
6025 : FF;
6026 : 69;
6027 : 4A;
6028 : D4;
6029 : 16;
602A : 10;
602B : 6D;
602C : 01;
602D : 8C;
602E : C0;
602F : 5B;
6030 : 7C;
6031 : 0F;
6032 : FC;
6033 : 69;
6034 : 98;
6035 : D0;
6036 : 48;
6037 : 3A;
6038 : 39;
6039 : A9;
603A : 0C;
603B : BC;
603C : B1;
603D : 3E;
603E : 44;
603F : AC;
6040 : D8;
6041 : 14;
6042 : 55;
6043 : 48;
6044 : 14;
6045 : 9C;
6046 : 72;
6047 : 22;
6048 : 4A;
6049 : E3;
604A : F0;
604B : FE;
604C : 62;
604D : 43;
604E : 29;
604F : AF;
6050 : A8;
6051 : 2E;
6052 : E9;
6053 : 00;
6054 : 1E;
6055 : C0;
6056 : 20;
6057 : FE;
6058 : B4;
6059 : A8;
605A : 28;
605B : EB;
605C : 42;
605D : 86;
605E : 50;
605F : 12;
6060 : AE;
6061 : 78;
6062 : 10;
6063 : 2C;
6064 : 87;
6065 : 37;
6066 : 6C;
6067 : 24;
6068 : 74;
6069 : 05;
606A : 04;
606B : 4A;
606C : BC;
606D : 58;
606E : 10;
606F : 52;
6070 : 86;
6071 : 51;
6072 : CB;
6073 : FF;
6074 : F0;
6075 : 22;
6076 : FD;
6077 : DE;
6078 : 09;
6079 : 3D;
607A : 6F;
607B : 1C;
607C : 74;
607D : 0A;
607E : 72;
607F : 01;
6080 : 11;
6081 : 5F;
6082 : D8;
6083 : 8A;
6084 : D4;
6085 : C8;
6086 : 1B;
6087 : 06;
6088 : 64;
6089 : 81;
608A : A2;
608B : 66;
608C : E8;
608D : 60;
608E : 10;
608F : 4A;
6090 : 83;
6091 : 0C;
6092 : 72;
6093 : F2;
6094 : C5;
6095 : BC;
6096 : 60;
6097 : E7;
6098 : 66;
6099 : 38;
609A : 22;
609B : 4C;
609C : 20;
609D : 52;
609E : EC;
609F : B4;
60A0 : BA;
60A1 : 80;
60A2 : 6C;
60A3 : A5;
60A4 : 1A;
60A5 : 8B;
60A6 : 3E;
60A7 : 0C;
60A8 : 2B;
60A9 : C0;
60AA : 38;
60AB : 40;
60AC : 12;
60AD : E8;
60AE : 86;
60AF : 03;
60B0 : 2F;
60B1 : 80;
60B2 : 1D;
60B3 : 20;
60B4 : B7;
60B5 : A4;
60B6 : 1D;
60B7 : 70;
60B8 : 28;
60B9 : B4;
60BA : C6;
60BB : CD;
60BC : 49;
60BD : 79;
60BE : 43;
60BF : 45;
60C0 : 6E;
60C1 : D9;
60C2 : 2D;
60C3 : C8;
60C4 : E2;
60C5 : 48;
60C6 : AC;
60C7 : 60;
60C8 : 40;
60C9 : B4;
60CA : 51;
60CB : 3A;
60CC : 2D;
60CD : D4;
60CE : AF;
60CF : C8;
60D0 : EA;
60D1 : 20;
60D2 : 2A;
60D3 : 6C;
60D4 : A8;
60D5 : 45;
60D6 : 0E;
60D7 : 0E;
60D8 : E9;
60D9 : 03;
60DA : 67;
60DB : 46;
60DC : 60;
60DD : 3C;
60DE : 42;
60DF : 83;
60E0 : 34;
60E1 : 04;
60E2 : 37;
60E3 : 51;
60E4 : 05;
60E5 : CC;
60E6 : A9;
60E7 : 3D;
60E8 : 26;
60E9 : 04;
60EA : 4A;
60EB : 2C;
60EC : 37;
60ED : 3C;
60EE : 64;
60EF : 22;
60F0 : 6C;
60F1 : D2;
60F2 : 4A;
60F3 : 1D;
60F4 : C2;
60F5 : BC;
60F6 : 81;
60F7 : BF;
60F8 : 10;
60F9 : 8D;
60FA : D4;
60FB : 83;
60FC : 04;
60FD : 22;
60FE : 44;
60FF : 28;
6100 : 4B;
6101 : 1C;
6102 : 0C;
6103 : 34;
6104 : B2;
6105 : 83;
6106 : 08;
6107 : 9D;
6108 : D4;
6109 : 60;
610A : B6;
610B : 15;
610C : 48;
610D : 30;
610E : A3;
610F : 42;
6110 : CF;
6111 : 61;
6112 : 99;
6113 : 5C;
6114 : C5;
6115 : 35;
6116 : F5;
6117 : 15;
6118 : 28;
6119 : E5;
611A : 5C;
611B : 28;
611C : C0;
611D : 87;
611E : 62;
611F : 61;
6120 : 74;
6121 : 74;
6122 : 6D;
6123 : 55;
6124 : 96;
6125 : 16;
6126 : D4;
6127 : 00;
6128 : 3C;
6129 : 74;
612A : 10;
612B : 0A;
612C : 14;
612D : E3;
612E : ED;
612F : F5;
6130 : 42;
6131 : 90;
6132 : 55;
6133 : A8;
6134 : 28;
6135 : E0;
6136 : 4D;
6137 : 54;
6138 : 62;
6139 : BC;
613A : C3;
613B : 38;
613C : 6D;
613D : 05;
613E : 73;
613F : 1C;
6140 : 07;
6141 : B4;
6142 : B0;
6143 : 41;
6144 : 43;
6145 : C8;
6146 : F0;
6147 : F9;
6148 : 56;
6149 : 84;
614A : 72;
614B : CC;
614C : B0;
614D : 84;
614E : 54;
614F : E2;
6150 : E0;
6151 : 9E;
6152 : 24;
6153 : 5B;
6154 : 48;
6155 : 50;
6156 : F8;
6157 : 9C;
6158 : DC;
6159 : A5;
615A : 64;
615B : A6;
615C : 49;
615D : 91;
615E : FD;
615F : A6;
6160 : 4A;
6161 : 93;
6162 : FF;
6163 : 6F;
6164 : DC;
6165 : 8C;
6166 : 69;
6167 : 4B;
6168 : A4;
6169 : FE;
616A : D4;
616B : 02;
616C : 38;
616D : 4B;
616E : 2D;
616F : C0;
6170 : 65;
6171 : 5D;
6172 : 50;
6173 : BB;
6174 : 11;
6175 : 70;
6176 : BB;
6177 : 0C;
6178 : 88;
6179 : BB;
617A : 08;
617B : A8;
617C : E2;
617D : 05;
617E : A4;
617F : C4;
6180 : CC;
6181 : 0B;
6182 : 68;
6183 : 14;
6184 : 42;
6185 : D5;
6186 : 83;
6187 : F8;
6188 : 7B;
6189 : 70;
618A : 22;
618B : 01;
618C : 26;
618D : E0;
618E : 93;
618F : 29;
6190 : 78;
6191 : 58;
6192 : 3E;
6193 : 10;
6194 : C0;
6195 : 10;
6196 : E9;
6197 : 91;
6198 : F8;
6199 : AB;
619A : 43;
619B : A9;
619C : 05;
619D : 3C;
619E : 74;
619F : 37;
61A0 : 99;
61A1 : 58;
61A2 : 8D;
61A3 : 67;
61A4 : 5A;
61A5 : 91;
61A6 : 90;
61A7 : 89;
61A8 : 9F;
61A9 : BC;
61AA : 4F;
61AB : DC;
61AC : DD;
61AD : 90;
61AE : 62;
61AF : 9F;
61B0 : BC;
61B1 : 10;
61B2 : F7;
61B3 : D5;
61B4 : E0;
61B5 : 77;
61B6 : E8;
61B7 : CA;
61B8 : 54;
61B9 : A0;
61BA : 54;
61BB : 5A;
61BC : EC;
61BD : 61;
61BE : 00;
61BF : 03;
61C0 : 34;
61C1 : 61;
61C2 : 00;
61C3 : 02;
61C4 : E6;
61C5 : B0;
61C6 : BC;
61C7 : 5A;
61C8 : 58;
61C9 : 30;
61CA : 01;
61CB : 67;
61CC : 06;
61CD : 61;
61CE : 7E;
61CF : D4;
61D0 : 5C;
61D1 : E3;
61D2 : 50;
61D3 : 7F;
61D4 : FE;
61D5 : AD;
61D6 : D4;
61D7 : D0;
61D8 : 31;
61D9 : 09;
61DA : BB;
61DB : E8;
61DC : 75;
61DD : 04;
61DE : 14;
61DF : 06;
61E0 : 50;
61E1 : 7A;
61E2 : DC;
61E3 : 29;
61E4 : BE;
61E5 : 2A;
61E6 : C4;
61E7 : 56;
61E8 : 40;
61E9 : C0;
61EA : 88;
61EB : 95;
61EC : FC;
61ED : 72;
61EE : 70;
61EF : 05;
61F0 : E4;
61F1 : 30;
61F2 : E8;
61F3 : 22;
61F4 : 05;
61F5 : 53;
61F6 : 41;
61F7 : E4;
61F8 : 89;
61F9 : 78;
61FA : 30;
61FB : A2;
61FC : 20;
61FD : 80;
61FE : 58;
61FF : AB;
6200 : 4D;
6201 : C9;
6202 : F6;
6203 : AE;
6204 : D8;
6205 : 42;
6206 : 50;
6207 : B5;
6208 : 02;
6209 : 8E;
620A : 11;
620B : 20;
620C : 05;
620D : A4;
620E : 7A;
620F : 80;
6210 : 7C;
6211 : 2E;
6212 : 29;
6213 : 42;
6214 : 25;
6215 : 17;
6216 : 05;
6217 : 1E;
6218 : 29;
6219 : F0;
621A : BA;
621B : F4;
621C : A4;
621D : 7E;
621E : 74;
621F : 61;
6220 : 14;
6221 : 85;
6222 : B1;
6223 : 3F;
6224 : 20;
6225 : 03;
6226 : C8;
6227 : 43;
6228 : 3C;
6229 : FD;
622A : 1D;
622B : 0C;
622C : DD;
622D : E9;
622E : 45;
622F : 5E;
6230 : 1C;
6231 : C5;
6232 : 66;
6233 : BA;
6234 : 78;
6235 : B0;
6236 : E8;
6237 : 4C;
6238 : F8;
6239 : B0;
623A : 48;
623B : 2E;
623C : 00;
623D : A2;
623E : 69;
623F : 29;
6240 : 5D;
6241 : F8;
6242 : E3;
6243 : 88;
6244 : 53;
6245 : 80;
6246 : 42;
6247 : A7;
6248 : 15;
6249 : 0E;
624A : 74;
624B : 38;
624C : 29;
624D : 4F;
624E : F9;
624F : 3A;
6250 : 53;
6251 : 47;
6252 : 2C;
6253 : 07;
6254 : BC;
6255 : 9B;
6256 : 2A;
6257 : 26;
6258 : 78;
6259 : B4;
625A : E3;
625B : 24;
625C : 6C;
625D : D1;
625E : 20;
625F : 2C;
6260 : A9;
6261 : B5;
6262 : E5;
6263 : DB;
6264 : 47;
6265 : F2;
6266 : 00;
6267 : 8C;
6268 : A4;
6269 : 8C;
626A : B1;
626B : 0E;
626C : E5;
626D : 88;
626E : 26;
626F : C0;
6270 : 50;
6271 : 01;
6272 : 32;
6273 : D0;
6274 : E5;
6275 : 7A;
6276 : ED;
6277 : FB;
6278 : 24;
6279 : C0;
627A : 51;
627B : CF;
627C : FF;
627D : E6;
627E : 2A;
627F : AC;
6280 : 55;
6281 : 8E;
6282 : C1;
6283 : 01;
6284 : EE;
6285 : 28;
6286 : 27;
6287 : E9;
6288 : 67;
6289 : 76;
628A : 8A;
628B : F0;
628C : EA;
628D : A1;
628E : 6E;
628F : AA;
6290 : EB;
6291 : 7C;
6292 : 1A;
6293 : EC;
6294 : C5;
6295 : 6E;
6296 : C8;
6297 : EC;
6298 : 29;
6299 : FC;
629A : A1;
629B : AA;
629C : A6;
629D : F7;
629E : 86;
629F : A0;
62A0 : 9A;
62A1 : F0;
62A2 : D6;
62A3 : 1A;
62A4 : FD;
62A5 : 68;
62A6 : E2;
62A7 : 68;
62A8 : E8;
62A9 : 88;
62AA : 01;
62AB : 10;
62AC : 69;
62AD : F1;
62AE : A1;
62AF : 06;
62B0 : A6;
62B1 : F2;
62B2 : 77;
62B3 : 12;
62B4 : 4A;
62B5 : AC;
62B6 : 85;
62B7 : 07;
62B8 : 61;
62B9 : 7A;
62BA : C4;
62BB : E7;
62BC : 9B;
62BD : DF;
62BE : C0;
62BF : 70;
62C0 : 62;
62C1 : 20;
62C2 : D8;
62C3 : 75;
62C4 : 49;
62C5 : 88;
62C6 : 01;
62C7 : 6C;
62C8 : ED;
62C9 : 53;
62CA : 87;
62CB : F0;
62CC : 37;
62CD : 59;
62CE : CC;
62CF : B1;
62D0 : F8;
62D1 : 5A;
62D2 : EC;
62D3 : EA;
62D4 : 68;
62D5 : D4;
62D6 : 56;
62D7 : 0D;
62D8 : 17;
62D9 : 7D;
62DA : A9;
62DB : DC;
62DC : FC;
62DD : A6;
62DE : 56;
62DF : DB;
62E0 : 44;
62E1 : 80;
62E2 : B5;
62E3 : C9;
62E4 : 4C;
62E5 : 53;
62E6 : B0;
62E7 : E8;
62E8 : C0;
62E9 : A3;
62EA : 36;
62EB : 24;
62EC : E5;
62ED : 8A;
62EE : 78;
62EF : 20;
62F0 : 3A;
62F1 : D5;
62F2 : C2;
62F3 : 26;
62F4 : 12;
62F5 : A0;
62F6 : 5A;
62F7 : 26;
62F8 : 26;
62F9 : 48;
62FA : D7;
62FB : C0;
62FC : D7;
62FD : 93;
62FE : AA;
62FF : C9;
6300 : F4;
6301 : EA;
6302 : D2;
6303 : A4;
6304 : 12;
6305 : 6F;
6306 : 24;
6307 : A8;
6308 : 29;
6309 : 06;
630A : 48;
630B : 85;
630C : 00;
630D : F6;
630E : B2;
630F : D4;
6310 : A0;
6311 : 83;
6312 : EC;
6313 : 54;
6314 : 80;
6315 : C0;
6316 : 10;
6317 : EC;
6318 : 38;
6319 : FC;
631A : F8;
631B : 3D;
631C : E9;
631D : 01;
631E : B6;
631F : FE;
6320 : E8;
6321 : 50;
6322 : F9;
6323 : 24;
6324 : BA;
6325 : FE;
6326 : DE;
6327 : 2E;
6328 : E8;
6329 : DA;
632A : CA;
632B : F4;
632C : AE;
632D : FA;
632E : EA;
632F : D4;
6330 : A1;
6331 : BC;
6332 : B9;
6333 : C8;
6334 : 50;
6335 : 88;
6336 : 00;
6337 : AE;
6338 : 5B;
6339 : 52;
633A : 4E;
633B : 27;
633C : DC;
633D : 95;
633E : FA;
633F : 9C;
6340 : 22;
6341 : 4A;
6342 : D3;
6343 : C0;
6344 : 26;
6345 : 11;
6346 : 96;
6347 : 8A;
6348 : 96;
6349 : 80;
634A : D6;
634B : 8B;
634C : 22;
634D : 83;
634E : 3D;
634F : 60;
6350 : EA;
6351 : C8;
6352 : 64;
6353 : 88;
6354 : 1B;
6355 : 90;
6356 : 58;
6357 : 89;
6358 : 83;
6359 : 61;
635A : 7C;
635B : A1;
635C : 38;
635D : 3A;
635E : 84;
635F : 58;
6360 : 8D;
6361 : 51;
6362 : CE;
6363 : FE;
6364 : 7E;
6365 : 61;
6366 : 22;
6367 : 20;
6368 : 80;
6369 : 0C;
636A : 24;
636B : 10;
636C : 59;
636D : 82;
636E : DC;
636F : CC;
6370 : 47;
6371 : 7D;
6372 : 49;
6373 : 20;
6374 : 83;
6375 : FD;
6376 : 84;
6377 : 20;
6378 : 1F;
6379 : 27;
637A : B8;
637B : E3;
637C : BC;
637D : 22;
637E : 50;
637F : 59;
6380 : 50;
6381 : 88;
6382 : 20;
6383 : 30;
6384 : 93;
6385 : 50;
6386 : 80;
6387 : E4;
6388 : 88;
6389 : 23;
638A : 40;
638B : A2;
638C : E5;
638D : 58;
638E : E8;
638F : 10;
6390 : 50;
6391 : E7;
6392 : 0A;
6393 : 59;
6394 : E0;
6395 : BF;
6396 : 55;
6397 : DA;
6398 : F4;
6399 : 4F;
639A : 7C;
639B : 03;
639C : 65;
639D : AD;
639E : 54;
639F : F4;
63A0 : 6A;
63A1 : 0D;
63A2 : D1;
63A3 : 36;
63A4 : 29;
63A5 : 48;
63A6 : 45;
63A7 : 1D;
63A8 : 20;
63A9 : 5F;
63AA : 22;
63AB : 5F;
63AC : 60;
63AD : 40;
63AE : 08;
63AF : 58;
63B0 : 8E;
63B1 : 70;
63B2 : 03;
63B3 : C9;
63B4 : 9C;
63B5 : 70;
63B6 : 69;
63B7 : F1;
63B8 : 4A;
63B9 : D1;
63BA : 8D;
63BB : 65;
63BC : B0;
63BD : 3C;
63BE : 15;
63BF : ED;
63C0 : D4;
63C1 : 20;
63C2 : 40;
63C3 : 6B;
63C4 : B4;
63C5 : 30;
63C6 : B1;
63C7 : F9;
63C8 : 22;
63C9 : 93;
63CA : 29;
63CB : E1;
63CC : 88;
63CD : 12;
63CE : 10;
63CF : C2;
63D0 : BC;
63D1 : 44;
63D2 : F1;
63D3 : 14;
63D4 : A3;
63D5 : CA;
63D6 : 02;
63D7 : C4;
63D8 : 89;
63D9 : EC;
63DA : D6;
63DB : E8;
63DC : 4A;
63DD : 84;
63DE : 5F;
63DF : C6;
63E0 : 02;
63E1 : 50;
63E2 : AB;
63E3 : CB;
63E4 : E2;
63E5 : F6;
63E6 : 64;
63E7 : D9;
63E8 : 39;
63E9 : 03;
63EA : 0E;
63EB : 38;
63EC : FF;
63ED : 41;
63EE : 45;
63EF : 35;
63F0 : 9C;
63F1 : 38;
63F2 : ED;
63F3 : 8D;
63F4 : 61;
63F5 : 42;
63F6 : 6F;
63F7 : 3C;
63F8 : 28;
63F9 : C0;
63FA : 44;
63FB : CE;
63FC : A0;
63FD : F9;
63FE : D5;
63FF : 08;
6400 : 69;
6401 : C4;
6402 : 76;
6403 : 20;
6404 : 72;
6405 : 80;
6406 : 74;
6407 : FF;
6408 : 61;
6409 : 36;
640A : 0D;
640B : 20;
640C : 12;
640D : D8;
640E : 9D;
640F : D2;
6410 : 01;
6411 : 65;
6412 : 6E;
6413 : A5;
6414 : 28;
6415 : E5;
6416 : 32;
6417 : 24;
6418 : 49;
6419 : 99;
641A : 39;
641B : 12;
641C : DA;
641D : DC;
641E : 97;
641F : 64;
6420 : E0;
6421 : 70;
6422 : FE;
6423 : 61;
6424 : 16;
6425 : 52;
6426 : 41;
6427 : AD;
6428 : B0;
6429 : 34;
642A : C0;
642B : FD;
642C : 28;
642D : 0C;
642E : 0D;
642F : 14;
6430 : 18;
6431 : E2;
6432 : 82;
6433 : 65;
6434 : DE;
6435 : 61;
6436 : 0E;
6437 : FD;
6438 : 61;
6439 : E9;
643A : A1;
643B : AB;
643C : C1;
643D : 12;
643E : D3;
643F : B8;
6440 : 95;
6441 : 0A;
6442 : ED;
6443 : 34;
6444 : D1;
6445 : 80;
6446 : 60;
6447 : F0;
6448 : 55;
6449 : 22;
644A : D9;
644B : 04;
644C : 04;
644D : 08;
644E : A9;
644F : 3C;
6450 : 00;
6451 : 2F;
6452 : 22;
6453 : 20;
6454 : 2F;
6455 : 38;
6456 : 8D;
6457 : 31;
6458 : 72;
6459 : 20;
645A : 92;
645B : 80;
645C : 04;
645D : 3C;
645E : 74;
645F : 18;
6460 : 15;
6461 : 5A;
6462 : 6F;
6463 : 20;
6464 : 28;
6465 : 02;
6466 : E0;
6467 : AC;
6468 : E0;
6469 : AB;
646A : E3;
646B : AA;
646C : 2A;
646D : CD;
646E : 8A;
646F : 55;
6470 : B2;
6471 : F1;
6472 : 05;
6473 : 75;
6474 : 27;
6475 : 00;
6476 : 3C;
6477 : 56;
6478 : E5;
6479 : E6;
647A : 03;
647B : EC;
647C : 4F;
647D : 44;
647E : 81;
647F : 2A;
6480 : 02;
6481 : E2;
6482 : AD;
6483 : CC;
6484 : 8C;
6485 : 60;
6486 : E4;
6487 : E0;
6488 : 65;
6489 : 68;
648A : 28;
648B : 24;
648C : 5B;
648D : 22;
648E : 80;
648F : 79;
6490 : F4;
6491 : E1;
6492 : AD;
6493 : E1;
6494 : AA;
6495 : 20;
6496 : 03;
6497 : E2;
6498 : A8;
6499 : 55;
649A : 5E;
649B : 99;
649C : 64;
649D : 46;
649E : 09;
649F : 28;
64A0 : 03;
64A1 : E3;
64A2 : AC;
64A3 : 37;
64A4 : 10;
64A5 : C5;
64A6 : 54;
64A7 : CD;
64A8 : 1C;
64A9 : 44;
64AA : 9B;
64AB : 6C;
64AC : 10;
64AD : 16;
64AE : 8A;
64AF : B5;
64B0 : 54;
64B1 : B2;
64B2 : 5D;
64B3 : 14;
64B4 : 4C;
64B5 : CD;
64B6 : 79;
64B7 : 96;
64B8 : 45;
64B9 : 48;
64BA : 40;
64BB : 30;
64BC : 02;
64BD : 24;
64BE : 08;
64BF : 44;
64C0 : B5;
64C1 : 02;
64C2 : 08;
64C3 : 30;
64C4 : AE;
64C5 : 67;
64C6 : 15;
64C7 : 1E;
64C8 : 92;
64C9 : 82;
64CA : E2;
64CB : 8A;
64CC : 64;
64CD : F1;
64CE : 64;
64CF : 04;
64D0 : 10;
64D1 : C0;
64D2 : A9;
64D3 : 30;
64D4 : 6D;
64D5 : 24;
64D6 : 01;
64D7 : E4;
64D8 : 8A;
64D9 : 53;
64DA : 82;
64DB : 20;
64DC : 56;
64DD : BC;
64DE : 8B;
64DF : FC;
64E0 : 04;
64E1 : 14;
64E2 : EC;
64E3 : 18;
64E4 : 6A;
64E5 : 67;
64E6 : 15;
64E7 : F2;
64E8 : 02;
64E9 : 81;
64EA : E7;
64EB : 9C;
64EC : 24;
64ED : 1F;
64EE : 60;
64EF : FA;
64F0 : A8;
64F1 : C9;
64F2 : C9;
64F3 : 3B;
64F4 : 30;
64F5 : 2E;
64F6 : EC;
64F7 : E3;
64F8 : FA;
64F9 : 2F;
64FA : 5D;
64FB : 1C;
64FC : 30;
64FD : E8;
64FE : C2;
64FF : 0A;
6500 : 64;
6501 : D4;
6502 : 34;
6503 : A7;
6504 : 64;
6505 : 49;
6506 : 22;
6507 : 19;
6508 : 50;
6509 : 22;
650A : 49;
650B : FE;
650C : FE;
650D : A2;
650E : FF;
650F : 4F;
6510 : 46;
6511 : 81;
6512 : C0;
6513 : 81;
6514 : 02;
6515 : 80;
6516 : FE;
6517 : 81;
6518 : DB;
6519 : 67;
651A : E8;
651B : 20;
651C : 08;
651D : 4A;
651E : 18;
651F : 66;
6520 : FA;
6521 : 2F;
6522 : D0;
6523 : 55;
6524 : 52;
6525 : BC;
6526 : 6B;
6527 : 9B;
6528 : 30;
6529 : E1;
652A : 1F;
652B : 15;
652C : 61;
652D : 2F;
652E : D0;
652F : 99;
6530 : E7;
6531 : C8;
6532 : DE;
6533 : 60;
6534 : E2;
6535 : 55;
6536 : 47;
6537 : C8;
6538 : 35;
6539 : B0;
653A : 90;
653B : 55;
653C : 68;
653D : E8;
653E : 6B;
653F : 41;
6540 : 22;
6541 : 40;
6542 : 12;
6543 : D8;
6544 : FC;
6545 : 39;
6546 : 28;
6547 : 9A;
6548 : 38;
6549 : 20;
654A : 22;
654B : 24;
654C : 69;
654D : 26;
654E : C5;
654F : A5;
6550 : C4;
6551 : D5;
6552 : 83;
6553 : 67;
6554 : 6C;
6555 : 20;
6556 : 01;
6557 : 80;
6558 : 82;
6559 : 58;
655A : 7C;
655B : 97;
655C : 40;
655D : 70;
655E : 03;
655F : B0;
6560 : 83;
6561 : 64;
6562 : 3A;
6563 : 46;
6564 : 71;
6565 : B1;
6566 : 24;
6567 : B4;
6568 : 78;
6569 : 25;
656A : F1;
656B : 6D;
656C : 8A;
656D : 22;
656E : 08;
656F : 28;
6570 : 09;
6571 : 20;
6572 : 18;
6573 : B0;
6574 : 99;
6575 : 66;
6576 : 72;
6577 : 59;
6578 : 83;
6579 : 67;
657A : 42;
657B : 88;
657C : E8;
657D : A8;
657E : D2;
657F : 80;
6580 : 80;
6581 : 0B;
6582 : 56;
6583 : 6C;
6584 : 51;
6585 : DE;
6586 : 04;
6587 : AD;
6588 : 50;
6589 : 42;
658A : 83;
658B : 39;
658C : 6A;
658D : D4;
658E : 24;
658F : 09;
6590 : 93;
6591 : A5;
6592 : 24;
6593 : 41;
6594 : 43;
6595 : F2;
6596 : 38;
6597 : FF;
6598 : 7B;
6599 : F5;
659A : E9;
659B : 94;
659C : 54;
659D : 12;
659E : F5;
659F : 48;
65A0 : 41;
65A1 : 10;
65A2 : 11;
65A3 : 16;
65A4 : 18;
65A5 : B6;
65A6 : B7;
65A7 : 22;
65A8 : 05;
65A9 : 3E;
65AA : 89;
65AB : B8;
65AC : 3C;
65AD : 64;
65AE : 08;
65AF : 21;
65B0 : 50;
65B1 : 19;
65B2 : AC;
65B3 : D1;
65B4 : 4A;
65B5 : 04;
65B6 : 3D;
65B7 : F4;
65B8 : 52;
65B9 : BC;
65BA : ED;
65BB : E9;
65BC : DE;
65BD : 55;
65BE : 98;
65BF : 18;
65C0 : FA;
65C1 : 02;
65C2 : 83;
65C3 : F4;
65C4 : 90;
65C5 : E7;
65C6 : B8;
65C7 : 5E;
65C8 : 25;
65C9 : 64;
65CA : 7D;
65CB : 51;
65CC : 57;
65CD : 0D;
65CE : 8C;
65CF : 65;
65D0 : 60;
65D1 : B0;
65D2 : 11;
65D3 : 48;
65D4 : 68;
65D5 : 22;
65D6 : 34;
65D7 : 20;
65D8 : 74;
65D9 : 00;
65DA : 7A;
65DB : 64;
65DC : 20;
65DD : 0D;
65DE : B0;
65DF : 6C;
65E0 : 43;
65E1 : 00;
65E2 : C0;
65E3 : AF;
65E4 : 14;
65E5 : 4A;
65E6 : 74;
65E7 : AD;
65E8 : FF;
65E9 : 14;
65EA : 09;
65EB : 3C;
65EC : FE;
65ED : ED;
65EE : A1;
65EF : A4;
65F0 : 0B;
65F1 : 08;
65F2 : 42;
65F3 : 9C;
65F4 : 9E;
65F5 : BE;
65F6 : 48;
65F7 : C0;
65F8 : D0;
65F9 : 42;
65FA : FF;
65FB : B8;
65FC : A4;
65FD : D8;
65FE : 29;
65FF : 2C;
6600 : 69;
6601 : 8E;
6602 : 3F;
6603 : 21;
6604 : D4;
6605 : 32;
6606 : 2C;
6607 : EA;
6608 : 18;
6609 : 10;
660A : 73;
660B : 8D;
660C : A6;
660D : 65;
660E : 18;
660F : F9;
6610 : E2;
6611 : 35;
6612 : 90;
6613 : 22;
6614 : 30;
6615 : 22;
6616 : 7F;
6617 : B4;
6618 : 00;
6619 : FA;
661A : 24;
661B : 80;
661C : 83;
661D : 0A;
661E : 40;
661F : F9;
6620 : B8;
6621 : 54;
6622 : C5;
6623 : 00;
6624 : 88;
6625 : 4C;
6626 : 7A;
6627 : 59;
6628 : 4C;
6629 : D9;
662A : 00;
662B : 0F;
662C : 48;
662D : D0;
662E : 88;
662F : 67;
6630 : 28;
6631 : F4;
6632 : 95;
6633 : 18;
6634 : A0;
6635 : DC;
6636 : F4;
6637 : D8;
6638 : A0;
6639 : 7C;
663A : 0F;
663B : 31;
663C : EA;
663D : 39;
663E : A8;
663F : 82;
6640 : 05;
6641 : A1;
6642 : B8;
6643 : 5A;
6644 : AC;
6645 : 42;
6646 : 92;
6647 : 22;
6648 : D9;
6649 : B2;
664A : C0;
664B : 89;
664C : 00;
664D : 32;
664E : 29;
664F : 47;
6650 : 9C;
6651 : 4C;
6652 : DB;
6653 : 07;
6654 : 05;
6655 : EC;
6656 : AC;
6657 : D6;
6658 : 10;
6659 : F7;
665A : 60;
665B : 50;
665C : 02;
665D : E4;
665E : 10;
665F : 68;
6660 : BA;
6661 : 38;
6662 : E0;
6663 : 85;
6664 : FA;
6665 : B6;
6666 : 34;
6667 : 34;
6668 : A3;
6669 : 08;
666A : 46;
666B : 28;
666C : B3;
666D : 9C;
666E : 00;
666F : 3D;
6670 : D0;
6671 : 69;
6672 : A2;
6673 : 1C;
6674 : 73;
6675 : EF;
6676 : 98;
6677 : 1A;
6678 : EE;
6679 : 46;
667A : D7;
667B : 30;
667C : 40;
667D : 0C;
667E : 69;
667F : A5;
6680 : 1C;
6681 : B2;
6682 : 20;
6683 : 85;
6684 : 24;
6685 : FE;
6686 : CE;
6687 : D2;
6688 : E8;
6689 : 07;
668A : 01;
668B : 7F;
668C : AC;
668D : A1;
668E : 5E;
668F : C8;
6690 : 23;
6691 : FE;
6692 : 50;
6693 : 74;
6694 : B0;
6695 : A4;
6696 : F4;
6697 : 33;
6698 : 70;
6699 : 7F;
669A : 45;
669B : 11;
669C : 4A;
669D : 94;
669E : 93;
669F : 44;
66A0 : 67;
66A1 : 98;
66A2 : 75;
66A3 : 10;
66A4 : EB;
66A5 : 64;
66A6 : AA;
66A7 : F8;
66A8 : 68;
66A9 : D0;
66AA : 4A;
66AB : A4;
66AC : 11;
66AD : DA;
66AE : 71;
66AF : 16;
66B0 : 52;
66B1 : 85;
66B2 : 20;
66B3 : 28;
66B4 : E0;
66B5 : 3D;
66B6 : 80;
66B7 : 37;
66B8 : D8;
66B9 : 7A;
66BA : 79;
66BB : C4;
66BC : 3C;
66BD : C8;
66BE : 0B;
66BF : CA;
66C0 : 1D;
66C1 : 70;
66C2 : 2D;
66C3 : 30;
66C4 : A8;
66C5 : E8;
66C6 : F2;
66C7 : 32;
66C8 : 50;
66C9 : 52;
66CA : 92;
66CB : E8;
66CC : C5;
66CD : 20;
66CE : 11;
66CF : DB;
66D0 : 5C;
66D1 : FF;
66D2 : 44;
66D3 : 07;
66D4 : 70;
66D5 : AB;
66D6 : 14;
66D7 : 6C;
66D8 : 12;
66D9 : 79;
66DA : AD;
66DB : 00;
66DC : 5C;
66DD : 10;
66DE : 1C;
66DF : 30;
66E0 : 63;
66E1 : B4;
66E2 : FC;
66E3 : 50;
66E4 : 58;
66E5 : 71;
66E6 : 9B;
66E7 : 66;
66E8 : 0A;
66E9 : 02;
66EA : A7;
66EB : B8;
66EC : B0;
66ED : 60;
66EE : 3C;
66EF : 44;
66F0 : 06;
66F1 : 38;
66F2 : 6C;
66F3 : 15;
66F4 : 11;
66F5 : AA;
66F6 : 95;
66F7 : 1B;
66F8 : 09;
66F9 : 79;
66FA : 97;
66FB : D1;
66FC : 0A;
66FD : 15;
66FE : 42;
66FF : 01;
6700 : 96;
6701 : 48;
6702 : D4;
6703 : 4A;
6704 : 4A;
6705 : 01;
6706 : 0A;
6707 : 34;
6708 : 18;
6709 : 1C;
670A : 9D;
670B : 9E;
670C : 60;
670D : 0E;
670E : 10;
670F : 1D;
6710 : 00;
6711 : C0;
6712 : 40;
6713 : A6;
6714 : 74;
6715 : 18;
6716 : 20;
6717 : 8B;
6718 : 31;
6719 : 04;
671A : 62;
671B : E1;
671C : 4C;
671D : 04;
671E : 03;
671F : CB;
6720 : A8;
6721 : 0C;
6722 : 67;
6723 : F8;
6724 : 89;
6725 : 9C;
6726 : 6B;
6727 : 98;
6728 : 50;
6729 : EA;
672A : 00;
672B : 08;
672C : 74;
672D : FF;
672E : 42;
672F : 50;
6730 : 77;
6731 : 04;
6732 : 11;
6733 : 3F;
6734 : 94;
6735 : 45;
6736 : FD;
6737 : 0C;
6738 : C1;
6739 : D4;
673A : D1;
673B : 3C;
673C : 38;
673D : 17;
673E : 6C;
673F : D0;
6740 : 55;
6741 : C7;
6742 : 30;
6743 : 11;
6744 : D4;
6745 : 0D;
6746 : 0B;
6747 : FC;
6748 : 11;
6749 : 47;
674A : 44;
674B : 6D;
674C : 03;
674D : 86;
674E : 88;
674F : A9;
6750 : 20;
6751 : B0;
6752 : 9D;
6753 : 67;
6754 : 0E;
6755 : 11;
6756 : A3;
6757 : 9D;
6758 : 05;
6759 : 41;
675A : 57;
675B : 18;
675C : 74;
675D : 32;
675E : B1;
675F : 34;
6760 : 70;
6761 : 11;
6762 : 2A;
6763 : B0;
6764 : 30;
6765 : 61;
6766 : C8;
6767 : 08;
6768 : 61;
6769 : B4;
676A : 50;
676B : 4F;
676C : 8D;
676D : 8C;
676E : 4E;
676F : 71;
6770 : F2;
6771 : 58;
6772 : ED;
6773 : 3C;
6774 : 50;
6775 : E9;
6776 : A9;
6777 : 0F;
6778 : 09;
6779 : 01;
677A : B1;
677B : F8;
677C : 17;
677D : C0;
677E : 34;
677F : 15;
6780 : 31;
6781 : E4;
6782 : FA;
6783 : DD;
6784 : 08;
6785 : D5;
6786 : 3A;
6787 : 10;
6788 : A9;
6789 : AC;
678A : E0;
678B : 80;
678C : 30;
678D : 2C;
678E : 56;
678F : 80;
6790 : 76;
6791 : FC;
6792 : C6;
6793 : 80;
6794 : 41;
6795 : FA;
6796 : 00;
6797 : 82;
6798 : 22;
6799 : 4F;
679A : 70;
679B : 06;
679C : 22;
679D : 22;
679E : FC;
679F : 0D;
67A0 : 22;
67A1 : 83;
67A2 : 20;
67A3 : 4F;
67A4 : 13;
67A5 : 5C;
67A6 : 36;
67A7 : 35;
67A8 : 5D;
67A9 : 40;
67AA : 24;
67AB : 0A;
67AC : 6B;
67AD : 58;
67AE : 28;
67AF : 6A;
67B0 : B2;
67B1 : AD;
67B2 : 19;
67B3 : 91;
67B4 : 88;
67B5 : 01;
67B6 : A8;
67B7 : 19;
67B8 : 6D;
67B9 : 27;
67BA : 8A;
67BB : 29;
67BC : 6D;
67BD : 8D;
67BE : 20;
67BF : 54;
67C0 : A2;
67C1 : F4;
67C2 : 18;
67C3 : D6;
67C4 : B5;
67C5 : 29;
67C6 : 52;
67C7 : 18;
67C8 : BB;
67C9 : 29;
67CA : 21;
67CB : 3A;
67CC : AC;
67CD : F0;
67CE : 3E;
67CF : 55;
67D0 : A2;
67D1 : 4C;
67D2 : 4A;
67D3 : 21;
67D4 : E7;
67D5 : 01;
67D6 : 58;
67D7 : 88;
67D8 : 21;
67D9 : 3E;
67DA : 7C;
67DB : 81;
67DC : 6E;
67DD : 10;
67DE : 22;
67DF : 4C;
67E0 : A9;
67E1 : 72;
67E2 : 28;
67E3 : 97;
67E4 : CB;
67E5 : 44;
67E6 : 9A;
67E7 : E6;
67E8 : 0C;
67E9 : 6E;
67EA : D8;
67EB : 25;
67EC : 25;
67ED : AC;
67EE : 65;
67EF : 0C;
67F0 : 80;
67F1 : 06;
67F2 : 2D;
67F3 : 82;
67F4 : 20;
67F5 : 31;
67F6 : 1C;
67F7 : 99;
67F8 : 76;
67F9 : 39;
67FA : 6D;
67FB : C4;
67FC : 5D;
67FD : 55;
67FE : CF;
67FF : E0;
6800 : FE;
6801 : 1B;
6802 : 02;
6803 : 3E;
6804 : F4;
6805 : F0;
6806 : A3;
6807 : 5C;
6808 : 9B;
6809 : DE;
680A : 03;
680B : E8;
680C : 49;
680D : EB;
680E : 64;
680F : 7A;
6810 : F9;
6811 : 06;
6812 : 69;
6813 : 0A;
6814 : A6;
6815 : 12;
6816 : 88;
6817 : 1A;
6818 : 9A;
6819 : 03;
681A : 6A;
681B : 6E;
681C : 69;
681D : 72;
681E : A6;
681F : 7A;
6820 : EA;
6821 : 7E;
6822 : B8;
6823 : 16;
6824 : 2B;
6825 : 01;
6826 : A9;
6827 : F8;
6828 : A6;
6829 : A6;
682A : B0;
682B : EA;
682C : 3E;
682D : 4E;
682E : BE;
682F : 6E;
6830 : 46;
6831 : F8;
6832 : A6;
6833 : 5E;
6834 : 9B;
6835 : B8;
6836 : FE;
6837 : A9;
6838 : 88;
6839 : 36;
683A : A6;
683B : 40;
683C : 9B;
683D : CE;
683E : F2;
683F : 89;
6840 : F1;
6841 : 04;
6842 : 3C;
6843 : A7;
6844 : EA;
6845 : E9;
6846 : 79;
6847 : F9;
6848 : 84;
6849 : A2;
684A : F8;
684B : 22;
684C : 05;
684D : 02;
684E : 22;
684F : 06;
6850 : 68;
6851 : 26;
6852 : 05;
6853 : AA;
6854 : 9A;
6855 : B8;
6856 : 76;
6857 : 69;
6858 : 62;
6859 : B8;
685A : 98;
685B : 99;
685C : 88;
685D : 08;
685E : A8;
685F : 8A;
6860 : 09;
6861 : 6C;
6862 : 0D;
6863 : 69;
6864 : 0F;
6865 : 8E;
6866 : 0E;
6867 : E6;
6868 : F8;
6869 : B8;
686A : 36;
686B : F1;
686C : 9A;
686D : 0C;
686E : 96;
686F : 7E;
6870 : 68;
6871 : FA;
6872 : 88;
6873 : 11;
6874 : 28;
6875 : 88;
6876 : 11;
6877 : 48;
6878 : 89;
6879 : 0F;
687A : 56;
687B : A2;
687C : 7A;
687D : 22;
687E : 12;
687F : 46;
6880 : 22;
6881 : 12;
6882 : 5A;
6883 : 22;
6884 : 17;
6885 : 6A;
6886 : 22;
6887 : 1A;
6888 : 78;
6889 : 26;
688A : 19;
688B : C0;
688C : 88;
688D : 9E;
688E : 9A;
688F : 17;
6890 : 84;
6891 : E2;
6892 : 68;
6893 : B4;
6894 : 88;
6895 : 1B;
6896 : 24;
6897 : 88;
6898 : 18;
6899 : B0;
689A : 89;
689B : 13;
689C : 22;
689D : BA;
689E : 44;
689F : F8;
68A0 : E2;
68A1 : 54;
68A2 : A9;
68A3 : 1B;
68A4 : CA;
68A5 : 76;
68A6 : 70;
68A7 : CE;
68A8 : 95;
68A9 : E9;
68AA : 27;
68AB : 1C;
68AC : 1C;
68AD : E8;
68AE : 11;
68AF : F1;
68B0 : A4;
68B1 : 88;
68B2 : 15;
68B3 : C2;
68B4 : C1;
68B5 : EE;
68B6 : D5;
68B7 : 68;
68B8 : A8;
68B9 : 8E;
68BA : 1D;
68BB : 3C;
68BC : D0;
68BD : BA;
68BE : 82;
68BF : 90;
68C0 : 88;
68C1 : 08;
68C2 : 9F;
68C3 : 1D;
68C4 : AA;
68C5 : 80;
68C6 : BA;
68C7 : 60;
68C8 : A0;
68C9 : 9B;
68CA : 24;
68CB : 74;
68CC : AE;
68CD : E0;
68CE : 02;
68CF : 09;
68D0 : 26;
68D1 : 16;
68D2 : 58;
68D3 : EA;
68D4 : 04;
68D5 : F8;
68D6 : 30;
68D7 : 22;
68D8 : 20;
68D9 : DE;
68DA : 6C;
68DB : FC;
68DC : 88;
68DD : C1;
68DE : 28;
68DF : 42;
68E0 : 88;
68E1 : 2B;
68E2 : 7C;
68E3 : 88;
68E4 : 2D;
68E5 : F0;
68E6 : 88;
68E7 : 2F;
68E8 : BA;
68E9 : A6;
68EA : 30;
68EB : 38;
68EC : 31;
68ED : B4;
68EE : E1;
68EF : 88;
68F0 : 36;
68F1 : 4C;
68F2 : 9A;
68F3 : 37;
68F4 : 66;
68F5 : C2;
68F6 : 6E;
68F7 : CE;
68F8 : B1;
68F9 : 26;
68FA : 32;
68FB : BE;
68FC : EA;
68FD : 86;
68FE : D0;
68FF : 56;
6900 : 6E;
6901 : 76;
6902 : A1;
6903 : 26;
6904 : 2E;
6905 : E0;
6906 : 88;
6907 : C4;
6908 : 9B;
6909 : 2B;
690A : 62;
690B : 9E;
690C : AE;
690D : 80;
690E : D8;
690F : 98;
6910 : FB;
6911 : 51;
6912 : F9;
6913 : DA;
6914 : AE;
6915 : 70;
6916 : A2;
6917 : 89;
6918 : 26;
6919 : 32;
691A : 88;
691B : 88;
691C : 9C;
691D : 9E;
691E : 35;
691F : 98;
6920 : A8;
6921 : 89;
6922 : 36;
6923 : 6E;
6924 : B8;
6925 : 26;
6926 : F9;
6927 : 88;
6928 : 33;
6929 : B6;
692A : 9A;
692B : 38;
692C : 5C;
692D : B0;
692E : 22;
692F : 39;
6930 : 42;
6931 : 22;
6932 : 34;
6933 : 76;
6934 : 22;
6935 : 3A;
6936 : 0A;
6937 : 22;
6938 : 2A;
6939 : BE;
693A : 6E;
693B : 82;
693C : 49;
693D : 26;
693E : 30;
693F : FC;
6940 : E2;
6941 : 1A;
6942 : 31;
6943 : 37;
6944 : 14;
6945 : 69;
6946 : 34;
6947 : A2;
6948 : AE;
6949 : FE;
694A : 29;
694B : C8;
694C : 48;
694D : 8E;
694E : 3B;
694F : 44;
6950 : F9;
6951 : 22;
6952 : 3C;
6953 : BC;
6954 : 26;
6955 : 3D;
6956 : 54;
6957 : 88;
6958 : A2;
6959 : 88;
695A : 40;
695B : F8;
695C : 9A;
695D : 44;
695E : E0;
695F : 8A;
6960 : 22;
6961 : 43;
6962 : 78;
6963 : 22;
6964 : 45;
6965 : A6;
6966 : 22;
6967 : 46;
6968 : 56;
6969 : 22;
696A : 49;
696B : E8;
696C : 22;
696D : 55;
696E : 18;
696F : 22;
6970 : 58;
6971 : E0;
6972 : 69;
6973 : 5E;
6974 : A6;
6975 : 94;
6976 : 88;
6977 : B2;
6978 : 88;
6979 : 56;
697A : 5A;
697B : 88;
697C : 5B;
697D : 4C;
697E : 88;
697F : 5F;
6980 : 84;
6981 : 9A;
6982 : 63;
6983 : 7A;
6984 : 84;
6985 : 69;
6986 : 9E;
6987 : A6;
6988 : A8;
6989 : 9A;
698A : C0;
698B : CA;
698C : 69;
698D : E4;
698E : A2;
698F : EE;
6990 : 26;
6991 : 64;
6992 : 08;
6993 : 88;
6994 : 12;
6995 : 88;
6996 : 67;
6997 : 06;
6998 : 88;
6999 : 69;
699A : 32;
699B : 9A;
699C : 6C;
699D : 28;
699E : 3A;
699F : 22;
69A0 : 6E;
69A1 : D0;
69A2 : 22;
69A3 : 6F;
69A4 : 0E;
69A5 : 69;
69A6 : 50;
69A7 : A6;
69A8 : 8E;
69A9 : 88;
69AA : DC;
69AB : 9A;
69AC : 73;
69AD : 64;
69AE : 86;
69AF : 69;
69B0 : AE;
69B1 : E8;
69B2 : C0;
69B3 : EA;
69B4 : 74;
69B5 : 16;
69B6 : 30;
69B7 : 62;
69B8 : 22;
69B9 : 76;
69BA : 96;
69BB : 2B;
69BC : 5B;
69BD : A9;
69BE : E8;
69BF : 92;
69C0 : FA;
69C1 : B9;
69C2 : F9;
69C3 : A8;
69C4 : 22;
69C5 : 5D;
69C6 : 96;
69C7 : 68;
69C8 : F6;
69C9 : 89;
69CA : 60;
69CB : 16;
69CC : A6;
69CD : 50;
69CE : 9A;
69CF : 74;
69D0 : C8;
69D1 : 22;
69D2 : 61;
69D3 : 38;
69D4 : 69;
69D5 : 5C;
69D6 : EF;
69D7 : B8;
69D8 : 8B;
69D9 : A9;
69DA : F8;
69DB : 36;
69DC : A6;
69DD : 7C;
69DE : E9;
69DF : D4;
69E0 : 69;
69E1 : 66;
69E2 : 8C;
69E3 : 68;
69E4 : F0;
69E5 : A6;
69E6 : D1;
69E7 : 69;
69E8 : 3A;
69E9 : 72;
69EA : 9A;
69EB : A0;
69EC : 9A;
69ED : EC;
69EE : 0C;
69EF : 7E;
69F0 : C1;
69F1 : 91;
69F2 : 9A;
69F3 : 9C;
69F4 : C8;
69F5 : 69;
69F6 : E4;
69F7 : A6;
69F8 : 54;
69F9 : 9A;
69FA : 70;
69FB : 9A;
69FC : 6E;
69FD : B6;
69FE : A8;
69FF : FB;
6A00 : B1;
6A01 : F9;
6A02 : FA;
6A03 : 6A;
6A04 : C0;
6A05 : 0A;
6A06 : 7E;
6A07 : 20;
6A08 : 9B;
6A09 : 98;
6A0A : BC;
6A0B : A9;
6A0C : C8;
6A0D : 2A;
6A0E : FA;
6A0F : 19;
6A10 : D9;
6A11 : 38;
6A12 : 6E;
6A13 : 68;
6A14 : 80;
6A15 : A6;
6A16 : 50;
6A17 : 9B;
6A18 : 6E;
6A19 : 88;
6A1A : A9;
6A1B : C0;
6A1C : FC;
6A1D : B2;
6A1E : A8;
6A1F : E9;
6A20 : 26;
6A21 : 61;
6A22 : 8A;
6A23 : 9A;
6A24 : 04;
6A25 : 2E;
6A26 : 7A;
6A27 : 20;
6A28 : 3A;
6A29 : 6B;
6A2A : 5E;
6A2B : F8;
6A2C : 9A;
6A2D : 82;
6A2E : B2;
6A2F : 6E;
6A30 : E6;
6A31 : 61;
6A32 : 98;
6A33 : 6C;
6A34 : 88;
6A35 : 6C;
6A36 : D4;
6A37 : 88;
6A38 : 6D;
6A39 : 30;
6A3A : 9B;
6A3B : 5C;
6A3C : 94;
6A3D : DE;
6A3E : A9;
6A3F : 78;
6A40 : B6;
6A41 : A7;
6A42 : 46;
6A43 : E9;
6A44 : D9;
6A45 : 51;
6A46 : 88;
6A47 : A2;
6A48 : D6;
6A49 : 26;
6A4A : 60;
6A4B : A8;
6A4C : 9B;
6A4D : 60;
6A4E : D8;
6A4F : 2A;
6A50 : 58;
6A51 : 30;
6A52 : 7C;
6A53 : C1;
6A54 : A6;
6A55 : 21;
6A56 : 72;
6A57 : 9A;
6A58 : 96;
6A59 : B6;
6A5A : 69;
6A5B : D8;
6A5C : A6;
6A5D : FC;
6A5E : EA;
6A5F : 20;
6A60 : 30;
6A61 : FE;
6A62 : 69;
6A63 : 74;
6A64 : A2;
6A65 : A4;
6A66 : 26;
6A67 : 63;
6A68 : 1C;
6A69 : 9A;
6A6A : D4;
6A6B : 08;
6A6C : 6E;
6A6D : 4E;
6A6E : 28;
6A6F : A6;
6A70 : EE;
6A71 : EA;
6A72 : 1E;
6A73 : F8;
6A74 : 4C;
6A75 : 69;
6A76 : 68;
6A77 : A6;
6A78 : 98;
6A79 : 9B;
6A7A : B8;
6A7B : CC;
6A7C : 89;
6A7D : 41;
6A7E : 5C;
6A7F : AE;
6A80 : A6;
6A81 : 40;
6A82 : E2;
6A83 : 78;
6A84 : F9;
6A85 : 69;
6A86 : CA;
6A87 : 69;
6A88 : E6;
6A89 : A2;
6A8A : FE;
6A8B : 26;
6A8C : 6A;
6A8D : 78;
6A8E : E2;
6A8F : 10;
6A90 : B9;
6A91 : 64;
6A92 : 8C;
6A93 : 72;
6A94 : 88;
6A95 : 89;
6A96 : 6A;
6A97 : 68;
6A98 : FA;
6A99 : 61;
6A9A : D9;
6A9B : 86;
6A9C : 31;
6A9D : 3A;
6A9E : A3;
6A9F : C0;
6AA0 : 9D;
6AA1 : BE;
6AA2 : EE;
6AA3 : 20;
6AA4 : F6;
6AA5 : 20;
6AA6 : CE;
6AA7 : E8;
6AA8 : C8;
6AA9 : 20;
6AAA : 19;
6AAB : 88;
6AAC : 66;
6AAD : EA;
6AAE : 8A;
6AAF : 5E;
6AB0 : 6A;
6AB1 : 67;
6AB2 : 63;
6AB3 : 5F;
6AB4 : DC;
6AB5 : A6;
6AB6 : D1;
6AB7 : 70;
6AB8 : 38;
6AB9 : 74;
6ABA : 6E;
6ABB : 09;
6ABC : 9A;
6ABD : 69;
6ABE : A4;
6ABF : 04;
6AC0 : 6D;
6AC1 : 7E;
6AC2 : 2A;
6AC3 : F0;
6AC4 : 72;
6AC5 : 22;
6AC6 : 5D;
6AC7 : B4;
6AC8 : 69;
6AC9 : 02;
6ACA : A6;
6ACB : 44;
6ACC : 9B;
6ACD : 82;
6ACE : C4;
6ACF : 89;
6AD0 : 89;
6AD1 : 7A;
6AD2 : 56;
6AD3 : C2;
6AD4 : 38;
6AD5 : AE;
6AD6 : 75;
6AD7 : F8;
6AD8 : A2;
6AD9 : 0A;
6ADA : 27;
6ADB : 5D;
6ADC : 5C;
6ADD : D2;
6ADE : 19;
6ADF : E9;
6AE0 : 9B;
6AE1 : AA;
6AE2 : 12;
6AE3 : A9;
6AE4 : F8;
6AE5 : 4A;
6AE6 : A6;
6AE7 : 7E;
6AE8 : 9A;
6AE9 : D4;
6AEA : EA;
6AEB : 22;
6AEC : 77;
6AED : 06;
6AEE : 69;
6AEF : 38;
6AF0 : A2;
6AF1 : 56;
6AF2 : 26;
6AF3 : 78;
6AF4 : 36;
6AF5 : 9A;
6AF6 : 7E;
6AF7 : C6;
6AF8 : 22;
6AF9 : 79;
6AFA : 0E;
6AFB : 68;
6AFC : E4;
6AFD : 88;
6AFE : 5E;
6AFF : 40;
6B00 : 88;
6B01 : 5D;
6B02 : 86;
6B03 : 88;
6B04 : 6A;
6B05 : 18;
6B06 : 89;
6B07 : 81;
6B08 : 54;
6B09 : A2;
6B0A : E8;
6B0B : 22;
6B0C : 7C;
6B0D : 3C;
6B0E : 26;
6B0F : 7D;
6B10 : 96;
6B11 : 88;
6B12 : AA;
6B13 : 88;
6B14 : 7B;
6B15 : 1C;
6B16 : 9B;
6B17 : 80;
6B18 : 86;
6B19 : D8;
6B1A : 89;
6B1B : E1;
6B1C : 7F;
6B1D : 46;
6B1E : B8;
6B1F : 62;
6B20 : D1;
6B21 : 88;
6B22 : 8B;
6B23 : 90;
6B24 : 88;
6B25 : 82;
6B26 : 32;
6B27 : 9F;
6B28 : 7E;
6B29 : DC;
6B2A : B0;
6B2B : FB;
6B2C : 49;
6B2D : C1;
6B2E : B8;
6B2F : 88;
6B30 : F9;
6B31 : 91;
6B32 : A2;
6B33 : 89;
6B34 : 92;
6B35 : 10;
6B36 : A6;
6B37 : 14;
6B38 : 9A;
6B39 : 1C;
6B3A : 20;
6B3B : 68;
6B3C : 24;
6B3D : 89;
6B3E : 90;
6B3F : D4;
6B40 : A2;
6B41 : 28;
6B42 : 26;
6B43 : 95;
6B44 : CA;
6B45 : 9A;
6B46 : DC;
6B47 : F2;
6B48 : 68;
6B49 : B8;
6B4A : 89;
6B4B : 96;
6B4C : 20;
6B4D : A6;
6B4E : B0;
6B4F : EA;
6B50 : 5E;
6B51 : E0;
6B52 : A6;
6B53 : 69;
6B54 : 82;
6B55 : A7;
6B56 : 94;
6B57 : EC;
6B58 : 11;
6B59 : D9;
6B5A : 70;
6B5B : 58;
6B5C : A5;
6B5D : 86;
6B5E : 9B;
6B5F : B4;
6B60 : 82;
6B61 : 00;
6B62 : 3A;
6B63 : 5B;
6B64 : F8;
6B65 : 00;
6B66 : E2;
6B67 : 40;
6B68 : D9;
6B69 : 02;
6B6A : 19;
6B6B : 5B;
6B6C : 3E;
6B6D : 16;
6B6E : 90;
6B6F : A6;
6B70 : A4;
6B71 : EA;
6B72 : 12;
6B73 : F8;
6B74 : 22;
6B75 : 69;
6B76 : 50;
6B77 : A6;
6B78 : 76;
6B79 : 9A;
6B7A : 92;
6B7B : C0;
6B7C : 68;
6B7D : EE;
6B7E : 89;
6B7F : 02;
6B80 : 30;
6B81 : A6;
6B82 : 6C;
6B83 : 9A;
6B84 : 82;
6B85 : A4;
6B86 : 6C;
6B87 : C2;
6B88 : 5A;
6B89 : 70;
6B8A : 88;
6B8B : D6;
6B8C : 9A;
6B8D : 00;
6B8E : 38;
6B8F : 96;
6B90 : 69;
6B91 : C4;
6B92 : A6;
6B93 : 18;
6B94 : EA;
6B95 : 28;
6B96 : 70;
6B97 : 4A;
6B98 : 69;
6B99 : 7C;
6B9A : A6;
6B9B : 98;
6B9C : 9A;
6B9D : B6;
6B9E : C8;
6B9F : 69;
6BA0 : E0;
6BA1 : A6;
6BA2 : F4;
6BA3 : 9A;
6BA4 : 1C;
6BA5 : 72;
6BA6 : 69;
6BA7 : 88;
6BA8 : A6;
6BA9 : AA;
6BAA : 9F;
6BAB : C8;
6BAC : 11;
6BAD : A7;
6BAE : F9;
6BAF : 58;
6BB0 : A2;
6BB1 : 58;
6BB2 : 04;
6BB3 : 34;
6BB4 : 6E;
6BB5 : B8;
6BB6 : F8;
6BB7 : A6;
6BB8 : 56;
6BB9 : 9A;
6BBA : CA;
6BBB : 66;
6BBC : 69;
6BBD : 78;
6BBE : A6;
6BBF : 82;
6BC0 : 9A;
6BC1 : 92;
6BC2 : 9C;
6BC3 : 69;
6BC4 : A4;
6BC5 : A6;
6BC6 : AA;
6BC7 : EA;
6BC8 : F0;
6BC9 : A0;
6BCA : 1C;
6BCB : 6E;
6BCC : 46;
6BCD : 80;
6BCE : A6;
6BCF : 52;
6BD0 : 9B;
6BD1 : E0;
6BD2 : 5C;
6BD3 : 89;
6BD4 : F9;
6BD5 : 07;
6BD6 : 0C;
6BD7 : A6;
6BD8 : AC;
6BD9 : 9A;
6BDA : 00;
6BDB : 98;
6BDC : 68;
6BDD : CE;
6BDE : 89;
6BDF : 05;
6BE0 : 08;
6BE1 : A6;
6BE2 : 30;
6BE3 : 9A;
6BE4 : 56;
6BE5 : C2;
6BE6 : 68;
6BE7 : FA;
6BE8 : 88;
6BE9 : 06;
6BEA : 46;
6BEB : 89;
6BEC : 09;
6BED : 0A;
6BEE : A6;
6BEF : 12;
6BF0 : 9A;
6BF1 : 66;
6BF2 : 22;
6BF3 : 69;
6BF4 : 5E;
6BF5 : A2;
6BF6 : 9E;
6BF7 : 26;
6BF8 : 0B;
6BF9 : 12;
6BFA : 9A;
6BFB : 40;
6BFC : 8E;
6BFD : 68;
6BFE : DE;
6BFF : 88;
6C00 : 0E;
6C01 : 06;
6C02 : 88;
6C03 : 11;
6C04 : 9A;
6C05 : 89;
6C06 : 08;
6C07 : 6E;
6C08 : BA;
6C09 : AE;
6C0A : B8;
6C0B : 9A;
6C0C : 72;
6C0D : 02;
6C0E : 69;
6C0F : 46;
6C10 : A3;
6C11 : E4;
6C12 : 03;
6C13 : BF;
6C14 : A8;
6C15 : F8;
6C16 : 62;
6C17 : 89;
6C18 : 0D;
6C19 : 08;
6C1A : A6;
6C1B : 20;
6C1C : 9A;
6C1D : 5A;
6C1E : 8C;
6C1F : 69;
6C20 : B4;
6C21 : A2;
6C22 : F2;
6C23 : 26;
6C24 : 0F;
6C25 : 42;
6C26 : 9A;
6C27 : C4;
6C28 : E2;
6C29 : 68;
6C2A : F0;
6C2B : 89;
6C2C : 10;
6C2D : 08;
6C2E : A7;
6C2F : 2A;
6C30 : EE;
6C31 : B1;
6C32 : 41;
6C33 : BA;
6C34 : 50;
6C35 : A2;
6C36 : 94;
6C37 : 26;
6C38 : 0B;
6C39 : EE;
6C3A : 8A;
6C3B : C4;
6C3C : 0D;
6C3D : E2;
6C3E : E9;
6C3F : 09;
6C40 : D4;
6C41 : 69;
6C42 : E8;
6C43 : A2;
6C44 : 26;
6C45 : 26;
6C46 : 0D;
6C47 : 50;
6C48 : 9A;
6C49 : FA;
6C4A : 6A;
6C4B : 22;
6C4C : 0A;
6C4D : 12;
6C4E : 22;
6C4F : 0D;
6C50 : 92;
6C51 : 69;
6C52 : AE;
6C53 : A7;
6C54 : 22;
6C55 : 12;
6C56 : 28;
6C57 : A6;
6C58 : 0A;
6C59 : FA;
6C5A : 0E;
6C5B : 89;
6C5C : 49;
6C5D : 36;
6C5E : 2B;
6C5F : 0A;
6C60 : A9;
6C61 : 28;
6C62 : 70;
6C63 : A6;
6C64 : 84;
6C65 : EA;
6C66 : A4;
6C67 : 18;
6C68 : B6;
6C69 : 68;
6C6A : FE;
6C6B : 89;
6C6C : 0B;
6C6D : 70;
6C6E : A2;
6C6F : 78;
6C70 : 22;
6C71 : 11;
6C72 : 50;
6C73 : 26;
6C74 : 12;
6C75 : 74;
6C76 : DA;
6C77 : 1C;
6C78 : A0;
6C79 : 9B;
6C7A : E6;
6C7B : E2;
6C7C : 69;
6C7D : 51;
6C7E : 18;
6C7F : 8E;
6C80 : 1A;
6C81 : 10;
6C82 : F9;
6C83 : 26;
6C84 : 1F;
6C85 : 32;
6C86 : 88;
6C87 : 76;
6C88 : 9A;
6C89 : 12;
6C8A : 8C;
6C8B : B6;
6C8C : 69;
6C8D : C8;
6C8E : A6;
6C8F : E2;
6C90 : 88;
6C91 : FE;
6C92 : 9A;
6C93 : 13;
6C94 : 0E;
6C95 : 28;
6C96 : 22;
6C97 : 18;
6C98 : 6A;
6C99 : 68;
6C9A : 90;
6C9B : 89;
6C9C : 19;
6C9D : 12;
6C9E : A2;
6C9F : 58;
6CA0 : 26;
6CA1 : 1A;
6CA2 : 50;
6CA3 : 9A;
6CA4 : 82;
6CA5 : A8;
6CA6 : 68;
6CA7 : F4;
6CA8 : 89;
6CA9 : 1B;
6CAA : 0E;
6CAB : A6;
6CAC : 5A;
6CAD : E2;
6CAE : B2;
6CAF : 51;
6CB0 : 1C;
6CB1 : 08;
6CB2 : 22;
6CB3 : 1E;
6CB4 : 66;
6CB5 : 69;
6CB6 : 2C;
6CB7 : FF;
6CB8 : B1;
6CB9 : 89;
6CBA : 59;
6CBB : 06;
6CBC : 29;
6CBD : 9B;
6CBE : D4;
6CBF : AA;
6CC0 : BE;
6CC1 : D0;
6CC2 : D9;
6CC3 : C9;
6CC4 : 9B;
6CC5 : E2;
6CC6 : AE;
6CC7 : A9;
6CC8 : 30;
6CC9 : AC;
6CCA : A6;
6CCB : D8;
6CCC : 9A;
6CCD : F4;
6CCE : 4A;
6CCF : 6E;
6CD0 : 74;
6CD1 : F8;
6CD2 : A6;
6CD3 : 7E;
6CD4 : 9A;
6CD5 : 8E;
6CD6 : A6;
6CD7 : 69;
6CD8 : C4;
6CD9 : F0;
6CDA : A9;
6CDB : 29;
6CDC : E1;
6CDD : 32;
6CDE : FF;
6CDF : 09;
6CE0 : 01;
6CE1 : C1;
6CE2 : A6;
6CE3 : F9;
6CE4 : 88;
6CE5 : 9A;
6CE6 : A0;
6CE7 : BE;
6CE8 : 69;
6CE9 : E6;
6CEA : A2;
6CEB : FC;
6CEC : 26;
6CED : 19;
6CEE : 2C;
6CEF : 9A;
6CF0 : 62;
6CF1 : B0;
6CF2 : 69;
6CF3 : E4;
6CF4 : F6;
6CF5 : D9;
6CF6 : C9;
6CF7 : 9A;
6CF8 : 36;
6CF9 : B8;
6CFA : 69;
6CFB : FA;
6CFC : A7;
6CFD : 14;
6CFE : E9;
6CFF : B9;
6D00 : F9;
6D01 : 3A;
6D02 : A6;
6D03 : 4C;
6D04 : 9A;
6D05 : A8;
6D06 : E4;
6D07 : 68;
6D08 : F4;
6D09 : 89;
6D0A : 1C;
6D0B : 12;
6D0C : A6;
6D0D : BC;
6D0E : 9A;
6D0F : D0;
6D10 : DE;
6D11 : 22;
6D12 : 1D;
6D13 : 2A;
6D14 : 69;
6D15 : 82;
6D16 : A6;
6D17 : 90;
6D18 : 88;
6D19 : C8;
6D1A : 9A;
6D1B : 1E;
6D1C : 0A;
6D1D : 22;
6D1E : 69;
6D1F : 3A;
6D20 : A6;
6D21 : 48;
6D22 : 9A;
6D23 : 9E;
6D24 : B6;
6D25 : 69;
6D26 : D8;
6D27 : A6;
6D28 : F0;
6D29 : 88;
6D2A : FE;
6D2B : 9A;
6D2C : 1F;
6D2D : 82;
6D2E : 8C;
6D2F : 69;
6D30 : A4;
6D31 : A6;
6D32 : BC;
6D33 : 88;
6D34 : CA;
6D35 : 88;
6D36 : 1D;
6D37 : A4;
6D38 : 9A;
6D39 : 2B;
6D3A : A6;
6D3B : 9C;
6D3C : 22;
6D3D : 27;
6D3E : 8E;
6D3F : 69;
6D40 : A0;
6D41 : A2;
6D42 : DE;
6D43 : 26;
6D44 : 28;
6D45 : 56;
6D46 : 9A;
6D47 : 6C;
6D48 : 84;
6D49 : 68;
6D4A : 94;
6D4B : 89;
6D4C : 29;
6D4D : 4E;
6D4E : A6;
6D4F : 78;
6D50 : 88;
6D51 : 86;
6D52 : 88;
6D53 : 2A;
6D54 : 4A;
6D55 : 9A;
6D56 : 2E;
6D57 : 92;
6D58 : CE;
6D59 : 22;
6D5A : 30;
6D5B : 06;
6D5C : 69;
6D5D : 32;
6D5E : A2;
6D5F : 3C;
6D60 : 22;
6D61 : 31;
6D62 : FA;
6D63 : 26;
6D64 : 32;
6D65 : 24;
6D66 : 9A;
6D67 : 32;
6D68 : 98;
6D69 : 68;
6D6A : CA;
6D6B : 88;
6D6C : 33;
6D6D : A0;
6D6E : 88;
6D6F : 34;
6D70 : 66;
6D71 : 88;
6D72 : 35;
6D73 : F4;
6D74 : 89;
6D75 : 37;
6D76 : 20;
6D77 : A6;
6D78 : 4A;
6D79 : 9A;
6D7A : B0;
6D7B : CA;
6D7C : 22;
6D7D : 38;
6D7E : 26;
6D7F : 68;
6D80 : 4A;
6D81 : 89;
6D82 : 39;
6D83 : 8C;
6D84 : A6;
6D85 : 9C;
6D86 : 9A;
6D87 : AE;
6D88 : E8;
6D89 : 28;
6D8A : 27;
6D8B : 29;
6D8C : B0;
6D8D : A2;
6D8E : CC;
6D8F : 26;
6D90 : 3B;
6D91 : 0C;
6D92 : 9A;
6D93 : 66;
6D94 : A0;
6D95 : 68;
6D96 : B0;
6D97 : 88;
6D98 : 3C;
6D99 : 06;
6D9A : 89;
6D9B : 45;
6D9C : C2;
6D9D : A2;
6D9E : D6;
6D9F : 26;
6DA0 : 47;
6DA1 : 9C;
6DA2 : 88;
6DA3 : B4;
6DA4 : 9A;
6DA5 : 48;
6DA6 : 52;
6DA7 : 8E;
6DA8 : 22;
6DA9 : 5B;
6DAA : 68;
6DAB : 69;
6DAC : 80;
6DAD : A6;
6DAE : 98;
6DAF : 88;
6DB0 : B0;
6DB1 : 9A;
6DB2 : 5D;
6DB3 : 6E;
6DB4 : 74;
6DB5 : 69;
6DB6 : BA;
6DB7 : A2;
6DB8 : C0;
6DB9 : 26;
6DBA : 5F;
6DBB : 5C;
6DBC : D5;
6DBD : 9A;
6DBE : 62;
6DBF : E1;
6DC0 : 64;
6DC1 : 52;
6DC2 : 68;
6DC3 : 5C;
6DC4 : 89;
6DC5 : 66;
6DC6 : 3E;
6DC7 : A2;
6DC8 : 20;
6DC9 : 22;
6DCA : 68;
6DCB : CE;
6DCC : 22;
6DCD : 69;
6DCE : 48;
6DCF : 26;
6DD0 : 6E;
6DD1 : 7E;
6DD2 : 9A;
6DD3 : E6;
6DD4 : 24;
6DD5 : 69;
6DD6 : 66;
6DD7 : A6;
6DD8 : A8;
6DD9 : 88;
6DDA : F2;
6DDB : 9A;
6DDC : 72;
6DDD : 34;
6DDE : 7A;
6DDF : 7E;
6DE0 : 21;
6DE1 : F9;
6DE2 : 9A;
6DE3 : C4;
6DE4 : E6;
6DE5 : 22;
6DE6 : 74;
6DE7 : 2C;
6DE8 : 22;
6DE9 : 76;
6DEA : 18;
6DEB : 69;
6DEC : 52;
6DED : A6;
6DEE : 6A;
6DEF : 9A;
6DF0 : 86;
6DF1 : 9C;
6DF2 : 68;
6DF3 : AE;
6DF4 : 89;
6DF5 : 5B;
6DF6 : 58;
6DF7 : A6;
6DF8 : 70;
6DF9 : 9A;
6DFA : 88;
6DFB : A0;
6DFC : 22;
6DFD : 5C;
6DFE : 0A;
6DFF : 69;
6E00 : 10;
6E01 : A2;
6E02 : 38;
6E03 : 26;
6E04 : 5D;
6E05 : 42;
6E06 : 9A;
6E07 : 48;
6E08 : 56;
6E09 : 69;
6E0A : 62;
6E0B : A6;
6E0C : 7E;
6E0D : 9A;
6E0E : AE;
6E0F : CE;
6E10 : 22;
6E11 : 5E;
6E12 : 34;
6E13 : 69;
6E14 : 3A;
6E15 : A6;
6E16 : 4C;
6E17 : 9A;
6E18 : 52;
6E19 : 64;
6E1A : 22;
6E1B : 5F;
6E1C : B6;
6E1D : 69;
6E1E : D4;
6E1F : F0;
6E20 : 19;
6E21 : 29;
6E22 : E1;
6E23 : 2E;
6E24 : B0;
6E25 : E8;
6E26 : 6A;
6E27 : 20;
6E28 : 6C;
6E29 : 69;
6E2A : 90;
6E2B : A6;
6E2C : B0;
6E2D : 9A;
6E2E : D2;
6E2F : F6;
6E30 : 6E;
6E31 : 1A;
6E32 : F8;
6E33 : A6;
6E34 : 2A;
6E35 : 9F;
6E36 : 40;
6E37 : 91;
6E38 : 69;
6E39 : 41;
6E3A : 70;
6E3B : A6;
6E3C : 5A;
6E3D : DA;
6E3E : 3C;
6E3F : 38;
6E40 : 9A;
6E41 : 5A;
6E42 : E8;
6E43 : 6E;
6E44 : 12;
6E45 : F8;
6E46 : A6;
6E47 : 72;
6E48 : 9B;
6E49 : 9C;
6E4A : BE;
6E4B : 02;
6E4C : F8;
6E4D : A6;
6E4E : FC;
6E4F : 9A;
6E50 : 0A;
6E51 : 16;
6E52 : 69;
6E53 : 76;
6E54 : A7;
6E55 : 84;
6E56 : 0A;
6E57 : 88;
6E58 : BA;
6E59 : 70;
6E5A : F8;
6E5B : 88;
6E5C : 30;
6E5D : 88;
6E5E : 72;
6E5F : 4C;
6E60 : 9B;
6E61 : 74;
6E62 : 48;
6E63 : 66;
6E64 : 12;
6E65 : 19;
6E66 : 26;
6E67 : 75;
6E68 : 7A;
6E69 : 9A;
6E6A : 5E;
6E6B : 78;
6E6C : 69;
6E6D : 90;
6E6E : A6;
6E6F : A2;
6E70 : 9F;
6E71 : BC;
6E72 : 11;
6E73 : A2;
6E74 : F9;
6E75 : 2E;
6E76 : 26;
6E77 : 78;
6E78 : 08;
6E79 : 9A;
6E7A : 1A;
6E7B : 3C;
6E7C : 69;
6E7D : 62;
6E7E : A6;
6E7F : 84;
6E80 : 9A;
6E81 : AA;
6E82 : CC;
6E83 : 72;
6E84 : 78;
6E85 : 88;
6E86 : 79;
6E87 : 14;
6E88 : 88;
6E89 : 7A;
6E8A : 4E;
6E8B : 88;
6E8C : 74;
6E8D : E0;
6E8E : 89;
6E8F : 5B;
6E90 : C8;
6E91 : DC;
6E92 : 99;
6E93 : 1A;
6E94 : 51;
6E95 : 3A;
6E96 : 7E;
6E97 : 21;
6E98 : E1;
6E99 : 8A;
6E9A : B8;
6E9B : 74;
6E9C : 0F;
6E9D : 19;
6E9E : 29;
6E9F : 99;
6EA0 : CE;
6EA1 : B0;
6EA2 : DE;
6EA3 : 22;
6EA4 : 09;
6EA5 : 67;
6EA6 : BC;
6EA7 : 69;
6EA8 : C4;
6EA9 : A6;
6EAA : DA;
6EAB : 9A;
6EAC : F4;
6EAD : 60;
6EAE : 70;
6EAF : 28;
6EB0 : 90;
6EB1 : 9A;
6EB2 : 6A;
6EB3 : 8E;
6EB4 : D8;
6EB5 : DA;
6EB6 : D1;
6EB7 : D0;
6EB8 : 69;
6EB9 : E6;
6EBA : BA;
6EBB : 1C;
6EBC : 60;
6EBD : 88;
6EBE : BE;
6EBF : 9A;
6EC0 : 75;
6EC1 : 40;
6EC2 : 56;
6EC3 : 6E;
6EC4 : 64;
6EC5 : 21;
6EC6 : 27;
6EC7 : 77;
6EC8 : 24;
6EC9 : BE;
6ECA : 98;
6ECB : 9B;
6ECC : 98;
6ECD : B6;
6ECE : 08;
6ECF : E1;
6ED0 : 26;
6ED1 : 6E;
6ED2 : 94;
6ED3 : 9A;
6ED4 : 24;
6ED5 : 6C;
6ED6 : 69;
6ED7 : B4;
6ED8 : A6;
6ED9 : FC;
6EDA : EA;
6EDB : 98;
6EDC : F8;
6EDD : AE;
6EDE : 69;
6EDF : C4;
6EE0 : A2;
6EE1 : DA;
6EE2 : 26;
6EE3 : 7A;
6EE4 : 08;
6EE5 : 9A;
6EE6 : 18;
6EE7 : 28;
6EE8 : 6E;
6EE9 : 38;
6EEA : 20;
6EEB : FA;
6EEC : 99;
6EED : 49;
6EEE : 74;
6EEF : 7A;
6EF0 : 28;
6EF1 : 30;
6EF2 : 83;
6EF3 : 0C;
6EF4 : 22;
6EF5 : C1;
6EF6 : 83;
6EF7 : E4;
6EF8 : 69;
6EF9 : CA;
6EFA : B8;
6EFB : 2A;
6EFC : B1;
6EFD : 9A;
6EFE : 8B;
6EFF : C6;
6F00 : D0;
6F01 : 22;
6F02 : 7B;
6F03 : 76;
6F04 : 29;
6F05 : 7E;
6F06 : 8E;
6F07 : 7F;
6F08 : 50;
6F09 : F9;
6F0A : 26;
6F0B : 80;
6F0C : 48;
6F0D : 9A;
6F0E : 5A;
6F0F : 9C;
6F10 : 22;
6F11 : 84;
6F12 : 3C;
6F13 : 69;
6F14 : 54;
6F15 : B0;
6F16 : BC;
6F17 : A6;
6F18 : C1;
6F19 : 85;
6F1A : 98;
6F1B : 86;
6F1C : EA;
6F1D : 87;
6F1E : 2C;
6F1F : F8;
6F20 : 5C;
6F21 : 22;
6F22 : 88;
6F23 : E0;
6F24 : 22;
6F25 : 8A;
6F26 : 16;
6F27 : 69;
6F28 : 52;
6F29 : A6;
6F2A : D0;
6F2B : 88;
6F2C : E4;
6F2D : 9A;
6F2E : 8B;
6F2F : 32;
6F30 : 48;
6F31 : 22;
6F32 : 8D;
6F33 : 4E;
6F34 : 22;
6F35 : 8E;
6F36 : 54;
6F37 : 22;
6F38 : 8F;
6F39 : 0C;
6F3A : 69;
6F3B : 2A;
6F3C : A6;
6F3D : 3C;
6F3E : 9A;
6F3F : 4C;
6F40 : 5C;
6F41 : 69;
6F42 : 6E;
6F43 : A6;
6F44 : 7E;
6F45 : 9A;
6F46 : 90;
6F47 : DC;
6F48 : 22;
6F49 : 91;
6F4A : 76;
6F4B : 69;
6F4C : 7E;
6F4D : A6;
6F4E : 96;
6F4F : 9A;
6F50 : B0;
6F51 : B6;
6F52 : 68;
6F53 : C0;
6F54 : A0;
6F55 : 92;
6F56 : A2;
6F57 : F8;
6F58 : 22;
6F59 : 93;
6F5A : 1C;
6F5B : 26;
6F5C : 8E;
6F5D : 24;
6F5E : 9B;
6F5F : 82;
6F60 : 8C;
6F61 : A9;
6F62 : 78;
6F63 : 84;
6F64 : A6;
6F65 : 9A;
6F66 : 9B;
6F67 : D6;
6F68 : E2;
6F69 : 89;
6F6A : 91;
6F6B : 90;
6F6C : 1C;
6F6D : A6;
6F6E : 68;
6F6F : 9A;
6F70 : 84;
6F71 : 9C;
6F72 : 69;
6F73 : 44;
6F74 : A6;
6F75 : A0;
6F76 : EA;
6F77 : 02;
6F78 : F8;
6F79 : 10;
6F7A : 69;
6F7B : 22;
6F7C : A6;
6F7D : 6A;
6F7E : 88;
6F7F : FC;
6F80 : 88;
6F81 : 94;
6F82 : 8E;
6F83 : 9A;
6F84 : 8D;
6F85 : 7A;
6F86 : 8C;
6F87 : 68;
6F88 : BE;
6F89 : 89;
6F8A : 8E;
6F8B : 5E;
6F8C : A2;
6F8D : 76;
6F8E : 26;
6F8F : 90;
6F90 : 54;
6F91 : 9A;
6F92 : 82;
6F93 : 90;
6F94 : 6E;
6F95 : B8;
6F96 : 60;
6F97 : A6;
6F98 : 08;
6F99 : 9B;
6F9A : 1A;
6F9B : 40;
6F9C : 54;
6F9D : A8;
6F9E : F0;
6F9F : 16;
6FA0 : 89;
6FA1 : 8D;
6FA2 : DC;
6FA3 : A2;
6FA4 : 82;
6FA5 : 26;
6FA6 : 96;
6FA7 : 56;
6FA8 : 9A;
6FA9 : 8A;
6FAA : F8;
6FAB : 6E;
6FAC : 34;
6FAD : D8;
6FAE : B8;
6FAF : 78;
6FB0 : F9;
6FB1 : 9A;
6FB2 : 9C;
6FB3 : A2;
6FB4 : D0;
6FB5 : 69;
6FB6 : E8;
6FB7 : A2;
6FB8 : FC;
6FB9 : 26;
6FBA : 9D;
6FBB : 12;
6FBC : 9A;
6FBD : 34;
6FBE : 52;
6FBF : 69;
6FC0 : 70;
6FC1 : A6;
6FC2 : 84;
6FC3 : 9A;
6FC4 : 98;
6FC5 : B0;
6FC6 : 69;
6FC7 : C4;
6FC8 : A6;
6FC9 : DC;
6FCA : 88;
6FCB : F2;
6FCC : 9A;
6FCD : 9E;
6FCE : 0C;
6FCF : 28;
6FD0 : 69;
6FD1 : 38;
6FD2 : A6;
6FD3 : 50;
6FD4 : 9A;
6FD5 : 68;
6FD6 : 86;
6FD7 : 69;
6FD8 : AE;
6FD9 : A6;
6FDA : D0;
6FDB : 88;
6FDC : E0;
6FDD : 9A;
6FDE : 9F;
6FDF : 04;
6FE0 : 1C;
6FE1 : 69;
6FE2 : 34;
6FE3 : A6;
6FE4 : 4E;
6FE5 : 9A;
6FE6 : 74;
6FE7 : 90;
6FE8 : 69;
6FE9 : B0;
6FEA : A2;
6FEB : C0;
6FEC : 26;
6FED : A0;
6FEE : 78;
6FEF : EA;
6FF0 : 62;
6FF1 : E8;
6FF2 : DE;
6FF3 : 69;
6FF4 : FC;
6FF5 : B0;
6FF6 : A8;
6FF7 : 4C;
6FF8 : C8;
6FF9 : F0;
6FFA : 41;
6FFB : 5F;
6FFC : 98;
6FFD : 88;
6FFE : DF;
6FFF : D3;
7000 : 47;
7001 : 60;
7002 : E2;
7003 : 01;
7004 : 50;
7005 : 87;
7006 : 8B;
7007 : EE;
7008 : 7E;
7009 : 30;
700A : 86;
700B : 8A;
700C : F0;
700D : 64;
700E : 01;
700F : A0;
7010 : 82;
7011 : 89;
7012 : A8;
7013 : 80;
7014 : 22;
7015 : B8;
7016 : 81;
7017 : 19;
7018 : 92;
7019 : 02;
701A : 40;
701B : 83;
701C : 60;
701D : C8;
701E : 98;
701F : 08;
7020 : 9F;
7021 : FF;
7022 : 05;
7023 : 1F;
7024 : F7;
7025 : 3A;
7026 : 09;
7027 : F8;
7028 : CB;
7029 : 80;
702A : 0C;
702B : A9;
702C : F0;
702D : 38;
702E : A6;
702F : 01;
7030 : 9A;
7031 : 60;
7032 : 04;
7033 : 69;
7034 : A8;
7035 : A6;
7036 : 02;
7037 : 9A;
7038 : B8;
7039 : 07;
703A : 69;
703B : 30;
703C : A6;
703D : 03;
703E : 9F;
703F : 28;
7040 : 7C;
7041 : BC;
7042 : 20;
7043 : 70;
7044 : 88;
7045 : 06;
7046 : 60;
7047 : CE;
7048 : 69;
7049 : FE;
704A : 89;
704B : 48;
704C : 00;
704D : 3C;
704E : D0;
704F : A5;
7050 : 00;
7051 : FE;
7052 : F0;
7053 : 1C;
7054 : 23;
7055 : 80;
7056 : 88;
7057 : BB;
7058 : A4;
7059 : FF;
705A : 50;
705B : DE;
705C : A0;
705D : 00;
705E : A6;
705F : 2C;
7060 : F2;
7061 : 2C;
7062 : 50;
7063 : F2;
7064 : 08;
7065 : 60;
7066 : 80;
7067 : 07;
7068 : A2;
7069 : 1F;
706A : 9A;
706B : 34;
706C : 34;
706D : 58;
706E : 8A;
706F : 0B;
7070 : 58;
7071 : 08;
7072 : 5A;
7073 : 40;
7074 : 16;
7075 : E5;
7076 : 00;
7077 : 00;
7078 : 28;
7079 : 02;
707A : 08;
707B : F8;
707C : 87;
707D : 83;
707E : 10;
707F : F6;
7080 : FE;
7081 : D8;
7082 : 20;
7083 : CF;
7084 : 98;
7085 : 0D;
7086 : FD;
7087 : 68;
7088 : 91;
7089 : 08;
708A : 56;
708B : 39;
708C : 01;
708D : 54;
708E : 72;
708F : 98;
7090 : 38;
7091 : 72;
7092 : 23;
7093 : F8;
7094 : C0;
7095 : 92;
7096 : 6A;
7097 : 34;
7098 : 21;
7099 : 9F;
709A : 03;
709B : B6;
709C : 09;
709D : D0;
709E : A6;
709F : 1C;
70A0 : 96;
70A1 : 1C;
70A2 : DC;
70A3 : 03;
70A4 : E0;
70A5 : 61;
70A6 : E6;
70A7 : FE;
70A8 : 70;
70A9 : 74;
70AA : 01;
70AB : 10;
70AC : 60;
70AD : 86;
70AE : 0C;
70AF : 7D;
70B0 : 04;
70B1 : 74;
70B2 : 16;
70B3 : C3;
70B4 : 92;
70B5 : 00;
70B6 : 2F;
70B7 : A0;
70B8 : 1E;
70B9 : 00;
70BA : FC;
70BB : F9;
70BC : A0;
70BD : B3;
70BE : 40;
70BF : C0;
70C0 : 6E;
70C1 : 1A;
70C2 : D1;
70C3 : 9A;
70C4 : 0C;
70C5 : 0C;
70C6 : 58;
70C7 : E9;
70C8 : 28;
70C9 : 18;
70CA : E1;
70CB : 3C;
70CC : 98;
70CD : 3C;
70CE : 88;
70CF : 83;
70D0 : 69;
70D1 : 18;
70D2 : A6;
70D3 : 44;
70D4 : 96;
70D5 : 44;
70D6 : 9A;
70D7 : 08;
70D8 : 4C;
70D9 : 69;
70DA : 4C;
70DB : 22;
70DC : FD;
70DD : F8;
70DE : 69;
70DF : 54;
70E0 : A5;
70E1 : 54;
70E2 : A6;
70E3 : E8;
70E4 : 9A;
70E5 : 5C;
70E6 : 5C;
70E7 : 5A;
70E8 : D8;
70E9 : 69;
70EA : 64;
70EB : A5;
70EC : 64;
70ED : A6;
70EE : C8;
70EF : 9A;
70F0 : 6C;
70F1 : 6C;
70F2 : 5A;
70F3 : B8;
70F4 : 69;
70F5 : 74;
70F6 : A5;
70F7 : 74;
70F8 : A6;
70F9 : A8;
70FA : 9A;
70FB : 7C;
70FC : 7C;
70FD : D8;
70FE : E0;
70FF : 99;
7100 : FD;
7101 : 98;
7102 : 19;
7103 : 68;
7104 : 89;
7105 : 66;
7106 : FD;
7107 : 88;
7108 : 19;
7109 : 5F;
710A : E0;
710B : 2B;
710C : 78;
710D : 73;
710E : E0;
710F : CA;
7110 : E0;
7111 : 68;
7112 : DC;
7113 : E0;
7114 : F2;
7115 : C0;
7116 : B7;
7117 : 58;
7118 : E0;
7119 : 3C;
711A : A0;
711B : AD;
711C : 48;
711D : CF;
711E : E0;
711F : 80;
7120 : 2B;
7121 : 38;
7122 : 73;
7123 : E0;
7124 : CA;
7125 : 60;
7126 : 28;
7127 : DC;
7128 : E0;
7129 : F2;
712A : 40;
712B : B7;
712C : 18;
712D : E0;
712E : 18;
712F : 8A;
7130 : 08;
7131 : 1B;
7132 : 14;
7133 : 6D;
7134 : 14;
7135 : 72;
7136 : D0;
7137 : 80;
7138 : 0A;
7139 : C6;
713A : E0;
713B : 57;
713C : 32;
713D : 20;
713E : C7;
713F : 20;
7140 : 34;
7141 : BF;
7142 : 80;
7143 : D9;
7144 : B8;
7145 : BF;
7146 : 7E;
7147 : BA;
7148 : 09;
7149 : 50;
714A : 29;
714B : EB;
714C : BF;
714D : 4F;
714E : E8;
714F : 55;
7150 : 55;
7151 : 80;
7152 : 00;
7153 : 00;
7154 : 00;
7155 : 00;
7156 : 00;
7157 : 00;
7158 : 00;
7159 : 00;
715A : 00;
715B : 00;
715C : 00;
715D : 00;
715E : 00;
715F : 00;
7160 : FF;
7161 : FF;
7162 : FF;
7163 : FF;
7164 : FF;
7165 : FF;
7166 : FF;
7167 : FF;
7168 : FF;
7169 : FF;
716A : FF;
716B : FF;
716C : FF;
716D : FF;
716E : FF;
716F : FF;
7170 : FF;
7171 : FF;
7172 : FF;
7173 : FF;
7174 : FF;
7175 : FF;
7176 : FF;
7177 : FF;
7178 : FF;
7179 : FF;
717A : FF;
717B : FF;
717C : FF;
717D : FF;
717E : FF;
717F : FF;
7180 : FF;
7181 : FF;
7182 : FF;
7183 : FF;
7184 : FF;
7185 : FF;
7186 : FF;
7187 : FF;
7188 : FF;
7189 : FF;
718A : FF;
718B : FF;
718C : FF;
718D : FF;
718E : FF;
718F : FF;
7190 : FF;
7191 : FF;
7192 : FF;
7193 : FF;
7194 : FF;
7195 : FF;
7196 : FF;
7197 : FF;
7198 : FF;
7199 : FF;
719A : FF;
719B : FF;
719C : FF;
719D : FF;
719E : FF;
719F : FF;
71A0 : FF;
71A1 : FF;
71A2 : FF;
71A3 : FF;
71A4 : FF;
71A5 : FF;
71A6 : FF;
71A7 : FF;
71A8 : FF;
71A9 : FF;
71AA : FF;
71AB : FF;
71AC : FF;
71AD : FF;
71AE : FF;
71AF : FF;
71B0 : FF;
71B1 : FF;
71B2 : FF;
71B3 : FF;
71B4 : FF;
71B5 : FF;
71B6 : FF;
71B7 : FF;
71B8 : FF;
71B9 : FF;
71BA : FF;
71BB : FF;
71BC : FF;
71BD : FF;
71BE : FF;
71BF : FF;
71C0 : FF;
71C1 : FF;
71C2 : FF;
71C3 : FF;
71C4 : FF;
71C5 : FF;
71C6 : FF;
71C7 : FF;
71C8 : FF;
71C9 : FF;
71CA : FF;
71CB : FF;
71CC : FF;
71CD : FF;
71CE : FF;
71CF : FF;
71D0 : FF;
71D1 : FF;
71D2 : FF;
71D3 : FF;
71D4 : FF;
71D5 : FF;
71D6 : FF;
71D7 : FF;
71D8 : FF;
71D9 : FF;
71DA : FF;
71DB : FF;
71DC : FF;
71DD : FF;
71DE : FF;
71DF : FF;
71E0 : FF;
71E1 : FF;
71E2 : FF;
71E3 : FF;
71E4 : FF;
71E5 : FF;
71E6 : FF;
71E7 : FF;
71E8 : FF;
71E9 : FF;
71EA : FF;
71EB : FF;
71EC : FF;
71ED : FF;
71EE : FF;
71EF : FF;
71F0 : FF;
71F1 : FF;
71F2 : FF;
71F3 : FF;
71F4 : FF;
71F5 : FF;
71F6 : FF;
71F7 : FF;
71F8 : FF;
71F9 : FF;
71FA : FF;
71FB : FF;
71FC : FF;
71FD : FF;
71FE : FF;
71FF : FF;
7200 : FF;
7201 : FF;
7202 : FF;
7203 : FF;
7204 : FF;
7205 : FF;
7206 : FF;
7207 : FF;
7208 : FF;
7209 : FF;
720A : FF;
720B : FF;
720C : FF;
720D : FF;
720E : FF;
720F : FF;
7210 : FF;
7211 : FF;
7212 : FF;
7213 : FF;
7214 : FF;
7215 : FF;
7216 : FF;
7217 : FF;
7218 : FF;
7219 : FF;
721A : FF;
721B : FF;
721C : FF;
721D : FF;
721E : FF;
721F : FF;
7220 : FF;
7221 : FF;
7222 : FF;
7223 : FF;
7224 : FF;
7225 : FF;
7226 : FF;
7227 : FF;
7228 : FF;
7229 : FF;
722A : FF;
722B : FF;
722C : FF;
722D : FF;
722E : FF;
722F : FF;
7230 : FF;
7231 : FF;
7232 : FF;
7233 : FF;
7234 : FF;
7235 : FF;
7236 : FF;
7237 : FF;
7238 : FF;
7239 : FF;
723A : FF;
723B : FF;
723C : FF;
723D : FF;
723E : FF;
723F : FF;
7240 : FF;
7241 : FF;
7242 : FF;
7243 : FF;
7244 : FF;
7245 : FF;
7246 : FF;
7247 : FF;
7248 : FF;
7249 : FF;
724A : FF;
724B : FF;
724C : FF;
724D : FF;
724E : FF;
724F : FF;
7250 : FF;
7251 : FF;
7252 : FF;
7253 : FF;
7254 : FF;
7255 : FF;
7256 : FF;
7257 : FF;
7258 : FF;
7259 : FF;
725A : FF;
725B : FF;
725C : FF;
725D : FF;
725E : FF;
725F : FF;
7260 : FF;
7261 : FF;
7262 : FF;
7263 : FF;
7264 : FF;
7265 : FF;
7266 : FF;
7267 : FF;
7268 : FF;
7269 : FF;
726A : FF;
726B : FF;
726C : FF;
726D : FF;
726E : FF;
726F : FF;
7270 : FF;
7271 : FF;
7272 : FF;
7273 : FF;
7274 : FF;
7275 : FF;
7276 : FF;
7277 : FF;
7278 : FF;
7279 : FF;
727A : FF;
727B : FF;
727C : FF;
727D : FF;
727E : FF;
727F : FF;
7280 : FF;
7281 : FF;
7282 : FF;
7283 : FF;
7284 : FF;
7285 : FF;
7286 : FF;
7287 : FF;
7288 : FF;
7289 : FF;
728A : FF;
728B : FF;
728C : FF;
728D : FF;
728E : FF;
728F : FF;
7290 : FF;
7291 : FF;
7292 : FF;
7293 : FF;
7294 : FF;
7295 : FF;
7296 : FF;
7297 : FF;
7298 : FF;
7299 : FF;
729A : FF;
729B : FF;
729C : FF;
729D : FF;
729E : FF;
729F : FF;
72A0 : FF;
72A1 : FF;
72A2 : FF;
72A3 : FF;
72A4 : FF;
72A5 : FF;
72A6 : FF;
72A7 : FF;
72A8 : FF;
72A9 : FF;
72AA : FF;
72AB : FF;
72AC : FF;
72AD : FF;
72AE : FF;
72AF : FF;
72B0 : FF;
72B1 : FF;
72B2 : FF;
72B3 : FF;
72B4 : FF;
72B5 : FF;
72B6 : FF;
72B7 : FF;
72B8 : FF;
72B9 : FF;
72BA : FF;
72BB : FF;
72BC : FF;
72BD : FF;
72BE : FF;
72BF : FF;
72C0 : FF;
72C1 : FF;
72C2 : FF;
72C3 : FF;
72C4 : FF;
72C5 : FF;
72C6 : FF;
72C7 : FF;
72C8 : FF;
72C9 : FF;
72CA : FF;
72CB : FF;
72CC : FF;
72CD : FF;
72CE : FF;
72CF : FF;
72D0 : FF;
72D1 : FF;
72D2 : FF;
72D3 : FF;
72D4 : FF;
72D5 : FF;
72D6 : FF;
72D7 : FF;
72D8 : FF;
72D9 : FF;
72DA : FF;
72DB : FF;
72DC : FF;
72DD : FF;
72DE : FF;
72DF : FF;
72E0 : FF;
72E1 : FF;
72E2 : FF;
72E3 : FF;
72E4 : FF;
72E5 : FF;
72E6 : FF;
72E7 : FF;
72E8 : FF;
72E9 : FF;
72EA : FF;
72EB : FF;
72EC : FF;
72ED : FF;
72EE : FF;
72EF : FF;
72F0 : FF;
72F1 : FF;
72F2 : FF;
72F3 : FF;
72F4 : FF;
72F5 : FF;
72F6 : FF;
72F7 : FF;
72F8 : FF;
72F9 : FF;
72FA : FF;
72FB : FF;
72FC : FF;
72FD : FF;
72FE : FF;
72FF : FF;
7300 : FF;
7301 : FF;
7302 : FF;
7303 : FF;
7304 : FF;
7305 : FF;
7306 : FF;
7307 : FF;
7308 : FF;
7309 : FF;
730A : FF;
730B : FF;
730C : FF;
730D : FF;
730E : FF;
730F : FF;
7310 : FF;
7311 : FF;
7312 : FF;
7313 : FF;
7314 : FF;
7315 : FF;
7316 : FF;
7317 : FF;
7318 : FF;
7319 : FF;
731A : FF;
731B : FF;
731C : FF;
731D : FF;
731E : FF;
731F : FF;
7320 : FF;
7321 : FF;
7322 : FF;
7323 : FF;
7324 : FF;
7325 : FF;
7326 : FF;
7327 : FF;
7328 : FF;
7329 : FF;
732A : FF;
732B : FF;
732C : FF;
732D : FF;
732E : FF;
732F : FF;
7330 : FF;
7331 : FF;
7332 : FF;
7333 : FF;
7334 : FF;
7335 : FF;
7336 : FF;
7337 : FF;
7338 : FF;
7339 : FF;
733A : FF;
733B : FF;
733C : FF;
733D : FF;
733E : FF;
733F : FF;
7340 : FF;
7341 : FF;
7342 : FF;
7343 : FF;
7344 : FF;
7345 : FF;
7346 : FF;
7347 : FF;
7348 : FF;
7349 : FF;
734A : FF;
734B : FF;
734C : FF;
734D : FF;
734E : FF;
734F : FF;
7350 : FF;
7351 : FF;
7352 : FF;
7353 : FF;
7354 : FF;
7355 : FF;
7356 : FF;
7357 : FF;
7358 : FF;
7359 : FF;
735A : FF;
735B : FF;
735C : FF;
735D : FF;
735E : FF;
735F : FF;
7360 : FF;
7361 : FF;
7362 : FF;
7363 : FF;
7364 : FF;
7365 : FF;
7366 : FF;
7367 : FF;
7368 : FF;
7369 : FF;
736A : FF;
736B : FF;
736C : FF;
736D : FF;
736E : FF;
736F : FF;
7370 : FF;
7371 : FF;
7372 : FF;
7373 : FF;
7374 : FF;
7375 : FF;
7376 : FF;
7377 : FF;
7378 : FF;
7379 : FF;
737A : FF;
737B : FF;
737C : FF;
737D : FF;
737E : FF;
737F : FF;
7380 : FF;
7381 : FF;
7382 : FF;
7383 : FF;
7384 : FF;
7385 : FF;
7386 : FF;
7387 : FF;
7388 : FF;
7389 : FF;
738A : FF;
738B : FF;
738C : FF;
738D : FF;
738E : FF;
738F : FF;
7390 : FF;
7391 : FF;
7392 : FF;
7393 : FF;
7394 : FF;
7395 : FF;
7396 : FF;
7397 : FF;
7398 : FF;
7399 : FF;
739A : FF;
739B : FF;
739C : FF;
739D : FF;
739E : FF;
739F : FF;
73A0 : FF;
73A1 : FF;
73A2 : FF;
73A3 : FF;
73A4 : FF;
73A5 : FF;
73A6 : FF;
73A7 : FF;
73A8 : FF;
73A9 : FF;
73AA : FF;
73AB : FF;
73AC : FF;
73AD : FF;
73AE : FF;
73AF : FF;
73B0 : FF;
73B1 : FF;
73B2 : FF;
73B3 : FF;
73B4 : FF;
73B5 : FF;
73B6 : FF;
73B7 : FF;
73B8 : FF;
73B9 : FF;
73BA : FF;
73BB : FF;
73BC : FF;
73BD : FF;
73BE : FF;
73BF : FF;
73C0 : FF;
73C1 : FF;
73C2 : FF;
73C3 : FF;
73C4 : FF;
73C5 : FF;
73C6 : FF;
73C7 : FF;
73C8 : FF;
73C9 : FF;
73CA : FF;
73CB : FF;
73CC : FF;
73CD : FF;
73CE : FF;
73CF : FF;
73D0 : FF;
73D1 : FF;
73D2 : FF;
73D3 : FF;
73D4 : FF;
73D5 : FF;
73D6 : FF;
73D7 : FF;
73D8 : FF;
73D9 : FF;
73DA : FF;
73DB : FF;
73DC : FF;
73DD : FF;
73DE : FF;
73DF : FF;
73E0 : FF;
73E1 : FF;
73E2 : FF;
73E3 : FF;
73E4 : FF;
73E5 : FF;
73E6 : FF;
73E7 : FF;
73E8 : FF;
73E9 : FF;
73EA : FF;
73EB : FF;
73EC : FF;
73ED : FF;
73EE : FF;
73EF : FF;
73F0 : FF;
73F1 : FF;
73F2 : FF;
73F3 : FF;
73F4 : FF;
73F5 : FF;
73F6 : FF;
73F7 : FF;
73F8 : FF;
73F9 : FF;
73FA : FF;
73FB : FF;
73FC : FF;
73FD : FF;
73FE : FF;
73FF : FF;
7400 : FF;
7401 : FF;
7402 : FF;
7403 : FF;
7404 : FF;
7405 : FF;
7406 : FF;
7407 : FF;
7408 : FF;
7409 : FF;
740A : FF;
740B : FF;
740C : FF;
740D : FF;
740E : FF;
740F : FF;
7410 : FF;
7411 : FF;
7412 : FF;
7413 : FF;
7414 : FF;
7415 : FF;
7416 : FF;
7417 : FF;
7418 : FF;
7419 : FF;
741A : FF;
741B : FF;
741C : FF;
741D : FF;
741E : FF;
741F : FF;
7420 : FF;
7421 : FF;
7422 : FF;
7423 : FF;
7424 : FF;
7425 : FF;
7426 : FF;
7427 : FF;
7428 : FF;
7429 : FF;
742A : FF;
742B : FF;
742C : FF;
742D : FF;
742E : FF;
742F : FF;
7430 : FF;
7431 : FF;
7432 : FF;
7433 : FF;
7434 : FF;
7435 : FF;
7436 : FF;
7437 : FF;
7438 : FF;
7439 : FF;
743A : FF;
743B : FF;
743C : FF;
743D : FF;
743E : FF;
743F : FF;
7440 : FF;
7441 : FF;
7442 : FF;
7443 : FF;
7444 : FF;
7445 : FF;
7446 : FF;
7447 : FF;
7448 : FF;
7449 : FF;
744A : FF;
744B : FF;
744C : FF;
744D : FF;
744E : FF;
744F : FF;
7450 : FF;
7451 : FF;
7452 : FF;
7453 : FF;
7454 : FF;
7455 : FF;
7456 : FF;
7457 : FF;
7458 : FF;
7459 : FF;
745A : FF;
745B : FF;
745C : FF;
745D : FF;
745E : FF;
745F : FF;
7460 : FF;
7461 : FF;
7462 : FF;
7463 : FF;
7464 : FF;
7465 : FF;
7466 : FF;
7467 : FF;
7468 : FF;
7469 : FF;
746A : FF;
746B : FF;
746C : FF;
746D : FF;
746E : FF;
746F : FF;
7470 : FF;
7471 : FF;
7472 : FF;
7473 : FF;
7474 : FF;
7475 : FF;
7476 : FF;
7477 : FF;
7478 : FF;
7479 : FF;
747A : FF;
747B : FF;
747C : FF;
747D : FF;
747E : FF;
747F : FF;
7480 : FF;
7481 : FF;
7482 : FF;
7483 : FF;
7484 : FF;
7485 : FF;
7486 : FF;
7487 : FF;
7488 : FF;
7489 : FF;
748A : FF;
748B : FF;
748C : FF;
748D : FF;
748E : FF;
748F : FF;
7490 : FF;
7491 : FF;
7492 : FF;
7493 : FF;
7494 : FF;
7495 : FF;
7496 : FF;
7497 : FF;
7498 : FF;
7499 : FF;
749A : FF;
749B : FF;
749C : FF;
749D : FF;
749E : FF;
749F : FF;
74A0 : FF;
74A1 : FF;
74A2 : FF;
74A3 : FF;
74A4 : FF;
74A5 : FF;
74A6 : FF;
74A7 : FF;
74A8 : FF;
74A9 : FF;
74AA : FF;
74AB : FF;
74AC : FF;
74AD : FF;
74AE : FF;
74AF : FF;
74B0 : FF;
74B1 : FF;
74B2 : FF;
74B3 : FF;
74B4 : FF;
74B5 : FF;
74B6 : FF;
74B7 : FF;
74B8 : FF;
74B9 : FF;
74BA : FF;
74BB : FF;
74BC : FF;
74BD : FF;
74BE : FF;
74BF : FF;
74C0 : FF;
74C1 : FF;
74C2 : FF;
74C3 : FF;
74C4 : FF;
74C5 : FF;
74C6 : FF;
74C7 : FF;
74C8 : FF;
74C9 : FF;
74CA : FF;
74CB : FF;
74CC : FF;
74CD : FF;
74CE : FF;
74CF : FF;
74D0 : FF;
74D1 : FF;
74D2 : FF;
74D3 : FF;
74D4 : FF;
74D5 : FF;
74D6 : FF;
74D7 : FF;
74D8 : FF;
74D9 : FF;
74DA : FF;
74DB : FF;
74DC : FF;
74DD : FF;
74DE : FF;
74DF : FF;
74E0 : FF;
74E1 : FF;
74E2 : FF;
74E3 : FF;
74E4 : FF;
74E5 : FF;
74E6 : FF;
74E7 : FF;
74E8 : FF;
74E9 : FF;
74EA : FF;
74EB : FF;
74EC : FF;
74ED : FF;
74EE : FF;
74EF : FF;
74F0 : FF;
74F1 : FF;
74F2 : FF;
74F3 : FF;
74F4 : FF;
74F5 : FF;
74F6 : FF;
74F7 : FF;
74F8 : FF;
74F9 : FF;
74FA : FF;
74FB : FF;
74FC : FF;
74FD : FF;
74FE : FF;
74FF : FF;
7500 : FF;
7501 : FF;
7502 : FF;
7503 : FF;
7504 : FF;
7505 : FF;
7506 : FF;
7507 : FF;
7508 : FF;
7509 : FF;
750A : FF;
750B : FF;
750C : FF;
750D : FF;
750E : FF;
750F : FF;
7510 : FF;
7511 : FF;
7512 : FF;
7513 : FF;
7514 : FF;
7515 : FF;
7516 : FF;
7517 : FF;
7518 : FF;
7519 : FF;
751A : FF;
751B : FF;
751C : FF;
751D : FF;
751E : FF;
751F : FF;
7520 : FF;
7521 : FF;
7522 : FF;
7523 : FF;
7524 : FF;
7525 : FF;
7526 : FF;
7527 : FF;
7528 : FF;
7529 : FF;
752A : FF;
752B : FF;
752C : FF;
752D : FF;
752E : FF;
752F : FF;
7530 : FF;
7531 : FF;
7532 : FF;
7533 : FF;
7534 : FF;
7535 : FF;
7536 : FF;
7537 : FF;
7538 : FF;
7539 : FF;
753A : FF;
753B : FF;
753C : FF;
753D : FF;
753E : FF;
753F : FF;
7540 : FF;
7541 : FF;
7542 : FF;
7543 : FF;
7544 : FF;
7545 : FF;
7546 : FF;
7547 : FF;
7548 : FF;
7549 : FF;
754A : FF;
754B : FF;
754C : FF;
754D : FF;
754E : FF;
754F : FF;
7550 : FF;
7551 : FF;
7552 : FF;
7553 : FF;
7554 : FF;
7555 : FF;
7556 : FF;
7557 : FF;
7558 : FF;
7559 : FF;
755A : FF;
755B : FF;
755C : FF;
755D : FF;
755E : FF;
755F : FF;
7560 : FF;
7561 : FF;
7562 : FF;
7563 : FF;
7564 : FF;
7565 : FF;
7566 : FF;
7567 : FF;
7568 : FF;
7569 : FF;
756A : FF;
756B : FF;
756C : FF;
756D : FF;
756E : FF;
756F : FF;
7570 : FF;
7571 : FF;
7572 : FF;
7573 : FF;
7574 : FF;
7575 : FF;
7576 : FF;
7577 : FF;
7578 : FF;
7579 : FF;
757A : FF;
757B : FF;
757C : FF;
757D : FF;
757E : FF;
757F : FF;
7580 : FF;
7581 : FF;
7582 : FF;
7583 : FF;
7584 : FF;
7585 : FF;
7586 : FF;
7587 : FF;
7588 : FF;
7589 : FF;
758A : FF;
758B : FF;
758C : FF;
758D : FF;
758E : FF;
758F : FF;
7590 : FF;
7591 : FF;
7592 : FF;
7593 : FF;
7594 : FF;
7595 : FF;
7596 : FF;
7597 : FF;
7598 : FF;
7599 : FF;
759A : FF;
759B : FF;
759C : FF;
759D : FF;
759E : FF;
759F : FF;
75A0 : FF;
75A1 : FF;
75A2 : FF;
75A3 : FF;
75A4 : FF;
75A5 : FF;
75A6 : FF;
75A7 : FF;
75A8 : FF;
75A9 : FF;
75AA : FF;
75AB : FF;
75AC : FF;
75AD : FF;
75AE : FF;
75AF : FF;
75B0 : FF;
75B1 : FF;
75B2 : FF;
75B3 : FF;
75B4 : FF;
75B5 : FF;
75B6 : FF;
75B7 : FF;
75B8 : FF;
75B9 : FF;
75BA : FF;
75BB : FF;
75BC : FF;
75BD : FF;
75BE : FF;
75BF : FF;
75C0 : FF;
75C1 : FF;
75C2 : FF;
75C3 : FF;
75C4 : FF;
75C5 : FF;
75C6 : FF;
75C7 : FF;
75C8 : FF;
75C9 : FF;
75CA : FF;
75CB : FF;
75CC : FF;
75CD : FF;
75CE : FF;
75CF : FF;
75D0 : FF;
75D1 : FF;
75D2 : FF;
75D3 : FF;
75D4 : FF;
75D5 : FF;
75D6 : FF;
75D7 : FF;
75D8 : FF;
75D9 : FF;
75DA : FF;
75DB : FF;
75DC : FF;
75DD : FF;
75DE : FF;
75DF : FF;
75E0 : FF;
75E1 : FF;
75E2 : FF;
75E3 : FF;
75E4 : FF;
75E5 : FF;
75E6 : FF;
75E7 : FF;
75E8 : FF;
75E9 : FF;
75EA : FF;
75EB : FF;
75EC : FF;
75ED : FF;
75EE : FF;
75EF : FF;
75F0 : FF;
75F1 : FF;
75F2 : FF;
75F3 : FF;
75F4 : FF;
75F5 : FF;
75F6 : FF;
75F7 : FF;
75F8 : FF;
75F9 : FF;
75FA : FF;
75FB : FF;
75FC : FF;
75FD : FF;
75FE : FF;
75FF : FF;
7600 : FF;
7601 : FF;
7602 : FF;
7603 : FF;
7604 : FF;
7605 : FF;
7606 : FF;
7607 : FF;
7608 : FF;
7609 : FF;
760A : FF;
760B : FF;
760C : FF;
760D : FF;
760E : FF;
760F : FF;
7610 : FF;
7611 : FF;
7612 : FF;
7613 : FF;
7614 : FF;
7615 : FF;
7616 : FF;
7617 : FF;
7618 : FF;
7619 : FF;
761A : FF;
761B : FF;
761C : FF;
761D : FF;
761E : FF;
761F : FF;
7620 : FF;
7621 : FF;
7622 : FF;
7623 : FF;
7624 : FF;
7625 : FF;
7626 : FF;
7627 : FF;
7628 : FF;
7629 : FF;
762A : FF;
762B : FF;
762C : FF;
762D : FF;
762E : FF;
762F : FF;
7630 : FF;
7631 : FF;
7632 : FF;
7633 : FF;
7634 : FF;
7635 : FF;
7636 : FF;
7637 : FF;
7638 : FF;
7639 : FF;
763A : FF;
763B : FF;
763C : FF;
763D : FF;
763E : FF;
763F : FF;
7640 : FF;
7641 : FF;
7642 : FF;
7643 : FF;
7644 : FF;
7645 : FF;
7646 : FF;
7647 : FF;
7648 : FF;
7649 : FF;
764A : FF;
764B : FF;
764C : FF;
764D : FF;
764E : FF;
764F : FF;
7650 : FF;
7651 : FF;
7652 : FF;
7653 : FF;
7654 : FF;
7655 : FF;
7656 : FF;
7657 : FF;
7658 : FF;
7659 : FF;
765A : FF;
765B : FF;
765C : FF;
765D : FF;
765E : FF;
765F : FF;
7660 : FF;
7661 : FF;
7662 : FF;
7663 : FF;
7664 : FF;
7665 : FF;
7666 : FF;
7667 : FF;
7668 : FF;
7669 : FF;
766A : FF;
766B : FF;
766C : FF;
766D : FF;
766E : FF;
766F : FF;
7670 : FF;
7671 : FF;
7672 : FF;
7673 : FF;
7674 : FF;
7675 : FF;
7676 : FF;
7677 : FF;
7678 : FF;
7679 : FF;
767A : FF;
767B : FF;
767C : FF;
767D : FF;
767E : FF;
767F : FF;
7680 : FF;
7681 : FF;
7682 : FF;
7683 : FF;
7684 : FF;
7685 : FF;
7686 : FF;
7687 : FF;
7688 : FF;
7689 : FF;
768A : FF;
768B : FF;
768C : FF;
768D : FF;
768E : FF;
768F : FF;
7690 : FF;
7691 : FF;
7692 : FF;
7693 : FF;
7694 : FF;
7695 : FF;
7696 : FF;
7697 : FF;
7698 : FF;
7699 : FF;
769A : FF;
769B : FF;
769C : FF;
769D : FF;
769E : FF;
769F : FF;
76A0 : FF;
76A1 : FF;
76A2 : FF;
76A3 : FF;
76A4 : FF;
76A5 : FF;
76A6 : FF;
76A7 : FF;
76A8 : FF;
76A9 : FF;
76AA : FF;
76AB : FF;
76AC : FF;
76AD : FF;
76AE : FF;
76AF : FF;
76B0 : FF;
76B1 : FF;
76B2 : FF;
76B3 : FF;
76B4 : FF;
76B5 : FF;
76B6 : FF;
76B7 : FF;
76B8 : FF;
76B9 : FF;
76BA : FF;
76BB : FF;
76BC : FF;
76BD : FF;
76BE : FF;
76BF : FF;
76C0 : FF;
76C1 : FF;
76C2 : FF;
76C3 : FF;
76C4 : FF;
76C5 : FF;
76C6 : FF;
76C7 : FF;
76C8 : FF;
76C9 : FF;
76CA : FF;
76CB : FF;
76CC : FF;
76CD : FF;
76CE : FF;
76CF : FF;
76D0 : FF;
76D1 : FF;
76D2 : FF;
76D3 : FF;
76D4 : FF;
76D5 : FF;
76D6 : FF;
76D7 : FF;
76D8 : FF;
76D9 : FF;
76DA : FF;
76DB : FF;
76DC : FF;
76DD : FF;
76DE : FF;
76DF : FF;
76E0 : FF;
76E1 : FF;
76E2 : FF;
76E3 : FF;
76E4 : FF;
76E5 : FF;
76E6 : FF;
76E7 : FF;
76E8 : FF;
76E9 : FF;
76EA : FF;
76EB : FF;
76EC : FF;
76ED : FF;
76EE : FF;
76EF : FF;
76F0 : FF;
76F1 : FF;
76F2 : FF;
76F3 : FF;
76F4 : FF;
76F5 : FF;
76F6 : FF;
76F7 : FF;
76F8 : FF;
76F9 : FF;
76FA : FF;
76FB : FF;
76FC : FF;
76FD : FF;
76FE : FF;
76FF : FF;
7700 : FF;
7701 : FF;
7702 : FF;
7703 : FF;
7704 : FF;
7705 : FF;
7706 : FF;
7707 : FF;
7708 : FF;
7709 : FF;
770A : FF;
770B : FF;
770C : FF;
770D : FF;
770E : FF;
770F : FF;
7710 : FF;
7711 : FF;
7712 : FF;
7713 : FF;
7714 : FF;
7715 : FF;
7716 : FF;
7717 : FF;
7718 : FF;
7719 : FF;
771A : FF;
771B : FF;
771C : FF;
771D : FF;
771E : FF;
771F : FF;
7720 : FF;
7721 : FF;
7722 : FF;
7723 : FF;
7724 : FF;
7725 : FF;
7726 : FF;
7727 : FF;
7728 : FF;
7729 : FF;
772A : FF;
772B : FF;
772C : FF;
772D : FF;
772E : FF;
772F : FF;
7730 : FF;
7731 : FF;
7732 : FF;
7733 : FF;
7734 : FF;
7735 : FF;
7736 : FF;
7737 : FF;
7738 : FF;
7739 : FF;
773A : FF;
773B : FF;
773C : FF;
773D : FF;
773E : FF;
773F : FF;
7740 : FF;
7741 : FF;
7742 : FF;
7743 : FF;
7744 : FF;
7745 : FF;
7746 : FF;
7747 : FF;
7748 : FF;
7749 : FF;
774A : FF;
774B : FF;
774C : FF;
774D : FF;
774E : FF;
774F : FF;
7750 : FF;
7751 : FF;
7752 : FF;
7753 : FF;
7754 : FF;
7755 : FF;
7756 : FF;
7757 : FF;
7758 : FF;
7759 : FF;
775A : FF;
775B : FF;
775C : FF;
775D : FF;
775E : FF;
775F : FF;
7760 : FF;
7761 : FF;
7762 : FF;
7763 : FF;
7764 : FF;
7765 : FF;
7766 : FF;
7767 : FF;
7768 : FF;
7769 : FF;
776A : FF;
776B : FF;
776C : FF;
776D : FF;
776E : FF;
776F : FF;
7770 : FF;
7771 : FF;
7772 : FF;
7773 : FF;
7774 : FF;
7775 : FF;
7776 : FF;
7777 : FF;
7778 : FF;
7779 : FF;
777A : FF;
777B : FF;
777C : FF;
777D : FF;
777E : FF;
777F : FF;
7780 : FF;
7781 : FF;
7782 : FF;
7783 : FF;
7784 : FF;
7785 : FF;
7786 : FF;
7787 : FF;
7788 : FF;
7789 : FF;
778A : FF;
778B : FF;
778C : FF;
778D : FF;
778E : FF;
778F : FF;
7790 : FF;
7791 : FF;
7792 : FF;
7793 : FF;
7794 : FF;
7795 : FF;
7796 : FF;
7797 : FF;
7798 : FF;
7799 : FF;
779A : FF;
779B : FF;
779C : FF;
779D : FF;
779E : FF;
779F : FF;
77A0 : FF;
77A1 : FF;
77A2 : FF;
77A3 : FF;
77A4 : FF;
77A5 : FF;
77A6 : FF;
77A7 : FF;
77A8 : FF;
77A9 : FF;
77AA : FF;
77AB : FF;
77AC : FF;
77AD : FF;
77AE : FF;
77AF : FF;
77B0 : FF;
77B1 : FF;
77B2 : FF;
77B3 : FF;
77B4 : FF;
77B5 : FF;
77B6 : FF;
77B7 : FF;
77B8 : FF;
77B9 : FF;
77BA : FF;
77BB : FF;
77BC : FF;
77BD : FF;
77BE : FF;
77BF : FF;
77C0 : FF;
77C1 : FF;
77C2 : FF;
77C3 : FF;
77C4 : FF;
77C5 : FF;
77C6 : FF;
77C7 : FF;
77C8 : FF;
77C9 : FF;
77CA : FF;
77CB : FF;
77CC : FF;
77CD : FF;
77CE : FF;
77CF : FF;
77D0 : FF;
77D1 : FF;
77D2 : FF;
77D3 : FF;
77D4 : FF;
77D5 : FF;
77D6 : FF;
77D7 : FF;
77D8 : FF;
77D9 : FF;
77DA : FF;
77DB : FF;
77DC : FF;
77DD : FF;
77DE : FF;
77DF : FF;
77E0 : FF;
77E1 : FF;
77E2 : FF;
77E3 : FF;
77E4 : FF;
77E5 : FF;
77E6 : FF;
77E7 : FF;
77E8 : FF;
77E9 : FF;
77EA : FF;
77EB : FF;
77EC : FF;
77ED : FF;
77EE : FF;
77EF : FF;
77F0 : FF;
77F1 : FF;
77F2 : FF;
77F3 : FF;
77F4 : FF;
77F5 : FF;
77F6 : FF;
77F7 : FF;
77F8 : FF;
77F9 : FF;
77FA : FF;
77FB : FF;
77FC : FF;
77FD : FF;
77FE : FF;
77FF : FF;
7800 : FF;
7801 : FF;
7802 : FF;
7803 : FF;
7804 : FF;
7805 : FF;
7806 : FF;
7807 : FF;
7808 : FF;
7809 : FF;
780A : FF;
780B : FF;
780C : FF;
780D : FF;
780E : FF;
780F : FF;
7810 : FF;
7811 : FF;
7812 : FF;
7813 : FF;
7814 : FF;
7815 : FF;
7816 : FF;
7817 : FF;
7818 : FF;
7819 : FF;
781A : FF;
781B : FF;
781C : FF;
781D : FF;
781E : FF;
781F : FF;
7820 : FF;
7821 : FF;
7822 : FF;
7823 : FF;
7824 : FF;
7825 : FF;
7826 : FF;
7827 : FF;
7828 : FF;
7829 : FF;
782A : FF;
782B : FF;
782C : FF;
782D : FF;
782E : FF;
782F : FF;
7830 : FF;
7831 : FF;
7832 : FF;
7833 : FF;
7834 : FF;
7835 : FF;
7836 : FF;
7837 : FF;
7838 : FF;
7839 : FF;
783A : FF;
783B : FF;
783C : FF;
783D : FF;
783E : FF;
783F : FF;
7840 : FF;
7841 : FF;
7842 : FF;
7843 : FF;
7844 : FF;
7845 : FF;
7846 : FF;
7847 : FF;
7848 : FF;
7849 : FF;
784A : FF;
784B : FF;
784C : FF;
784D : FF;
784E : FF;
784F : FF;
7850 : FF;
7851 : FF;
7852 : FF;
7853 : FF;
7854 : FF;
7855 : FF;
7856 : FF;
7857 : FF;
7858 : FF;
7859 : FF;
785A : FF;
785B : FF;
785C : FF;
785D : FF;
785E : FF;
785F : FF;
7860 : FF;
7861 : FF;
7862 : FF;
7863 : FF;
7864 : FF;
7865 : FF;
7866 : FF;
7867 : FF;
7868 : FF;
7869 : FF;
786A : FF;
786B : FF;
786C : FF;
786D : FF;
786E : FF;
786F : FF;
7870 : FF;
7871 : FF;
7872 : FF;
7873 : FF;
7874 : FF;
7875 : FF;
7876 : FF;
7877 : FF;
7878 : FF;
7879 : FF;
787A : FF;
787B : FF;
787C : FF;
787D : FF;
787E : FF;
787F : FF;
7880 : FF;
7881 : FF;
7882 : FF;
7883 : FF;
7884 : FF;
7885 : FF;
7886 : FF;
7887 : FF;
7888 : FF;
7889 : FF;
788A : FF;
788B : FF;
788C : FF;
788D : FF;
788E : FF;
788F : FF;
7890 : FF;
7891 : FF;
7892 : FF;
7893 : FF;
7894 : FF;
7895 : FF;
7896 : FF;
7897 : FF;
7898 : FF;
7899 : FF;
789A : FF;
789B : FF;
789C : FF;
789D : FF;
789E : FF;
789F : FF;
78A0 : FF;
78A1 : FF;
78A2 : FF;
78A3 : FF;
78A4 : FF;
78A5 : FF;
78A6 : FF;
78A7 : FF;
78A8 : FF;
78A9 : FF;
78AA : FF;
78AB : FF;
78AC : FF;
78AD : FF;
78AE : FF;
78AF : FF;
78B0 : FF;
78B1 : FF;
78B2 : FF;
78B3 : FF;
78B4 : FF;
78B5 : FF;
78B6 : FF;
78B7 : FF;
78B8 : FF;
78B9 : FF;
78BA : FF;
78BB : FF;
78BC : FF;
78BD : FF;
78BE : FF;
78BF : FF;
78C0 : FF;
78C1 : FF;
78C2 : FF;
78C3 : FF;
78C4 : FF;
78C5 : FF;
78C6 : FF;
78C7 : FF;
78C8 : FF;
78C9 : FF;
78CA : FF;
78CB : FF;
78CC : FF;
78CD : FF;
78CE : FF;
78CF : FF;
78D0 : FF;
78D1 : FF;
78D2 : FF;
78D3 : FF;
78D4 : FF;
78D5 : FF;
78D6 : FF;
78D7 : FF;
78D8 : FF;
78D9 : FF;
78DA : FF;
78DB : FF;
78DC : FF;
78DD : FF;
78DE : FF;
78DF : FF;
78E0 : FF;
78E1 : FF;
78E2 : FF;
78E3 : FF;
78E4 : FF;
78E5 : FF;
78E6 : FF;
78E7 : FF;
78E8 : FF;
78E9 : FF;
78EA : FF;
78EB : FF;
78EC : FF;
78ED : FF;
78EE : FF;
78EF : FF;
78F0 : FF;
78F1 : FF;
78F2 : FF;
78F3 : FF;
78F4 : FF;
78F5 : FF;
78F6 : FF;
78F7 : FF;
78F8 : FF;
78F9 : FF;
78FA : FF;
78FB : FF;
78FC : FF;
78FD : FF;
78FE : FF;
78FF : FF;
7900 : FF;
7901 : FF;
7902 : FF;
7903 : FF;
7904 : FF;
7905 : FF;
7906 : FF;
7907 : FF;
7908 : FF;
7909 : FF;
790A : FF;
790B : FF;
790C : FF;
790D : FF;
790E : FF;
790F : FF;
7910 : FF;
7911 : FF;
7912 : FF;
7913 : FF;
7914 : FF;
7915 : FF;
7916 : FF;
7917 : FF;
7918 : FF;
7919 : FF;
791A : FF;
791B : FF;
791C : FF;
791D : FF;
791E : FF;
791F : FF;
7920 : FF;
7921 : FF;
7922 : FF;
7923 : FF;
7924 : FF;
7925 : FF;
7926 : FF;
7927 : FF;
7928 : FF;
7929 : FF;
792A : FF;
792B : FF;
792C : FF;
792D : FF;
792E : FF;
792F : FF;
7930 : FF;
7931 : FF;
7932 : FF;
7933 : FF;
7934 : FF;
7935 : FF;
7936 : FF;
7937 : FF;
7938 : FF;
7939 : FF;
793A : FF;
793B : FF;
793C : FF;
793D : FF;
793E : FF;
793F : FF;
7940 : FF;
7941 : FF;
7942 : FF;
7943 : FF;
7944 : FF;
7945 : FF;
7946 : FF;
7947 : FF;
7948 : FF;
7949 : FF;
794A : FF;
794B : FF;
794C : FF;
794D : FF;
794E : FF;
794F : FF;
7950 : FF;
7951 : FF;
7952 : FF;
7953 : FF;
7954 : FF;
7955 : FF;
7956 : FF;
7957 : FF;
7958 : FF;
7959 : FF;
795A : FF;
795B : FF;
795C : FF;
795D : FF;
795E : FF;
795F : FF;
7960 : FF;
7961 : FF;
7962 : FF;
7963 : FF;
7964 : FF;
7965 : FF;
7966 : FF;
7967 : FF;
7968 : FF;
7969 : FF;
796A : FF;
796B : FF;
796C : FF;
796D : FF;
796E : FF;
796F : FF;
7970 : FF;
7971 : FF;
7972 : FF;
7973 : FF;
7974 : FF;
7975 : FF;
7976 : FF;
7977 : FF;
7978 : FF;
7979 : FF;
797A : FF;
797B : FF;
797C : FF;
797D : FF;
797E : FF;
797F : FF;
7980 : FF;
7981 : FF;
7982 : FF;
7983 : FF;
7984 : FF;
7985 : FF;
7986 : FF;
7987 : FF;
7988 : FF;
7989 : FF;
798A : FF;
798B : FF;
798C : FF;
798D : FF;
798E : FF;
798F : FF;
7990 : FF;
7991 : FF;
7992 : FF;
7993 : FF;
7994 : FF;
7995 : FF;
7996 : FF;
7997 : FF;
7998 : FF;
7999 : FF;
799A : FF;
799B : FF;
799C : FF;
799D : FF;
799E : FF;
799F : FF;
79A0 : FF;
79A1 : FF;
79A2 : FF;
79A3 : FF;
79A4 : FF;
79A5 : FF;
79A6 : FF;
79A7 : FF;
79A8 : FF;
79A9 : FF;
79AA : FF;
79AB : FF;
79AC : FF;
79AD : FF;
79AE : FF;
79AF : FF;
79B0 : FF;
79B1 : FF;
79B2 : FF;
79B3 : FF;
79B4 : FF;
79B5 : FF;
79B6 : FF;
79B7 : FF;
79B8 : FF;
79B9 : FF;
79BA : FF;
79BB : FF;
79BC : FF;
79BD : FF;
79BE : FF;
79BF : FF;
79C0 : FF;
79C1 : FF;
79C2 : FF;
79C3 : FF;
79C4 : FF;
79C5 : FF;
79C6 : FF;
79C7 : FF;
79C8 : FF;
79C9 : FF;
79CA : FF;
79CB : FF;
79CC : FF;
79CD : FF;
79CE : FF;
79CF : FF;
79D0 : FF;
79D1 : FF;
79D2 : FF;
79D3 : FF;
79D4 : FF;
79D5 : FF;
79D6 : FF;
79D7 : FF;
79D8 : FF;
79D9 : FF;
79DA : FF;
79DB : FF;
79DC : FF;
79DD : FF;
79DE : FF;
79DF : FF;
79E0 : FF;
79E1 : FF;
79E2 : FF;
79E3 : FF;
79E4 : FF;
79E5 : FF;
79E6 : FF;
79E7 : FF;
79E8 : FF;
79E9 : FF;
79EA : FF;
79EB : FF;
79EC : FF;
79ED : FF;
79EE : FF;
79EF : FF;
79F0 : FF;
79F1 : FF;
79F2 : FF;
79F3 : FF;
79F4 : FF;
79F5 : FF;
79F6 : FF;
79F7 : FF;
79F8 : FF;
79F9 : FF;
79FA : FF;
79FB : FF;
79FC : FF;
79FD : FF;
79FE : FF;
79FF : FF;
7A00 : FF;
7A01 : FF;
7A02 : FF;
7A03 : FF;
7A04 : FF;
7A05 : FF;
7A06 : FF;
7A07 : FF;
7A08 : FF;
7A09 : FF;
7A0A : FF;
7A0B : FF;
7A0C : FF;
7A0D : FF;
7A0E : FF;
7A0F : FF;
7A10 : FF;
7A11 : FF;
7A12 : FF;
7A13 : FF;
7A14 : FF;
7A15 : FF;
7A16 : FF;
7A17 : FF;
7A18 : FF;
7A19 : FF;
7A1A : FF;
7A1B : FF;
7A1C : FF;
7A1D : FF;
7A1E : FF;
7A1F : FF;
7A20 : FF;
7A21 : FF;
7A22 : FF;
7A23 : FF;
7A24 : FF;
7A25 : FF;
7A26 : FF;
7A27 : FF;
7A28 : FF;
7A29 : FF;
7A2A : FF;
7A2B : FF;
7A2C : FF;
7A2D : FF;
7A2E : FF;
7A2F : FF;
7A30 : FF;
7A31 : FF;
7A32 : FF;
7A33 : FF;
7A34 : FF;
7A35 : FF;
7A36 : FF;
7A37 : FF;
7A38 : FF;
7A39 : FF;
7A3A : FF;
7A3B : FF;
7A3C : FF;
7A3D : FF;
7A3E : FF;
7A3F : FF;
7A40 : FF;
7A41 : FF;
7A42 : FF;
7A43 : FF;
7A44 : FF;
7A45 : FF;
7A46 : FF;
7A47 : FF;
7A48 : FF;
7A49 : FF;
7A4A : FF;
7A4B : FF;
7A4C : FF;
7A4D : FF;
7A4E : FF;
7A4F : FF;
7A50 : FF;
7A51 : FF;
7A52 : FF;
7A53 : FF;
7A54 : FF;
7A55 : FF;
7A56 : FF;
7A57 : FF;
7A58 : FF;
7A59 : FF;
7A5A : FF;
7A5B : FF;
7A5C : FF;
7A5D : FF;
7A5E : FF;
7A5F : FF;
7A60 : FF;
7A61 : FF;
7A62 : FF;
7A63 : FF;
7A64 : FF;
7A65 : FF;
7A66 : FF;
7A67 : FF;
7A68 : FF;
7A69 : FF;
7A6A : FF;
7A6B : FF;
7A6C : FF;
7A6D : FF;
7A6E : FF;
7A6F : FF;
7A70 : FF;
7A71 : FF;
7A72 : FF;
7A73 : FF;
7A74 : FF;
7A75 : FF;
7A76 : FF;
7A77 : FF;
7A78 : FF;
7A79 : FF;
7A7A : FF;
7A7B : FF;
7A7C : FF;
7A7D : FF;
7A7E : FF;
7A7F : FF;
7A80 : FF;
7A81 : FF;
7A82 : FF;
7A83 : FF;
7A84 : FF;
7A85 : FF;
7A86 : FF;
7A87 : FF;
7A88 : FF;
7A89 : FF;
7A8A : FF;
7A8B : FF;
7A8C : FF;
7A8D : FF;
7A8E : FF;
7A8F : FF;
7A90 : FF;
7A91 : FF;
7A92 : FF;
7A93 : FF;
7A94 : FF;
7A95 : FF;
7A96 : FF;
7A97 : FF;
7A98 : FF;
7A99 : FF;
7A9A : FF;
7A9B : FF;
7A9C : FF;
7A9D : FF;
7A9E : FF;
7A9F : FF;
7AA0 : FF;
7AA1 : FF;
7AA2 : FF;
7AA3 : FF;
7AA4 : FF;
7AA5 : FF;
7AA6 : FF;
7AA7 : FF;
7AA8 : FF;
7AA9 : FF;
7AAA : FF;
7AAB : FF;
7AAC : FF;
7AAD : FF;
7AAE : FF;
7AAF : FF;
7AB0 : FF;
7AB1 : FF;
7AB2 : FF;
7AB3 : FF;
7AB4 : FF;
7AB5 : FF;
7AB6 : FF;
7AB7 : FF;
7AB8 : FF;
7AB9 : FF;
7ABA : FF;
7ABB : FF;
7ABC : FF;
7ABD : FF;
7ABE : FF;
7ABF : FF;
7AC0 : FF;
7AC1 : FF;
7AC2 : FF;
7AC3 : FF;
7AC4 : FF;
7AC5 : FF;
7AC6 : FF;
7AC7 : FF;
7AC8 : FF;
7AC9 : FF;
7ACA : FF;
7ACB : FF;
7ACC : FF;
7ACD : FF;
7ACE : FF;
7ACF : FF;
7AD0 : FF;
7AD1 : FF;
7AD2 : FF;
7AD3 : FF;
7AD4 : FF;
7AD5 : FF;
7AD6 : FF;
7AD7 : FF;
7AD8 : FF;
7AD9 : FF;
7ADA : FF;
7ADB : FF;
7ADC : FF;
7ADD : FF;
7ADE : FF;
7ADF : FF;
7AE0 : FF;
7AE1 : FF;
7AE2 : FF;
7AE3 : FF;
7AE4 : FF;
7AE5 : FF;
7AE6 : FF;
7AE7 : FF;
7AE8 : FF;
7AE9 : FF;
7AEA : FF;
7AEB : FF;
7AEC : FF;
7AED : FF;
7AEE : FF;
7AEF : FF;
7AF0 : FF;
7AF1 : FF;
7AF2 : FF;
7AF3 : FF;
7AF4 : FF;
7AF5 : FF;
7AF6 : FF;
7AF7 : FF;
7AF8 : FF;
7AF9 : FF;
7AFA : FF;
7AFB : FF;
7AFC : FF;
7AFD : FF;
7AFE : FF;
7AFF : FF;
7B00 : FF;
7B01 : FF;
7B02 : FF;
7B03 : FF;
7B04 : FF;
7B05 : FF;
7B06 : FF;
7B07 : FF;
7B08 : FF;
7B09 : FF;
7B0A : FF;
7B0B : FF;
7B0C : FF;
7B0D : FF;
7B0E : FF;
7B0F : FF;
7B10 : FF;
7B11 : FF;
7B12 : FF;
7B13 : FF;
7B14 : FF;
7B15 : FF;
7B16 : FF;
7B17 : FF;
7B18 : FF;
7B19 : FF;
7B1A : FF;
7B1B : FF;
7B1C : FF;
7B1D : FF;
7B1E : FF;
7B1F : FF;
7B20 : FF;
7B21 : FF;
7B22 : FF;
7B23 : FF;
7B24 : FF;
7B25 : FF;
7B26 : FF;
7B27 : FF;
7B28 : FF;
7B29 : FF;
7B2A : FF;
7B2B : FF;
7B2C : FF;
7B2D : FF;
7B2E : FF;
7B2F : FF;
7B30 : FF;
7B31 : FF;
7B32 : FF;
7B33 : FF;
7B34 : FF;
7B35 : FF;
7B36 : FF;
7B37 : FF;
7B38 : FF;
7B39 : FF;
7B3A : FF;
7B3B : FF;
7B3C : FF;
7B3D : FF;
7B3E : FF;
7B3F : FF;
7B40 : FF;
7B41 : FF;
7B42 : FF;
7B43 : FF;
7B44 : FF;
7B45 : FF;
7B46 : FF;
7B47 : FF;
7B48 : FF;
7B49 : FF;
7B4A : FF;
7B4B : FF;
7B4C : FF;
7B4D : FF;
7B4E : FF;
7B4F : FF;
7B50 : FF;
7B51 : FF;
7B52 : FF;
7B53 : FF;
7B54 : FF;
7B55 : FF;
7B56 : FF;
7B57 : FF;
7B58 : FF;
7B59 : FF;
7B5A : FF;
7B5B : FF;
7B5C : FF;
7B5D : FF;
7B5E : FF;
7B5F : FF;
7B60 : FF;
7B61 : FF;
7B62 : FF;
7B63 : FF;
7B64 : FF;
7B65 : FF;
7B66 : FF;
7B67 : FF;
7B68 : FF;
7B69 : FF;
7B6A : FF;
7B6B : FF;
7B6C : FF;
7B6D : FF;
7B6E : FF;
7B6F : FF;
7B70 : FF;
7B71 : FF;
7B72 : FF;
7B73 : FF;
7B74 : FF;
7B75 : FF;
7B76 : FF;
7B77 : FF;
7B78 : FF;
7B79 : FF;
7B7A : FF;
7B7B : FF;
7B7C : FF;
7B7D : FF;
7B7E : FF;
7B7F : FF;
7B80 : FF;
7B81 : FF;
7B82 : FF;
7B83 : FF;
7B84 : FF;
7B85 : FF;
7B86 : FF;
7B87 : FF;
7B88 : FF;
7B89 : FF;
7B8A : FF;
7B8B : FF;
7B8C : FF;
7B8D : FF;
7B8E : FF;
7B8F : FF;
7B90 : FF;
7B91 : FF;
7B92 : FF;
7B93 : FF;
7B94 : FF;
7B95 : FF;
7B96 : FF;
7B97 : FF;
7B98 : FF;
7B99 : FF;
7B9A : FF;
7B9B : FF;
7B9C : FF;
7B9D : FF;
7B9E : FF;
7B9F : FF;
7BA0 : FF;
7BA1 : FF;
7BA2 : FF;
7BA3 : FF;
7BA4 : FF;
7BA5 : FF;
7BA6 : FF;
7BA7 : FF;
7BA8 : FF;
7BA9 : FF;
7BAA : FF;
7BAB : FF;
7BAC : FF;
7BAD : FF;
7BAE : FF;
7BAF : FF;
7BB0 : FF;
7BB1 : FF;
7BB2 : FF;
7BB3 : FF;
7BB4 : FF;
7BB5 : FF;
7BB6 : FF;
7BB7 : FF;
7BB8 : FF;
7BB9 : FF;
7BBA : FF;
7BBB : FF;
7BBC : FF;
7BBD : FF;
7BBE : FF;
7BBF : FF;
7BC0 : FF;
7BC1 : FF;
7BC2 : FF;
7BC3 : FF;
7BC4 : FF;
7BC5 : FF;
7BC6 : FF;
7BC7 : FF;
7BC8 : FF;
7BC9 : FF;
7BCA : FF;
7BCB : FF;
7BCC : FF;
7BCD : FF;
7BCE : FF;
7BCF : FF;
7BD0 : FF;
7BD1 : FF;
7BD2 : FF;
7BD3 : FF;
7BD4 : FF;
7BD5 : FF;
7BD6 : FF;
7BD7 : FF;
7BD8 : FF;
7BD9 : FF;
7BDA : FF;
7BDB : FF;
7BDC : FF;
7BDD : FF;
7BDE : FF;
7BDF : FF;
7BE0 : FF;
7BE1 : FF;
7BE2 : FF;
7BE3 : FF;
7BE4 : FF;
7BE5 : FF;
7BE6 : FF;
7BE7 : FF;
7BE8 : FF;
7BE9 : FF;
7BEA : FF;
7BEB : FF;
7BEC : FF;
7BED : FF;
7BEE : FF;
7BEF : FF;
7BF0 : FF;
7BF1 : FF;
7BF2 : FF;
7BF3 : FF;
7BF4 : FF;
7BF5 : FF;
7BF6 : FF;
7BF7 : FF;
7BF8 : FF;
7BF9 : FF;
7BFA : FF;
7BFB : FF;
7BFC : FF;
7BFD : FF;
7BFE : FF;
7BFF : FF;
7C00 : FF;
7C01 : FF;
7C02 : FF;
7C03 : FF;
7C04 : FF;
7C05 : FF;
7C06 : FF;
7C07 : FF;
7C08 : FF;
7C09 : FF;
7C0A : FF;
7C0B : FF;
7C0C : FF;
7C0D : FF;
7C0E : FF;
7C0F : FF;
7C10 : FF;
7C11 : FF;
7C12 : FF;
7C13 : FF;
7C14 : FF;
7C15 : FF;
7C16 : FF;
7C17 : FF;
7C18 : FF;
7C19 : FF;
7C1A : FF;
7C1B : FF;
7C1C : FF;
7C1D : FF;
7C1E : FF;
7C1F : FF;
7C20 : FF;
7C21 : FF;
7C22 : FF;
7C23 : FF;
7C24 : FF;
7C25 : FF;
7C26 : FF;
7C27 : FF;
7C28 : FF;
7C29 : FF;
7C2A : FF;
7C2B : FF;
7C2C : FF;
7C2D : FF;
7C2E : FF;
7C2F : FF;
7C30 : FF;
7C31 : FF;
7C32 : FF;
7C33 : FF;
7C34 : FF;
7C35 : FF;
7C36 : FF;
7C37 : FF;
7C38 : FF;
7C39 : FF;
7C3A : FF;
7C3B : FF;
7C3C : FF;
7C3D : FF;
7C3E : FF;
7C3F : FF;
7C40 : FF;
7C41 : FF;
7C42 : FF;
7C43 : FF;
7C44 : FF;
7C45 : FF;
7C46 : FF;
7C47 : FF;
7C48 : FF;
7C49 : FF;
7C4A : FF;
7C4B : FF;
7C4C : FF;
7C4D : FF;
7C4E : FF;
7C4F : FF;
7C50 : FF;
7C51 : FF;
7C52 : FF;
7C53 : FF;
7C54 : FF;
7C55 : FF;
7C56 : FF;
7C57 : FF;
7C58 : FF;
7C59 : FF;
7C5A : FF;
7C5B : FF;
7C5C : FF;
7C5D : FF;
7C5E : FF;
7C5F : FF;
7C60 : FF;
7C61 : FF;
7C62 : FF;
7C63 : FF;
7C64 : FF;
7C65 : FF;
7C66 : FF;
7C67 : FF;
7C68 : FF;
7C69 : FF;
7C6A : FF;
7C6B : FF;
7C6C : FF;
7C6D : FF;
7C6E : FF;
7C6F : FF;
7C70 : FF;
7C71 : FF;
7C72 : FF;
7C73 : FF;
7C74 : FF;
7C75 : FF;
7C76 : FF;
7C77 : FF;
7C78 : FF;
7C79 : FF;
7C7A : FF;
7C7B : FF;
7C7C : FF;
7C7D : FF;
7C7E : FF;
7C7F : FF;
7C80 : FF;
7C81 : FF;
7C82 : FF;
7C83 : FF;
7C84 : FF;
7C85 : FF;
7C86 : FF;
7C87 : FF;
7C88 : FF;
7C89 : FF;
7C8A : FF;
7C8B : FF;
7C8C : FF;
7C8D : FF;
7C8E : FF;
7C8F : FF;
7C90 : FF;
7C91 : FF;
7C92 : FF;
7C93 : FF;
7C94 : FF;
7C95 : FF;
7C96 : FF;
7C97 : FF;
7C98 : FF;
7C99 : FF;
7C9A : FF;
7C9B : FF;
7C9C : FF;
7C9D : FF;
7C9E : FF;
7C9F : FF;
7CA0 : FF;
7CA1 : FF;
7CA2 : FF;
7CA3 : FF;
7CA4 : FF;
7CA5 : FF;
7CA6 : FF;
7CA7 : FF;
7CA8 : FF;
7CA9 : FF;
7CAA : FF;
7CAB : FF;
7CAC : FF;
7CAD : FF;
7CAE : FF;
7CAF : FF;
7CB0 : FF;
7CB1 : FF;
7CB2 : FF;
7CB3 : FF;
7CB4 : FF;
7CB5 : FF;
7CB6 : FF;
7CB7 : FF;
7CB8 : FF;
7CB9 : FF;
7CBA : FF;
7CBB : FF;
7CBC : FF;
7CBD : FF;
7CBE : FF;
7CBF : FF;
7CC0 : FF;
7CC1 : FF;
7CC2 : FF;
7CC3 : FF;
7CC4 : FF;
7CC5 : FF;
7CC6 : FF;
7CC7 : FF;
7CC8 : FF;
7CC9 : FF;
7CCA : FF;
7CCB : FF;
7CCC : FF;
7CCD : FF;
7CCE : FF;
7CCF : FF;
7CD0 : FF;
7CD1 : FF;
7CD2 : FF;
7CD3 : FF;
7CD4 : FF;
7CD5 : FF;
7CD6 : FF;
7CD7 : FF;
7CD8 : FF;
7CD9 : FF;
7CDA : FF;
7CDB : FF;
7CDC : FF;
7CDD : FF;
7CDE : FF;
7CDF : FF;
7CE0 : FF;
7CE1 : FF;
7CE2 : FF;
7CE3 : FF;
7CE4 : FF;
7CE5 : FF;
7CE6 : FF;
7CE7 : FF;
7CE8 : FF;
7CE9 : FF;
7CEA : FF;
7CEB : FF;
7CEC : FF;
7CED : FF;
7CEE : FF;
7CEF : FF;
7CF0 : FF;
7CF1 : FF;
7CF2 : FF;
7CF3 : FF;
7CF4 : FF;
7CF5 : FF;
7CF6 : FF;
7CF7 : FF;
7CF8 : FF;
7CF9 : FF;
7CFA : FF;
7CFB : FF;
7CFC : FF;
7CFD : FF;
7CFE : FF;
7CFF : FF;
7D00 : FF;
7D01 : FF;
7D02 : FF;
7D03 : FF;
7D04 : FF;
7D05 : FF;
7D06 : FF;
7D07 : FF;
7D08 : FF;
7D09 : FF;
7D0A : FF;
7D0B : FF;
7D0C : FF;
7D0D : FF;
7D0E : FF;
7D0F : FF;
7D10 : FF;
7D11 : FF;
7D12 : FF;
7D13 : FF;
7D14 : FF;
7D15 : FF;
7D16 : FF;
7D17 : FF;
7D18 : FF;
7D19 : FF;
7D1A : FF;
7D1B : FF;
7D1C : FF;
7D1D : FF;
7D1E : FF;
7D1F : FF;
7D20 : FF;
7D21 : FF;
7D22 : FF;
7D23 : FF;
7D24 : FF;
7D25 : FF;
7D26 : FF;
7D27 : FF;
7D28 : FF;
7D29 : FF;
7D2A : FF;
7D2B : FF;
7D2C : FF;
7D2D : FF;
7D2E : FF;
7D2F : FF;
7D30 : FF;
7D31 : FF;
7D32 : FF;
7D33 : FF;
7D34 : FF;
7D35 : FF;
7D36 : FF;
7D37 : FF;
7D38 : FF;
7D39 : FF;
7D3A : FF;
7D3B : FF;
7D3C : FF;
7D3D : FF;
7D3E : FF;
7D3F : FF;
7D40 : FF;
7D41 : FF;
7D42 : FF;
7D43 : FF;
7D44 : FF;
7D45 : FF;
7D46 : FF;
7D47 : FF;
7D48 : FF;
7D49 : FF;
7D4A : FF;
7D4B : FF;
7D4C : FF;
7D4D : FF;
7D4E : FF;
7D4F : FF;
7D50 : FF;
7D51 : FF;
7D52 : FF;
7D53 : FF;
7D54 : FF;
7D55 : FF;
7D56 : FF;
7D57 : FF;
7D58 : FF;
7D59 : FF;
7D5A : FF;
7D5B : FF;
7D5C : FF;
7D5D : FF;
7D5E : FF;
7D5F : FF;
7D60 : FF;
7D61 : FF;
7D62 : FF;
7D63 : FF;
7D64 : FF;
7D65 : FF;
7D66 : FF;
7D67 : FF;
7D68 : FF;
7D69 : FF;
7D6A : FF;
7D6B : FF;
7D6C : FF;
7D6D : FF;
7D6E : FF;
7D6F : FF;
7D70 : FF;
7D71 : FF;
7D72 : FF;
7D73 : FF;
7D74 : FF;
7D75 : FF;
7D76 : FF;
7D77 : FF;
7D78 : FF;
7D79 : FF;
7D7A : FF;
7D7B : FF;
7D7C : FF;
7D7D : FF;
7D7E : FF;
7D7F : FF;
7D80 : FF;
7D81 : FF;
7D82 : FF;
7D83 : FF;
7D84 : FF;
7D85 : FF;
7D86 : FF;
7D87 : FF;
7D88 : FF;
7D89 : FF;
7D8A : FF;
7D8B : FF;
7D8C : FF;
7D8D : FF;
7D8E : FF;
7D8F : FF;
7D90 : FF;
7D91 : FF;
7D92 : FF;
7D93 : FF;
7D94 : FF;
7D95 : FF;
7D96 : FF;
7D97 : FF;
7D98 : FF;
7D99 : FF;
7D9A : FF;
7D9B : FF;
7D9C : FF;
7D9D : FF;
7D9E : FF;
7D9F : FF;
7DA0 : FF;
7DA1 : FF;
7DA2 : FF;
7DA3 : FF;
7DA4 : FF;
7DA5 : FF;
7DA6 : FF;
7DA7 : FF;
7DA8 : FF;
7DA9 : FF;
7DAA : FF;
7DAB : FF;
7DAC : FF;
7DAD : FF;
7DAE : FF;
7DAF : FF;
7DB0 : FF;
7DB1 : FF;
7DB2 : FF;
7DB3 : FF;
7DB4 : FF;
7DB5 : FF;
7DB6 : FF;
7DB7 : FF;
7DB8 : FF;
7DB9 : FF;
7DBA : FF;
7DBB : FF;
7DBC : FF;
7DBD : FF;
7DBE : FF;
7DBF : FF;
7DC0 : FF;
7DC1 : FF;
7DC2 : FF;
7DC3 : FF;
7DC4 : FF;
7DC5 : FF;
7DC6 : FF;
7DC7 : FF;
7DC8 : FF;
7DC9 : FF;
7DCA : FF;
7DCB : FF;
7DCC : FF;
7DCD : FF;
7DCE : FF;
7DCF : FF;
7DD0 : FF;
7DD1 : FF;
7DD2 : FF;
7DD3 : FF;
7DD4 : FF;
7DD5 : FF;
7DD6 : FF;
7DD7 : FF;
7DD8 : FF;
7DD9 : FF;
7DDA : FF;
7DDB : FF;
7DDC : FF;
7DDD : FF;
7DDE : FF;
7DDF : FF;
7DE0 : FF;
7DE1 : FF;
7DE2 : FF;
7DE3 : FF;
7DE4 : FF;
7DE5 : FF;
7DE6 : FF;
7DE7 : FF;
7DE8 : FF;
7DE9 : FF;
7DEA : FF;
7DEB : FF;
7DEC : FF;
7DED : FF;
7DEE : FF;
7DEF : FF;
7DF0 : FF;
7DF1 : FF;
7DF2 : FF;
7DF3 : FF;
7DF4 : FF;
7DF5 : FF;
7DF6 : FF;
7DF7 : FF;
7DF8 : FF;
7DF9 : FF;
7DFA : FF;
7DFB : FF;
7DFC : FF;
7DFD : FF;
7DFE : FF;
7DFF : FF;
7E00 : FF;
7E01 : FF;
7E02 : FF;
7E03 : FF;
7E04 : FF;
7E05 : FF;
7E06 : FF;
7E07 : FF;
7E08 : FF;
7E09 : FF;
7E0A : FF;
7E0B : FF;
7E0C : FF;
7E0D : FF;
7E0E : FF;
7E0F : FF;
7E10 : FF;
7E11 : FF;
7E12 : FF;
7E13 : FF;
7E14 : FF;
7E15 : FF;
7E16 : FF;
7E17 : FF;
7E18 : FF;
7E19 : FF;
7E1A : FF;
7E1B : FF;
7E1C : FF;
7E1D : FF;
7E1E : FF;
7E1F : FF;
7E20 : FF;
7E21 : FF;
7E22 : FF;
7E23 : FF;
7E24 : FF;
7E25 : FF;
7E26 : FF;
7E27 : FF;
7E28 : FF;
7E29 : FF;
7E2A : FF;
7E2B : FF;
7E2C : FF;
7E2D : FF;
7E2E : FF;
7E2F : FF;
7E30 : FF;
7E31 : FF;
7E32 : FF;
7E33 : FF;
7E34 : FF;
7E35 : FF;
7E36 : FF;
7E37 : FF;
7E38 : FF;
7E39 : FF;
7E3A : FF;
7E3B : FF;
7E3C : FF;
7E3D : FF;
7E3E : FF;
7E3F : FF;
7E40 : FF;
7E41 : FF;
7E42 : FF;
7E43 : FF;
7E44 : FF;
7E45 : FF;
7E46 : FF;
7E47 : FF;
7E48 : FF;
7E49 : FF;
7E4A : FF;
7E4B : FF;
7E4C : FF;
7E4D : FF;
7E4E : FF;
7E4F : FF;
7E50 : FF;
7E51 : FF;
7E52 : FF;
7E53 : FF;
7E54 : FF;
7E55 : FF;
7E56 : FF;
7E57 : FF;
7E58 : FF;
7E59 : FF;
7E5A : FF;
7E5B : FF;
7E5C : FF;
7E5D : FF;
7E5E : FF;
7E5F : FF;
7E60 : FF;
7E61 : FF;
7E62 : FF;
7E63 : FF;
7E64 : FF;
7E65 : FF;
7E66 : FF;
7E67 : FF;
7E68 : FF;
7E69 : FF;
7E6A : FF;
7E6B : FF;
7E6C : FF;
7E6D : FF;
7E6E : FF;
7E6F : FF;
7E70 : FF;
7E71 : FF;
7E72 : FF;
7E73 : FF;
7E74 : FF;
7E75 : FF;
7E76 : FF;
7E77 : FF;
7E78 : FF;
7E79 : FF;
7E7A : FF;
7E7B : FF;
7E7C : FF;
7E7D : FF;
7E7E : FF;
7E7F : FF;
7E80 : FF;
7E81 : FF;
7E82 : FF;
7E83 : FF;
7E84 : FF;
7E85 : FF;
7E86 : FF;
7E87 : FF;
7E88 : FF;
7E89 : FF;
7E8A : FF;
7E8B : FF;
7E8C : FF;
7E8D : FF;
7E8E : FF;
7E8F : FF;
7E90 : FF;
7E91 : FF;
7E92 : FF;
7E93 : FF;
7E94 : FF;
7E95 : FF;
7E96 : FF;
7E97 : FF;
7E98 : FF;
7E99 : FF;
7E9A : FF;
7E9B : FF;
7E9C : FF;
7E9D : FF;
7E9E : FF;
7E9F : FF;
7EA0 : FF;
7EA1 : FF;
7EA2 : FF;
7EA3 : FF;
7EA4 : FF;
7EA5 : FF;
7EA6 : FF;
7EA7 : FF;
7EA8 : FF;
7EA9 : FF;
7EAA : FF;
7EAB : FF;
7EAC : FF;
7EAD : FF;
7EAE : FF;
7EAF : FF;
7EB0 : FF;
7EB1 : FF;
7EB2 : FF;
7EB3 : FF;
7EB4 : FF;
7EB5 : FF;
7EB6 : FF;
7EB7 : FF;
7EB8 : FF;
7EB9 : FF;
7EBA : FF;
7EBB : FF;
7EBC : FF;
7EBD : FF;
7EBE : FF;
7EBF : FF;
7EC0 : FF;
7EC1 : FF;
7EC2 : FF;
7EC3 : FF;
7EC4 : FF;
7EC5 : FF;
7EC6 : FF;
7EC7 : FF;
7EC8 : FF;
7EC9 : FF;
7ECA : FF;
7ECB : FF;
7ECC : FF;
7ECD : FF;
7ECE : FF;
7ECF : FF;
7ED0 : FF;
7ED1 : FF;
7ED2 : FF;
7ED3 : FF;
7ED4 : FF;
7ED5 : FF;
7ED6 : FF;
7ED7 : FF;
7ED8 : FF;
7ED9 : FF;
7EDA : FF;
7EDB : FF;
7EDC : FF;
7EDD : FF;
7EDE : FF;
7EDF : FF;
7EE0 : FF;
7EE1 : FF;
7EE2 : FF;
7EE3 : FF;
7EE4 : FF;
7EE5 : FF;
7EE6 : FF;
7EE7 : FF;
7EE8 : FF;
7EE9 : FF;
7EEA : FF;
7EEB : FF;
7EEC : FF;
7EED : FF;
7EEE : FF;
7EEF : FF;
7EF0 : FF;
7EF1 : FF;
7EF2 : FF;
7EF3 : FF;
7EF4 : FF;
7EF5 : FF;
7EF6 : FF;
7EF7 : FF;
7EF8 : FF;
7EF9 : FF;
7EFA : FF;
7EFB : FF;
7EFC : FF;
7EFD : FF;
7EFE : FF;
7EFF : FF;
7F00 : FF;
7F01 : FF;
7F02 : FF;
7F03 : FF;
7F04 : FF;
7F05 : FF;
7F06 : FF;
7F07 : FF;
7F08 : FF;
7F09 : FF;
7F0A : FF;
7F0B : FF;
7F0C : FF;
7F0D : FF;
7F0E : FF;
7F0F : FF;
7F10 : FF;
7F11 : FF;
7F12 : FF;
7F13 : FF;
7F14 : FF;
7F15 : FF;
7F16 : FF;
7F17 : FF;
7F18 : FF;
7F19 : FF;
7F1A : FF;
7F1B : FF;
7F1C : FF;
7F1D : FF;
7F1E : FF;
7F1F : FF;
7F20 : FF;
7F21 : FF;
7F22 : FF;
7F23 : FF;
7F24 : FF;
7F25 : FF;
7F26 : FF;
7F27 : FF;
7F28 : FF;
7F29 : FF;
7F2A : FF;
7F2B : FF;
7F2C : FF;
7F2D : FF;
7F2E : FF;
7F2F : FF;
7F30 : FF;
7F31 : FF;
7F32 : FF;
7F33 : FF;
7F34 : FF;
7F35 : FF;
7F36 : FF;
7F37 : FF;
7F38 : FF;
7F39 : FF;
7F3A : FF;
7F3B : FF;
7F3C : FF;
7F3D : FF;
7F3E : FF;
7F3F : FF;
7F40 : FF;
7F41 : FF;
7F42 : FF;
7F43 : FF;
7F44 : FF;
7F45 : FF;
7F46 : FF;
7F47 : FF;
7F48 : FF;
7F49 : FF;
7F4A : FF;
7F4B : FF;
7F4C : FF;
7F4D : FF;
7F4E : FF;
7F4F : FF;
7F50 : FF;
7F51 : FF;
7F52 : FF;
7F53 : FF;
7F54 : FF;
7F55 : FF;
7F56 : FF;
7F57 : FF;
7F58 : FF;
7F59 : FF;
7F5A : FF;
7F5B : FF;
7F5C : FF;
7F5D : FF;
7F5E : FF;
7F5F : FF;
7F60 : FF;
7F61 : FF;
7F62 : FF;
7F63 : FF;
7F64 : FF;
7F65 : FF;
7F66 : FF;
7F67 : FF;
7F68 : FF;
7F69 : FF;
7F6A : FF;
7F6B : FF;
7F6C : FF;
7F6D : FF;
7F6E : FF;
7F6F : FF;
7F70 : FF;
7F71 : FF;
7F72 : FF;
7F73 : FF;
7F74 : FF;
7F75 : FF;
7F76 : FF;
7F77 : FF;
7F78 : FF;
7F79 : FF;
7F7A : FF;
7F7B : FF;
7F7C : FF;
7F7D : FF;
7F7E : FF;
7F7F : FF;
7F80 : FF;
7F81 : FF;
7F82 : FF;
7F83 : FF;
7F84 : FF;
7F85 : FF;
7F86 : FF;
7F87 : FF;
7F88 : FF;
7F89 : FF;
7F8A : FF;
7F8B : FF;
7F8C : FF;
7F8D : FF;
7F8E : FF;
7F8F : FF;
7F90 : FF;
7F91 : FF;
7F92 : FF;
7F93 : FF;
7F94 : FF;
7F95 : FF;
7F96 : FF;
7F97 : FF;
7F98 : FF;
7F99 : FF;
7F9A : FF;
7F9B : FF;
7F9C : FF;
7F9D : FF;
7F9E : FF;
7F9F : FF;
7FA0 : FF;
7FA1 : FF;
7FA2 : FF;
7FA3 : FF;
7FA4 : FF;
7FA5 : FF;
7FA6 : FF;
7FA7 : FF;
7FA8 : FF;
7FA9 : FF;
7FAA : FF;
7FAB : FF;
7FAC : FF;
7FAD : FF;
7FAE : FF;
7FAF : FF;
7FB0 : FF;
7FB1 : FF;
7FB2 : FF;
7FB3 : FF;
7FB4 : FF;
7FB5 : FF;
7FB6 : FF;
7FB7 : FF;
7FB8 : FF;
7FB9 : FF;
7FBA : FF;
7FBB : FF;
7FBC : FF;
7FBD : FF;
7FBE : FF;
7FBF : FF;
7FC0 : FF;
7FC1 : FF;
7FC2 : FF;
7FC3 : FF;
7FC4 : FF;
7FC5 : FF;
7FC6 : FF;
7FC7 : FF;
7FC8 : FF;
7FC9 : FF;
7FCA : FF;
7FCB : FF;
7FCC : FF;
7FCD : FF;
7FCE : FF;
7FCF : FF;
7FD0 : FF;
7FD1 : FF;
7FD2 : FF;
7FD3 : FF;
7FD4 : FF;
7FD5 : FF;
7FD6 : FF;
7FD7 : FF;
7FD8 : FF;
7FD9 : FF;
7FDA : FF;
7FDB : FF;
7FDC : FF;
7FDD : FF;
7FDE : FF;
7FDF : FF;
7FE0 : FF;
7FE1 : FF;
7FE2 : FF;
7FE3 : FF;
7FE4 : FF;
7FE5 : FF;
7FE6 : FF;
7FE7 : FF;
7FE8 : FF;
7FE9 : FF;
7FEA : FF;
7FEB : FF;
7FEC : FF;
7FED : FF;
7FEE : FF;
7FEF : FF;
7FF0 : FF;
7FF1 : FF;
7FF2 : FF;
7FF3 : FF;
7FF4 : FF;
7FF5 : FF;
7FF6 : FF;
7FF7 : FF;
7FF8 : FF;
7FF9 : FF;
7FFA : FF;
7FFB : FF;
7FFC : FF;
7FFD : FF;
7FFE : FF;
7FFF : FF;
8000 : FF;
8001 : FF;
8002 : FF;
8003 : FF;
8004 : FF;
8005 : FF;
8006 : FF;
8007 : FF;
8008 : FF;
8009 : FF;
800A : FF;
800B : FF;
800C : FF;
800D : FF;
800E : FF;
800F : FF;
8010 : FF;
8011 : FF;
8012 : FF;
8013 : FF;
8014 : FF;
8015 : FF;
8016 : FF;
8017 : FF;
8018 : FF;
8019 : FF;
801A : FF;
801B : FF;
801C : FF;
801D : FF;
801E : FF;
801F : FF;
8020 : FF;
8021 : FF;
8022 : FF;
8023 : FF;
8024 : FF;
8025 : FF;
8026 : FF;
8027 : FF;
8028 : FF;
8029 : FF;
802A : FF;
802B : FF;
802C : FF;
802D : FF;
802E : FF;
802F : FF;
8030 : FF;
8031 : FF;
8032 : FF;
8033 : FF;
8034 : FF;
8035 : FF;
8036 : FF;
8037 : FF;
8038 : FF;
8039 : FF;
803A : FF;
803B : FF;
803C : FF;
803D : FF;
803E : FF;
803F : FF;
8040 : FF;
8041 : FF;
8042 : FF;
8043 : FF;
8044 : FF;
8045 : FF;
8046 : FF;
8047 : FF;
8048 : FF;
8049 : FF;
804A : FF;
804B : FF;
804C : FF;
804D : FF;
804E : FF;
804F : FF;
8050 : FF;
8051 : FF;
8052 : FF;
8053 : FF;
8054 : FF;
8055 : FF;
8056 : FF;
8057 : FF;
8058 : FF;
8059 : FF;
805A : FF;
805B : FF;
805C : FF;
805D : FF;
805E : FF;
805F : FF;
8060 : FF;
8061 : FF;
8062 : FF;
8063 : FF;
8064 : FF;
8065 : FF;
8066 : FF;
8067 : FF;
8068 : FF;
8069 : FF;
806A : FF;
806B : FF;
806C : FF;
806D : FF;
806E : FF;
806F : FF;
8070 : FF;
8071 : FF;
8072 : FF;
8073 : FF;
8074 : FF;
8075 : FF;
8076 : FF;
8077 : FF;
8078 : FF;
8079 : FF;
807A : FF;
807B : FF;
807C : FF;
807D : FF;
807E : FF;
807F : FF;
8080 : FF;
8081 : FF;
8082 : FF;
8083 : FF;
8084 : FF;
8085 : FF;
8086 : FF;
8087 : FF;
8088 : FF;
8089 : FF;
808A : FF;
808B : FF;
808C : FF;
808D : FF;
808E : FF;
808F : FF;
8090 : FF;
8091 : FF;
8092 : FF;
8093 : FF;
8094 : FF;
8095 : FF;
8096 : FF;
8097 : FF;
8098 : FF;
8099 : FF;
809A : FF;
809B : FF;
809C : FF;
809D : FF;
809E : FF;
809F : FF;
80A0 : FF;
80A1 : FF;
80A2 : FF;
80A3 : FF;
80A4 : FF;
80A5 : FF;
80A6 : FF;
80A7 : FF;
80A8 : FF;
80A9 : FF;
80AA : FF;
80AB : FF;
80AC : FF;
80AD : FF;
80AE : FF;
80AF : FF;
80B0 : FF;
80B1 : FF;
80B2 : FF;
80B3 : FF;
80B4 : FF;
80B5 : FF;
80B6 : FF;
80B7 : FF;
80B8 : FF;
80B9 : FF;
80BA : FF;
80BB : FF;
80BC : FF;
80BD : FF;
80BE : FF;
80BF : FF;
80C0 : FF;
80C1 : FF;
80C2 : FF;
80C3 : FF;
80C4 : FF;
80C5 : FF;
80C6 : FF;
80C7 : FF;
80C8 : FF;
80C9 : FF;
80CA : FF;
80CB : FF;
80CC : FF;
80CD : FF;
80CE : FF;
80CF : FF;
80D0 : FF;
80D1 : FF;
80D2 : FF;
80D3 : FF;
80D4 : FF;
80D5 : FF;
80D6 : FF;
80D7 : FF;
80D8 : FF;
80D9 : FF;
80DA : FF;
80DB : FF;
80DC : FF;
80DD : FF;
80DE : FF;
80DF : FF;
80E0 : FF;
80E1 : FF;
80E2 : FF;
80E3 : FF;
80E4 : FF;
80E5 : FF;
80E6 : FF;
80E7 : FF;
80E8 : FF;
80E9 : FF;
80EA : FF;
80EB : FF;
80EC : FF;
80ED : FF;
80EE : FF;
80EF : FF;
80F0 : FF;
80F1 : FF;
80F2 : FF;
80F3 : FF;
80F4 : FF;
80F5 : FF;
80F6 : FF;
80F7 : FF;
80F8 : FF;
80F9 : FF;
80FA : FF;
80FB : FF;
80FC : FF;
80FD : FF;
80FE : FF;
80FF : FF;
8100 : FF;
8101 : FF;
8102 : FF;
8103 : FF;
8104 : FF;
8105 : FF;
8106 : FF;
8107 : FF;
8108 : FF;
8109 : FF;
810A : FF;
810B : FF;
810C : FF;
810D : FF;
810E : FF;
810F : FF;
8110 : FF;
8111 : FF;
8112 : FF;
8113 : FF;
8114 : FF;
8115 : FF;
8116 : FF;
8117 : FF;
8118 : FF;
8119 : FF;
811A : FF;
811B : FF;
811C : FF;
811D : FF;
811E : FF;
811F : FF;
8120 : FF;
8121 : FF;
8122 : FF;
8123 : FF;
8124 : FF;
8125 : FF;
8126 : FF;
8127 : FF;
8128 : FF;
8129 : FF;
812A : FF;
812B : FF;
812C : FF;
812D : FF;
812E : FF;
812F : FF;
8130 : FF;
8131 : FF;
8132 : FF;
8133 : FF;
8134 : FF;
8135 : FF;
8136 : FF;
8137 : FF;
8138 : FF;
8139 : FF;
813A : FF;
813B : FF;
813C : FF;
813D : FF;
813E : FF;
813F : FF;
8140 : FF;
8141 : FF;
8142 : FF;
8143 : FF;
8144 : FF;
8145 : FF;
8146 : FF;
8147 : FF;
8148 : FF;
8149 : FF;
814A : FF;
814B : FF;
814C : FF;
814D : FF;
814E : FF;
814F : FF;
8150 : FF;
8151 : FF;
8152 : FF;
8153 : FF;
8154 : FF;
8155 : FF;
8156 : FF;
8157 : FF;
8158 : FF;
8159 : FF;
815A : FF;
815B : FF;
815C : FF;
815D : FF;
815E : FF;
815F : FF;
8160 : FF;
8161 : FF;
8162 : FF;
8163 : FF;
8164 : FF;
8165 : FF;
8166 : FF;
8167 : FF;
8168 : FF;
8169 : FF;
816A : FF;
816B : FF;
816C : FF;
816D : FF;
816E : FF;
816F : FF;
8170 : FF;
8171 : FF;
8172 : FF;
8173 : FF;
8174 : FF;
8175 : FF;
8176 : FF;
8177 : FF;
8178 : FF;
8179 : FF;
817A : FF;
817B : FF;
817C : FF;
817D : FF;
817E : FF;
817F : FF;
8180 : FF;
8181 : FF;
8182 : FF;
8183 : FF;
8184 : FF;
8185 : FF;
8186 : FF;
8187 : FF;
8188 : FF;
8189 : FF;
818A : FF;
818B : FF;
818C : FF;
818D : FF;
818E : FF;
818F : FF;
8190 : FF;
8191 : FF;
8192 : FF;
8193 : FF;
8194 : FF;
8195 : FF;
8196 : FF;
8197 : FF;
8198 : FF;
8199 : FF;
819A : FF;
819B : FF;
819C : FF;
819D : FF;
819E : FF;
819F : FF;
81A0 : FF;
81A1 : FF;
81A2 : FF;
81A3 : FF;
81A4 : FF;
81A5 : FF;
81A6 : FF;
81A7 : FF;
81A8 : FF;
81A9 : FF;
81AA : FF;
81AB : FF;
81AC : FF;
81AD : FF;
81AE : FF;
81AF : FF;
81B0 : FF;
81B1 : FF;
81B2 : FF;
81B3 : FF;
81B4 : FF;
81B5 : FF;
81B6 : FF;
81B7 : FF;
81B8 : FF;
81B9 : FF;
81BA : FF;
81BB : FF;
81BC : FF;
81BD : FF;
81BE : FF;
81BF : FF;
81C0 : FF;
81C1 : FF;
81C2 : FF;
81C3 : FF;
81C4 : FF;
81C5 : FF;
81C6 : FF;
81C7 : FF;
81C8 : FF;
81C9 : FF;
81CA : FF;
81CB : FF;
81CC : FF;
81CD : FF;
81CE : FF;
81CF : FF;
81D0 : FF;
81D1 : FF;
81D2 : FF;
81D3 : FF;
81D4 : FF;
81D5 : FF;
81D6 : FF;
81D7 : FF;
81D8 : FF;
81D9 : FF;
81DA : FF;
81DB : FF;
81DC : FF;
81DD : FF;
81DE : FF;
81DF : FF;
81E0 : FF;
81E1 : FF;
81E2 : FF;
81E3 : FF;
81E4 : FF;
81E5 : FF;
81E6 : FF;
81E7 : FF;
81E8 : FF;
81E9 : FF;
81EA : FF;
81EB : FF;
81EC : FF;
81ED : FF;
81EE : FF;
81EF : FF;
81F0 : FF;
81F1 : FF;
81F2 : FF;
81F3 : FF;
81F4 : FF;
81F5 : FF;
81F6 : FF;
81F7 : FF;
81F8 : FF;
81F9 : FF;
81FA : FF;
81FB : FF;
81FC : FF;
81FD : FF;
81FE : FF;
81FF : FF;
8200 : FF;
8201 : FF;
8202 : FF;
8203 : FF;
8204 : FF;
8205 : FF;
8206 : FF;
8207 : FF;
8208 : FF;
8209 : FF;
820A : FF;
820B : FF;
820C : FF;
820D : FF;
820E : FF;
820F : FF;
8210 : FF;
8211 : FF;
8212 : FF;
8213 : FF;
8214 : FF;
8215 : FF;
8216 : FF;
8217 : FF;
8218 : FF;
8219 : FF;
821A : FF;
821B : FF;
821C : FF;
821D : FF;
821E : FF;
821F : FF;
8220 : FF;
8221 : FF;
8222 : FF;
8223 : FF;
8224 : FF;
8225 : FF;
8226 : FF;
8227 : FF;
8228 : FF;
8229 : FF;
822A : FF;
822B : FF;
822C : FF;
822D : FF;
822E : FF;
822F : FF;
8230 : FF;
8231 : FF;
8232 : FF;
8233 : FF;
8234 : FF;
8235 : FF;
8236 : FF;
8237 : FF;
8238 : FF;
8239 : FF;
823A : FF;
823B : FF;
823C : FF;
823D : FF;
823E : FF;
823F : FF;
8240 : FF;
8241 : FF;
8242 : FF;
8243 : FF;
8244 : FF;
8245 : FF;
8246 : FF;
8247 : FF;
8248 : FF;
8249 : FF;
824A : FF;
824B : FF;
824C : FF;
824D : FF;
824E : FF;
824F : FF;
8250 : FF;
8251 : FF;
8252 : FF;
8253 : FF;
8254 : FF;
8255 : FF;
8256 : FF;
8257 : FF;
8258 : FF;
8259 : FF;
825A : FF;
825B : FF;
825C : FF;
825D : FF;
825E : FF;
825F : FF;
8260 : FF;
8261 : FF;
8262 : FF;
8263 : FF;
8264 : FF;
8265 : FF;
8266 : FF;
8267 : FF;
8268 : FF;
8269 : FF;
826A : FF;
826B : FF;
826C : FF;
826D : FF;
826E : FF;
826F : FF;
8270 : FF;
8271 : FF;
8272 : FF;
8273 : FF;
8274 : FF;
8275 : FF;
8276 : FF;
8277 : FF;
8278 : FF;
8279 : FF;
827A : FF;
827B : FF;
827C : FF;
827D : FF;
827E : FF;
827F : FF;
8280 : FF;
8281 : FF;
8282 : FF;
8283 : FF;
8284 : FF;
8285 : FF;
8286 : FF;
8287 : FF;
8288 : FF;
8289 : FF;
828A : FF;
828B : FF;
828C : FF;
828D : FF;
828E : FF;
828F : FF;
8290 : FF;
8291 : FF;
8292 : FF;
8293 : FF;
8294 : FF;
8295 : FF;
8296 : FF;
8297 : FF;
8298 : FF;
8299 : FF;
829A : FF;
829B : FF;
829C : FF;
829D : FF;
829E : FF;
829F : FF;
82A0 : FF;
82A1 : FF;
82A2 : FF;
82A3 : FF;
82A4 : FF;
82A5 : FF;
82A6 : FF;
82A7 : FF;
82A8 : FF;
82A9 : FF;
82AA : FF;
82AB : FF;
82AC : FF;
82AD : FF;
82AE : FF;
82AF : FF;
82B0 : FF;
82B1 : FF;
82B2 : FF;
82B3 : FF;
82B4 : FF;
82B5 : FF;
82B6 : FF;
82B7 : FF;
82B8 : FF;
82B9 : FF;
82BA : FF;
82BB : FF;
82BC : FF;
82BD : FF;
82BE : FF;
82BF : FF;
82C0 : FF;
82C1 : FF;
82C2 : FF;
82C3 : FF;
82C4 : FF;
82C5 : FF;
82C6 : FF;
82C7 : FF;
82C8 : FF;
82C9 : FF;
82CA : FF;
82CB : FF;
82CC : FF;
82CD : FF;
82CE : FF;
82CF : FF;
82D0 : FF;
82D1 : FF;
82D2 : FF;
82D3 : FF;
82D4 : FF;
82D5 : FF;
82D6 : FF;
82D7 : FF;
82D8 : FF;
82D9 : FF;
82DA : FF;
82DB : FF;
82DC : FF;
82DD : FF;
82DE : FF;
82DF : FF;
82E0 : FF;
82E1 : FF;
82E2 : FF;
82E3 : FF;
82E4 : FF;
82E5 : FF;
82E6 : FF;
82E7 : FF;
82E8 : FF;
82E9 : FF;
82EA : FF;
82EB : FF;
82EC : FF;
82ED : FF;
82EE : FF;
82EF : FF;
82F0 : FF;
82F1 : FF;
82F2 : FF;
82F3 : FF;
82F4 : FF;
82F5 : FF;
82F6 : FF;
82F7 : FF;
82F8 : FF;
82F9 : FF;
82FA : FF;
82FB : FF;
82FC : FF;
82FD : FF;
82FE : FF;
82FF : FF;
8300 : FF;
8301 : FF;
8302 : FF;
8303 : FF;
8304 : FF;
8305 : FF;
8306 : FF;
8307 : FF;
8308 : FF;
8309 : FF;
830A : FF;
830B : FF;
830C : FF;
830D : FF;
830E : FF;
830F : FF;
8310 : FF;
8311 : FF;
8312 : FF;
8313 : FF;
8314 : FF;
8315 : FF;
8316 : FF;
8317 : FF;
8318 : FF;
8319 : FF;
831A : FF;
831B : FF;
831C : FF;
831D : FF;
831E : FF;
831F : FF;
8320 : FF;
8321 : FF;
8322 : FF;
8323 : FF;
8324 : FF;
8325 : FF;
8326 : FF;
8327 : FF;
8328 : FF;
8329 : FF;
832A : FF;
832B : FF;
832C : FF;
832D : FF;
832E : FF;
832F : FF;
8330 : FF;
8331 : FF;
8332 : FF;
8333 : FF;
8334 : FF;
8335 : FF;
8336 : FF;
8337 : FF;
8338 : FF;
8339 : FF;
833A : FF;
833B : FF;
833C : FF;
833D : FF;
833E : FF;
833F : FF;
8340 : FF;
8341 : FF;
8342 : FF;
8343 : FF;
8344 : FF;
8345 : FF;
8346 : FF;
8347 : FF;
8348 : FF;
8349 : FF;
834A : FF;
834B : FF;
834C : FF;
834D : FF;
834E : FF;
834F : FF;
8350 : FF;
8351 : FF;
8352 : FF;
8353 : FF;
8354 : FF;
8355 : FF;
8356 : FF;
8357 : FF;
8358 : FF;
8359 : FF;
835A : FF;
835B : FF;
835C : FF;
835D : FF;
835E : FF;
835F : FF;
8360 : FF;
8361 : FF;
8362 : FF;
8363 : FF;
8364 : FF;
8365 : FF;
8366 : FF;
8367 : FF;
8368 : FF;
8369 : FF;
836A : FF;
836B : FF;
836C : FF;
836D : FF;
836E : FF;
836F : FF;
8370 : FF;
8371 : FF;
8372 : FF;
8373 : FF;
8374 : FF;
8375 : FF;
8376 : FF;
8377 : FF;
8378 : FF;
8379 : FF;
837A : FF;
837B : FF;
837C : FF;
837D : FF;
837E : FF;
837F : FF;
8380 : FF;
8381 : FF;
8382 : FF;
8383 : FF;
8384 : FF;
8385 : FF;
8386 : FF;
8387 : FF;
8388 : FF;
8389 : FF;
838A : FF;
838B : FF;
838C : FF;
838D : FF;
838E : FF;
838F : FF;
8390 : FF;
8391 : FF;
8392 : FF;
8393 : FF;
8394 : FF;
8395 : FF;
8396 : FF;
8397 : FF;
8398 : FF;
8399 : FF;
839A : FF;
839B : FF;
839C : FF;
839D : FF;
839E : FF;
839F : FF;
83A0 : FF;
83A1 : FF;
83A2 : FF;
83A3 : FF;
83A4 : FF;
83A5 : FF;
83A6 : FF;
83A7 : FF;
83A8 : FF;
83A9 : FF;
83AA : FF;
83AB : FF;
83AC : FF;
83AD : FF;
83AE : FF;
83AF : FF;
83B0 : FF;
83B1 : FF;
83B2 : FF;
83B3 : FF;
83B4 : FF;
83B5 : FF;
83B6 : FF;
83B7 : FF;
83B8 : FF;
83B9 : FF;
83BA : FF;
83BB : FF;
83BC : FF;
83BD : FF;
83BE : FF;
83BF : FF;
83C0 : FF;
83C1 : FF;
83C2 : FF;
83C3 : FF;
83C4 : FF;
83C5 : FF;
83C6 : FF;
83C7 : FF;
83C8 : FF;
83C9 : FF;
83CA : FF;
83CB : FF;
83CC : FF;
83CD : FF;
83CE : FF;
83CF : FF;
83D0 : FF;
83D1 : FF;
83D2 : FF;
83D3 : FF;
83D4 : FF;
83D5 : FF;
83D6 : FF;
83D7 : FF;
83D8 : FF;
83D9 : FF;
83DA : FF;
83DB : FF;
83DC : FF;
83DD : FF;
83DE : FF;
83DF : FF;
83E0 : FF;
83E1 : FF;
83E2 : FF;
83E3 : FF;
83E4 : FF;
83E5 : FF;
83E6 : FF;
83E7 : FF;
83E8 : FF;
83E9 : FF;
83EA : FF;
83EB : FF;
83EC : FF;
83ED : FF;
83EE : FF;
83EF : FF;
83F0 : FF;
83F1 : FF;
83F2 : FF;
83F3 : FF;
83F4 : FF;
83F5 : FF;
83F6 : FF;
83F7 : FF;
83F8 : FF;
83F9 : FF;
83FA : FF;
83FB : FF;
83FC : FF;
83FD : FF;
83FE : FF;
83FF : FF;
8400 : FF;
8401 : FF;
8402 : FF;
8403 : FF;
8404 : FF;
8405 : FF;
8406 : FF;
8407 : FF;
8408 : FF;
8409 : FF;
840A : FF;
840B : FF;
840C : FF;
840D : FF;
840E : FF;
840F : FF;
8410 : FF;
8411 : FF;
8412 : FF;
8413 : FF;
8414 : FF;
8415 : FF;
8416 : FF;
8417 : FF;
8418 : FF;
8419 : FF;
841A : FF;
841B : FF;
841C : FF;
841D : FF;
841E : FF;
841F : FF;
8420 : FF;
8421 : FF;
8422 : FF;
8423 : FF;
8424 : FF;
8425 : FF;
8426 : FF;
8427 : FF;
8428 : FF;
8429 : FF;
842A : FF;
842B : FF;
842C : FF;
842D : FF;
842E : FF;
842F : FF;
8430 : FF;
8431 : FF;
8432 : FF;
8433 : FF;
8434 : FF;
8435 : FF;
8436 : FF;
8437 : FF;
8438 : FF;
8439 : FF;
843A : FF;
843B : FF;
843C : FF;
843D : FF;
843E : FF;
843F : FF;
8440 : FF;
8441 : FF;
8442 : FF;
8443 : FF;
8444 : FF;
8445 : FF;
8446 : FF;
8447 : FF;
8448 : FF;
8449 : FF;
844A : FF;
844B : FF;
844C : FF;
844D : FF;
844E : FF;
844F : FF;
8450 : FF;
8451 : FF;
8452 : FF;
8453 : FF;
8454 : FF;
8455 : FF;
8456 : FF;
8457 : FF;
8458 : FF;
8459 : FF;
845A : FF;
845B : FF;
845C : FF;
845D : FF;
845E : FF;
845F : FF;
8460 : FF;
8461 : FF;
8462 : FF;
8463 : FF;
8464 : FF;
8465 : FF;
8466 : FF;
8467 : FF;
8468 : FF;
8469 : FF;
846A : FF;
846B : FF;
846C : FF;
846D : FF;
846E : FF;
846F : FF;
8470 : FF;
8471 : FF;
8472 : FF;
8473 : FF;
8474 : FF;
8475 : FF;
8476 : FF;
8477 : FF;
8478 : FF;
8479 : FF;
847A : FF;
847B : FF;
847C : FF;
847D : FF;
847E : FF;
847F : FF;
8480 : FF;
8481 : FF;
8482 : FF;
8483 : FF;
8484 : FF;
8485 : FF;
8486 : FF;
8487 : FF;
8488 : FF;
8489 : FF;
848A : FF;
848B : FF;
848C : FF;
848D : FF;
848E : FF;
848F : FF;
8490 : FF;
8491 : FF;
8492 : FF;
8493 : FF;
8494 : FF;
8495 : FF;
8496 : FF;
8497 : FF;
8498 : FF;
8499 : FF;
849A : FF;
849B : FF;
849C : FF;
849D : FF;
849E : FF;
849F : FF;
84A0 : FF;
84A1 : FF;
84A2 : FF;
84A3 : FF;
84A4 : FF;
84A5 : FF;
84A6 : FF;
84A7 : FF;
84A8 : FF;
84A9 : FF;
84AA : FF;
84AB : FF;
84AC : FF;
84AD : FF;
84AE : FF;
84AF : FF;
84B0 : FF;
84B1 : FF;
84B2 : FF;
84B3 : FF;
84B4 : FF;
84B5 : FF;
84B6 : FF;
84B7 : FF;
84B8 : FF;
84B9 : FF;
84BA : FF;
84BB : FF;
84BC : FF;
84BD : FF;
84BE : FF;
84BF : FF;
84C0 : FF;
84C1 : FF;
84C2 : FF;
84C3 : FF;
84C4 : FF;
84C5 : FF;
84C6 : FF;
84C7 : FF;
84C8 : FF;
84C9 : FF;
84CA : FF;
84CB : FF;
84CC : FF;
84CD : FF;
84CE : FF;
84CF : FF;
84D0 : FF;
84D1 : FF;
84D2 : FF;
84D3 : FF;
84D4 : FF;
84D5 : FF;
84D6 : FF;
84D7 : FF;
84D8 : FF;
84D9 : FF;
84DA : FF;
84DB : FF;
84DC : FF;
84DD : FF;
84DE : FF;
84DF : FF;
84E0 : FF;
84E1 : FF;
84E2 : FF;
84E3 : FF;
84E4 : FF;
84E5 : FF;
84E6 : FF;
84E7 : FF;
84E8 : FF;
84E9 : FF;
84EA : FF;
84EB : FF;
84EC : FF;
84ED : FF;
84EE : FF;
84EF : FF;
84F0 : FF;
84F1 : FF;
84F2 : FF;
84F3 : FF;
84F4 : FF;
84F5 : FF;
84F6 : FF;
84F7 : FF;
84F8 : FF;
84F9 : FF;
84FA : FF;
84FB : FF;
84FC : FF;
84FD : FF;
84FE : FF;
84FF : FF;
8500 : FF;
8501 : FF;
8502 : FF;
8503 : FF;
8504 : FF;
8505 : FF;
8506 : FF;
8507 : FF;
8508 : FF;
8509 : FF;
850A : FF;
850B : FF;
850C : FF;
850D : FF;
850E : FF;
850F : FF;
8510 : FF;
8511 : FF;
8512 : FF;
8513 : FF;
8514 : FF;
8515 : FF;
8516 : FF;
8517 : FF;
8518 : FF;
8519 : FF;
851A : FF;
851B : FF;
851C : FF;
851D : FF;
851E : FF;
851F : FF;
8520 : FF;
8521 : FF;
8522 : FF;
8523 : FF;
8524 : FF;
8525 : FF;
8526 : FF;
8527 : FF;
8528 : FF;
8529 : FF;
852A : FF;
852B : FF;
852C : FF;
852D : FF;
852E : FF;
852F : FF;
8530 : FF;
8531 : FF;
8532 : FF;
8533 : FF;
8534 : FF;
8535 : FF;
8536 : FF;
8537 : FF;
8538 : FF;
8539 : FF;
853A : FF;
853B : FF;
853C : FF;
853D : FF;
853E : FF;
853F : FF;
8540 : FF;
8541 : FF;
8542 : FF;
8543 : FF;
8544 : FF;
8545 : FF;
8546 : FF;
8547 : FF;
8548 : FF;
8549 : FF;
854A : FF;
854B : FF;
854C : FF;
854D : FF;
854E : FF;
854F : FF;
8550 : FF;
8551 : FF;
8552 : FF;
8553 : FF;
8554 : FF;
8555 : FF;
8556 : FF;
8557 : FF;
8558 : FF;
8559 : FF;
855A : FF;
855B : FF;
855C : FF;
855D : FF;
855E : FF;
855F : FF;
8560 : FF;
8561 : FF;
8562 : FF;
8563 : FF;
8564 : FF;
8565 : FF;
8566 : FF;
8567 : FF;
8568 : FF;
8569 : FF;
856A : FF;
856B : FF;
856C : FF;
856D : FF;
856E : FF;
856F : FF;
8570 : FF;
8571 : FF;
8572 : FF;
8573 : FF;
8574 : FF;
8575 : FF;
8576 : FF;
8577 : FF;
8578 : FF;
8579 : FF;
857A : FF;
857B : FF;
857C : FF;
857D : FF;
857E : FF;
857F : FF;
8580 : FF;
8581 : FF;
8582 : FF;
8583 : FF;
8584 : FF;
8585 : FF;
8586 : FF;
8587 : FF;
8588 : FF;
8589 : FF;
858A : FF;
858B : FF;
858C : FF;
858D : FF;
858E : FF;
858F : FF;
8590 : FF;
8591 : FF;
8592 : FF;
8593 : FF;
8594 : FF;
8595 : FF;
8596 : FF;
8597 : FF;
8598 : FF;
8599 : FF;
859A : FF;
859B : FF;
859C : FF;
859D : FF;
859E : FF;
859F : FF;
85A0 : FF;
85A1 : FF;
85A2 : FF;
85A3 : FF;
85A4 : FF;
85A5 : FF;
85A6 : FF;
85A7 : FF;
85A8 : FF;
85A9 : FF;
85AA : FF;
85AB : FF;
85AC : FF;
85AD : FF;
85AE : FF;
85AF : FF;
85B0 : FF;
85B1 : FF;
85B2 : FF;
85B3 : FF;
85B4 : FF;
85B5 : FF;
85B6 : FF;
85B7 : FF;
85B8 : FF;
85B9 : FF;
85BA : FF;
85BB : FF;
85BC : FF;
85BD : FF;
85BE : FF;
85BF : FF;
85C0 : FF;
85C1 : FF;
85C2 : FF;
85C3 : FF;
85C4 : FF;
85C5 : FF;
85C6 : FF;
85C7 : FF;
85C8 : FF;
85C9 : FF;
85CA : FF;
85CB : FF;
85CC : FF;
85CD : FF;
85CE : FF;
85CF : FF;
85D0 : FF;
85D1 : FF;
85D2 : FF;
85D3 : FF;
85D4 : FF;
85D5 : FF;
85D6 : FF;
85D7 : FF;
85D8 : FF;
85D9 : FF;
85DA : FF;
85DB : FF;
85DC : FF;
85DD : FF;
85DE : FF;
85DF : FF;
85E0 : FF;
85E1 : FF;
85E2 : FF;
85E3 : FF;
85E4 : FF;
85E5 : FF;
85E6 : FF;
85E7 : FF;
85E8 : FF;
85E9 : FF;
85EA : FF;
85EB : FF;
85EC : FF;
85ED : FF;
85EE : FF;
85EF : FF;
85F0 : FF;
85F1 : FF;
85F2 : FF;
85F3 : FF;
85F4 : FF;
85F5 : FF;
85F6 : FF;
85F7 : FF;
85F8 : FF;
85F9 : FF;
85FA : FF;
85FB : FF;
85FC : FF;
85FD : FF;
85FE : FF;
85FF : FF;
8600 : FF;
8601 : FF;
8602 : FF;
8603 : FF;
8604 : FF;
8605 : FF;
8606 : FF;
8607 : FF;
8608 : FF;
8609 : FF;
860A : FF;
860B : FF;
860C : FF;
860D : FF;
860E : FF;
860F : FF;
8610 : FF;
8611 : FF;
8612 : FF;
8613 : FF;
8614 : FF;
8615 : FF;
8616 : FF;
8617 : FF;
8618 : FF;
8619 : FF;
861A : FF;
861B : FF;
861C : FF;
861D : FF;
861E : FF;
861F : FF;
8620 : FF;
8621 : FF;
8622 : FF;
8623 : FF;
8624 : FF;
8625 : FF;
8626 : FF;
8627 : FF;
8628 : FF;
8629 : FF;
862A : FF;
862B : FF;
862C : FF;
862D : FF;
862E : FF;
862F : FF;
8630 : FF;
8631 : FF;
8632 : FF;
8633 : FF;
8634 : FF;
8635 : FF;
8636 : FF;
8637 : FF;
8638 : FF;
8639 : FF;
863A : FF;
863B : FF;
863C : FF;
863D : FF;
863E : FF;
863F : FF;
8640 : FF;
8641 : FF;
8642 : FF;
8643 : FF;
8644 : FF;
8645 : FF;
8646 : FF;
8647 : FF;
8648 : FF;
8649 : FF;
864A : FF;
864B : FF;
864C : FF;
864D : FF;
864E : FF;
864F : FF;
8650 : FF;
8651 : FF;
8652 : FF;
8653 : FF;
8654 : FF;
8655 : FF;
8656 : FF;
8657 : FF;
8658 : FF;
8659 : FF;
865A : FF;
865B : FF;
865C : FF;
865D : FF;
865E : FF;
865F : FF;
8660 : FF;
8661 : FF;
8662 : FF;
8663 : FF;
8664 : FF;
8665 : FF;
8666 : FF;
8667 : FF;
8668 : FF;
8669 : FF;
866A : FF;
866B : FF;
866C : FF;
866D : FF;
866E : FF;
866F : FF;
8670 : FF;
8671 : FF;
8672 : FF;
8673 : FF;
8674 : FF;
8675 : FF;
8676 : FF;
8677 : FF;
8678 : FF;
8679 : FF;
867A : FF;
867B : FF;
867C : FF;
867D : FF;
867E : FF;
867F : FF;
8680 : FF;
8681 : FF;
8682 : FF;
8683 : FF;
8684 : FF;
8685 : FF;
8686 : FF;
8687 : FF;
8688 : FF;
8689 : FF;
868A : FF;
868B : FF;
868C : FF;
868D : FF;
868E : FF;
868F : FF;
8690 : FF;
8691 : FF;
8692 : FF;
8693 : FF;
8694 : FF;
8695 : FF;
8696 : FF;
8697 : FF;
8698 : FF;
8699 : FF;
869A : FF;
869B : FF;
869C : FF;
869D : FF;
869E : FF;
869F : FF;
86A0 : FF;
86A1 : FF;
86A2 : FF;
86A3 : FF;
86A4 : FF;
86A5 : FF;
86A6 : FF;
86A7 : FF;
86A8 : FF;
86A9 : FF;
86AA : FF;
86AB : FF;
86AC : FF;
86AD : FF;
86AE : FF;
86AF : FF;
86B0 : FF;
86B1 : FF;
86B2 : FF;
86B3 : FF;
86B4 : FF;
86B5 : FF;
86B6 : FF;
86B7 : FF;
86B8 : FF;
86B9 : FF;
86BA : FF;
86BB : FF;
86BC : FF;
86BD : FF;
86BE : FF;
86BF : FF;
86C0 : FF;
86C1 : FF;
86C2 : FF;
86C3 : FF;
86C4 : FF;
86C5 : FF;
86C6 : FF;
86C7 : FF;
86C8 : FF;
86C9 : FF;
86CA : FF;
86CB : FF;
86CC : FF;
86CD : FF;
86CE : FF;
86CF : FF;
86D0 : FF;
86D1 : FF;
86D2 : FF;
86D3 : FF;
86D4 : FF;
86D5 : FF;
86D6 : FF;
86D7 : FF;
86D8 : FF;
86D9 : FF;
86DA : FF;
86DB : FF;
86DC : FF;
86DD : FF;
86DE : FF;
86DF : FF;
86E0 : FF;
86E1 : FF;
86E2 : FF;
86E3 : FF;
86E4 : FF;
86E5 : FF;
86E6 : FF;
86E7 : FF;
86E8 : FF;
86E9 : FF;
86EA : FF;
86EB : FF;
86EC : FF;
86ED : FF;
86EE : FF;
86EF : FF;
86F0 : FF;
86F1 : FF;
86F2 : FF;
86F3 : FF;
86F4 : FF;
86F5 : FF;
86F6 : FF;
86F7 : FF;
86F8 : FF;
86F9 : FF;
86FA : FF;
86FB : FF;
86FC : FF;
86FD : FF;
86FE : FF;
86FF : FF;
8700 : FF;
8701 : FF;
8702 : FF;
8703 : FF;
8704 : FF;
8705 : FF;
8706 : FF;
8707 : FF;
8708 : FF;
8709 : FF;
870A : FF;
870B : FF;
870C : FF;
870D : FF;
870E : FF;
870F : FF;
8710 : FF;
8711 : FF;
8712 : FF;
8713 : FF;
8714 : FF;
8715 : FF;
8716 : FF;
8717 : FF;
8718 : FF;
8719 : FF;
871A : FF;
871B : FF;
871C : FF;
871D : FF;
871E : FF;
871F : FF;
8720 : FF;
8721 : FF;
8722 : FF;
8723 : FF;
8724 : FF;
8725 : FF;
8726 : FF;
8727 : FF;
8728 : FF;
8729 : FF;
872A : FF;
872B : FF;
872C : FF;
872D : FF;
872E : FF;
872F : FF;
8730 : FF;
8731 : FF;
8732 : FF;
8733 : FF;
8734 : FF;
8735 : FF;
8736 : FF;
8737 : FF;
8738 : FF;
8739 : FF;
873A : FF;
873B : FF;
873C : FF;
873D : FF;
873E : FF;
873F : FF;
8740 : FF;
8741 : FF;
8742 : FF;
8743 : FF;
8744 : FF;
8745 : FF;
8746 : FF;
8747 : FF;
8748 : FF;
8749 : FF;
874A : FF;
874B : FF;
874C : FF;
874D : FF;
874E : FF;
874F : FF;
8750 : FF;
8751 : FF;
8752 : FF;
8753 : FF;
8754 : FF;
8755 : FF;
8756 : FF;
8757 : FF;
8758 : FF;
8759 : FF;
875A : FF;
875B : FF;
875C : FF;
875D : FF;
875E : FF;
875F : FF;
8760 : FF;
8761 : FF;
8762 : FF;
8763 : FF;
8764 : FF;
8765 : FF;
8766 : FF;
8767 : FF;
8768 : FF;
8769 : FF;
876A : FF;
876B : FF;
876C : FF;
876D : FF;
876E : FF;
876F : FF;
8770 : FF;
8771 : FF;
8772 : FF;
8773 : FF;
8774 : FF;
8775 : FF;
8776 : FF;
8777 : FF;
8778 : FF;
8779 : FF;
877A : FF;
877B : FF;
877C : FF;
877D : FF;
877E : FF;
877F : FF;
8780 : FF;
8781 : FF;
8782 : FF;
8783 : FF;
8784 : FF;
8785 : FF;
8786 : FF;
8787 : FF;
8788 : FF;
8789 : FF;
878A : FF;
878B : FF;
878C : FF;
878D : FF;
878E : FF;
878F : FF;
8790 : FF;
8791 : FF;
8792 : FF;
8793 : FF;
8794 : FF;
8795 : FF;
8796 : FF;
8797 : FF;
8798 : FF;
8799 : FF;
879A : FF;
879B : FF;
879C : FF;
879D : FF;
879E : FF;
879F : FF;
87A0 : FF;
87A1 : FF;
87A2 : FF;
87A3 : FF;
87A4 : FF;
87A5 : FF;
87A6 : FF;
87A7 : FF;
87A8 : FF;
87A9 : FF;
87AA : FF;
87AB : FF;
87AC : FF;
87AD : FF;
87AE : FF;
87AF : FF;
87B0 : FF;
87B1 : FF;
87B2 : FF;
87B3 : FF;
87B4 : FF;
87B5 : FF;
87B6 : FF;
87B7 : FF;
87B8 : FF;
87B9 : FF;
87BA : FF;
87BB : FF;
87BC : FF;
87BD : FF;
87BE : FF;
87BF : FF;
87C0 : FF;
87C1 : FF;
87C2 : FF;
87C3 : FF;
87C4 : FF;
87C5 : FF;
87C6 : FF;
87C7 : FF;
87C8 : FF;
87C9 : FF;
87CA : FF;
87CB : FF;
87CC : FF;
87CD : FF;
87CE : FF;
87CF : FF;
87D0 : FF;
87D1 : FF;
87D2 : FF;
87D3 : FF;
87D4 : FF;
87D5 : FF;
87D6 : FF;
87D7 : FF;
87D8 : FF;
87D9 : FF;
87DA : FF;
87DB : FF;
87DC : FF;
87DD : FF;
87DE : FF;
87DF : FF;
87E0 : FF;
87E1 : FF;
87E2 : FF;
87E3 : FF;
87E4 : FF;
87E5 : FF;
87E6 : FF;
87E7 : FF;
87E8 : FF;
87E9 : FF;
87EA : FF;
87EB : FF;
87EC : FF;
87ED : FF;
87EE : FF;
87EF : FF;
87F0 : FF;
87F1 : FF;
87F2 : FF;
87F3 : FF;
87F4 : FF;
87F5 : FF;
87F6 : FF;
87F7 : FF;
87F8 : FF;
87F9 : FF;
87FA : FF;
87FB : FF;
87FC : FF;
87FD : FF;
87FE : FF;
87FF : FF;
8800 : FF;
8801 : FF;
8802 : FF;
8803 : FF;
8804 : FF;
8805 : FF;
8806 : FF;
8807 : FF;
8808 : FF;
8809 : FF;
880A : FF;
880B : FF;
880C : FF;
880D : FF;
880E : FF;
880F : FF;
8810 : FF;
8811 : FF;
8812 : FF;
8813 : FF;
8814 : FF;
8815 : FF;
8816 : FF;
8817 : FF;
8818 : FF;
8819 : FF;
881A : FF;
881B : FF;
881C : FF;
881D : FF;
881E : FF;
881F : FF;
8820 : FF;
8821 : FF;
8822 : FF;
8823 : FF;
8824 : FF;
8825 : FF;
8826 : FF;
8827 : FF;
8828 : FF;
8829 : FF;
882A : FF;
882B : FF;
882C : FF;
882D : FF;
882E : FF;
882F : FF;
8830 : FF;
8831 : FF;
8832 : FF;
8833 : FF;
8834 : FF;
8835 : FF;
8836 : FF;
8837 : FF;
8838 : FF;
8839 : FF;
883A : FF;
883B : FF;
883C : FF;
883D : FF;
883E : FF;
883F : FF;
8840 : FF;
8841 : FF;
8842 : FF;
8843 : FF;
8844 : FF;
8845 : FF;
8846 : FF;
8847 : FF;
8848 : FF;
8849 : FF;
884A : FF;
884B : FF;
884C : FF;
884D : FF;
884E : FF;
884F : FF;
8850 : FF;
8851 : FF;
8852 : FF;
8853 : FF;
8854 : FF;
8855 : FF;
8856 : FF;
8857 : FF;
8858 : FF;
8859 : FF;
885A : FF;
885B : FF;
885C : FF;
885D : FF;
885E : FF;
885F : FF;
8860 : FF;
8861 : FF;
8862 : FF;
8863 : FF;
8864 : FF;
8865 : FF;
8866 : FF;
8867 : FF;
8868 : FF;
8869 : FF;
886A : FF;
886B : FF;
886C : FF;
886D : FF;
886E : FF;
886F : FF;
8870 : FF;
8871 : FF;
8872 : FF;
8873 : FF;
8874 : FF;
8875 : FF;
8876 : FF;
8877 : FF;
8878 : FF;
8879 : FF;
887A : FF;
887B : FF;
887C : FF;
887D : FF;
887E : FF;
887F : FF;
8880 : FF;
8881 : FF;
8882 : FF;
8883 : FF;
8884 : FF;
8885 : FF;
8886 : FF;
8887 : FF;
8888 : FF;
8889 : FF;
888A : FF;
888B : FF;
888C : FF;
888D : FF;
888E : FF;
888F : FF;
8890 : FF;
8891 : FF;
8892 : FF;
8893 : FF;
8894 : FF;
8895 : FF;
8896 : FF;
8897 : FF;
8898 : FF;
8899 : FF;
889A : FF;
889B : FF;
889C : FF;
889D : FF;
889E : FF;
889F : FF;
88A0 : FF;
88A1 : FF;
88A2 : FF;
88A3 : FF;
88A4 : FF;
88A5 : FF;
88A6 : FF;
88A7 : FF;
88A8 : FF;
88A9 : FF;
88AA : FF;
88AB : FF;
88AC : FF;
88AD : FF;
88AE : FF;
88AF : FF;
88B0 : FF;
88B1 : FF;
88B2 : FF;
88B3 : FF;
88B4 : FF;
88B5 : FF;
88B6 : FF;
88B7 : FF;
88B8 : FF;
88B9 : FF;
88BA : FF;
88BB : FF;
88BC : FF;
88BD : FF;
88BE : FF;
88BF : FF;
88C0 : FF;
88C1 : FF;
88C2 : FF;
88C3 : FF;
88C4 : FF;
88C5 : FF;
88C6 : FF;
88C7 : FF;
88C8 : FF;
88C9 : FF;
88CA : FF;
88CB : FF;
88CC : FF;
88CD : FF;
88CE : FF;
88CF : FF;
88D0 : FF;
88D1 : FF;
88D2 : FF;
88D3 : FF;
88D4 : FF;
88D5 : FF;
88D6 : FF;
88D7 : FF;
88D8 : FF;
88D9 : FF;
88DA : FF;
88DB : FF;
88DC : FF;
88DD : FF;
88DE : FF;
88DF : FF;
88E0 : FF;
88E1 : FF;
88E2 : FF;
88E3 : FF;
88E4 : FF;
88E5 : FF;
88E6 : FF;
88E7 : FF;
88E8 : FF;
88E9 : FF;
88EA : FF;
88EB : FF;
88EC : FF;
88ED : FF;
88EE : FF;
88EF : FF;
88F0 : FF;
88F1 : FF;
88F2 : FF;
88F3 : FF;
88F4 : FF;
88F5 : FF;
88F6 : FF;
88F7 : FF;
88F8 : FF;
88F9 : FF;
88FA : FF;
88FB : FF;
88FC : FF;
88FD : FF;
88FE : FF;
88FF : FF;
8900 : FF;
8901 : FF;
8902 : FF;
8903 : FF;
8904 : FF;
8905 : FF;
8906 : FF;
8907 : FF;
8908 : FF;
8909 : FF;
890A : FF;
890B : FF;
890C : FF;
890D : FF;
890E : FF;
890F : FF;
8910 : FF;
8911 : FF;
8912 : FF;
8913 : FF;
8914 : FF;
8915 : FF;
8916 : FF;
8917 : FF;
8918 : FF;
8919 : FF;
891A : FF;
891B : FF;
891C : FF;
891D : FF;
891E : FF;
891F : FF;
8920 : FF;
8921 : FF;
8922 : FF;
8923 : FF;
8924 : FF;
8925 : FF;
8926 : FF;
8927 : FF;
8928 : FF;
8929 : FF;
892A : FF;
892B : FF;
892C : FF;
892D : FF;
892E : FF;
892F : FF;
8930 : FF;
8931 : FF;
8932 : FF;
8933 : FF;
8934 : FF;
8935 : FF;
8936 : FF;
8937 : FF;
8938 : FF;
8939 : FF;
893A : FF;
893B : FF;
893C : FF;
893D : FF;
893E : FF;
893F : FF;
8940 : FF;
8941 : FF;
8942 : FF;
8943 : FF;
8944 : FF;
8945 : FF;
8946 : FF;
8947 : FF;
8948 : FF;
8949 : FF;
894A : FF;
894B : FF;
894C : FF;
894D : FF;
894E : FF;
894F : FF;
8950 : FF;
8951 : FF;
8952 : FF;
8953 : FF;
8954 : FF;
8955 : FF;
8956 : FF;
8957 : FF;
8958 : FF;
8959 : FF;
895A : FF;
895B : FF;
895C : FF;
895D : FF;
895E : FF;
895F : FF;
8960 : FF;
8961 : FF;
8962 : FF;
8963 : FF;
8964 : FF;
8965 : FF;
8966 : FF;
8967 : FF;
8968 : FF;
8969 : FF;
896A : FF;
896B : FF;
896C : FF;
896D : FF;
896E : FF;
896F : FF;
8970 : FF;
8971 : FF;
8972 : FF;
8973 : FF;
8974 : FF;
8975 : FF;
8976 : FF;
8977 : FF;
8978 : FF;
8979 : FF;
897A : FF;
897B : FF;
897C : FF;
897D : FF;
897E : FF;
897F : FF;
8980 : FF;
8981 : FF;
8982 : FF;
8983 : FF;
8984 : FF;
8985 : FF;
8986 : FF;
8987 : FF;
8988 : FF;
8989 : FF;
898A : FF;
898B : FF;
898C : FF;
898D : FF;
898E : FF;
898F : FF;
8990 : FF;
8991 : FF;
8992 : FF;
8993 : FF;
8994 : FF;
8995 : FF;
8996 : FF;
8997 : FF;
8998 : FF;
8999 : FF;
899A : FF;
899B : FF;
899C : FF;
899D : FF;
899E : FF;
899F : FF;
89A0 : FF;
89A1 : FF;
89A2 : FF;
89A3 : FF;
89A4 : FF;
89A5 : FF;
89A6 : FF;
89A7 : FF;
89A8 : FF;
89A9 : FF;
89AA : FF;
89AB : FF;
89AC : FF;
89AD : FF;
89AE : FF;
89AF : FF;
89B0 : FF;
89B1 : FF;
89B2 : FF;
89B3 : FF;
89B4 : FF;
89B5 : FF;
89B6 : FF;
89B7 : FF;
89B8 : FF;
89B9 : FF;
89BA : FF;
89BB : FF;
89BC : FF;
89BD : FF;
89BE : FF;
89BF : FF;
89C0 : FF;
89C1 : FF;
89C2 : FF;
89C3 : FF;
89C4 : FF;
89C5 : FF;
89C6 : FF;
89C7 : FF;
89C8 : FF;
89C9 : FF;
89CA : FF;
89CB : FF;
89CC : FF;
89CD : FF;
89CE : FF;
89CF : FF;
89D0 : FF;
89D1 : FF;
89D2 : FF;
89D3 : FF;
89D4 : FF;
89D5 : FF;
89D6 : FF;
89D7 : FF;
89D8 : FF;
89D9 : FF;
89DA : FF;
89DB : FF;
89DC : FF;
89DD : FF;
89DE : FF;
89DF : FF;
89E0 : FF;
89E1 : FF;
89E2 : FF;
89E3 : FF;
89E4 : FF;
89E5 : FF;
89E6 : FF;
89E7 : FF;
89E8 : FF;
89E9 : FF;
89EA : FF;
89EB : FF;
89EC : FF;
89ED : FF;
89EE : FF;
89EF : FF;
89F0 : FF;
89F1 : FF;
89F2 : FF;
89F3 : FF;
89F4 : FF;
89F5 : FF;
89F6 : FF;
89F7 : FF;
89F8 : FF;
89F9 : FF;
89FA : FF;
89FB : FF;
89FC : FF;
89FD : FF;
89FE : FF;
89FF : FF;
8A00 : FF;
8A01 : FF;
8A02 : FF;
8A03 : FF;
8A04 : FF;
8A05 : FF;
8A06 : FF;
8A07 : FF;
8A08 : FF;
8A09 : FF;
8A0A : FF;
8A0B : FF;
8A0C : FF;
8A0D : FF;
8A0E : FF;
8A0F : FF;
8A10 : FF;
8A11 : FF;
8A12 : FF;
8A13 : FF;
8A14 : FF;
8A15 : FF;
8A16 : FF;
8A17 : FF;
8A18 : FF;
8A19 : FF;
8A1A : FF;
8A1B : FF;
8A1C : FF;
8A1D : FF;
8A1E : FF;
8A1F : FF;
8A20 : FF;
8A21 : FF;
8A22 : FF;
8A23 : FF;
8A24 : FF;
8A25 : FF;
8A26 : FF;
8A27 : FF;
8A28 : FF;
8A29 : FF;
8A2A : FF;
8A2B : FF;
8A2C : FF;
8A2D : FF;
8A2E : FF;
8A2F : FF;
8A30 : FF;
8A31 : FF;
8A32 : FF;
8A33 : FF;
8A34 : FF;
8A35 : FF;
8A36 : FF;
8A37 : FF;
8A38 : FF;
8A39 : FF;
8A3A : FF;
8A3B : FF;
8A3C : FF;
8A3D : FF;
8A3E : FF;
8A3F : FF;
8A40 : FF;
8A41 : FF;
8A42 : FF;
8A43 : FF;
8A44 : FF;
8A45 : FF;
8A46 : FF;
8A47 : FF;
8A48 : FF;
8A49 : FF;
8A4A : FF;
8A4B : FF;
8A4C : FF;
8A4D : FF;
8A4E : FF;
8A4F : FF;
8A50 : FF;
8A51 : FF;
8A52 : FF;
8A53 : FF;
8A54 : FF;
8A55 : FF;
8A56 : FF;
8A57 : FF;
8A58 : FF;
8A59 : FF;
8A5A : FF;
8A5B : FF;
8A5C : FF;
8A5D : FF;
8A5E : FF;
8A5F : FF;
8A60 : FF;
8A61 : FF;
8A62 : FF;
8A63 : FF;
8A64 : FF;
8A65 : FF;
8A66 : FF;
8A67 : FF;
8A68 : FF;
8A69 : FF;
8A6A : FF;
8A6B : FF;
8A6C : FF;
8A6D : FF;
8A6E : FF;
8A6F : FF;
8A70 : FF;
8A71 : FF;
8A72 : FF;
8A73 : FF;
8A74 : FF;
8A75 : FF;
8A76 : FF;
8A77 : FF;
8A78 : FF;
8A79 : FF;
8A7A : FF;
8A7B : FF;
8A7C : FF;
8A7D : FF;
8A7E : FF;
8A7F : FF;
8A80 : FF;
8A81 : FF;
8A82 : FF;
8A83 : FF;
8A84 : FF;
8A85 : FF;
8A86 : FF;
8A87 : FF;
8A88 : FF;
8A89 : FF;
8A8A : FF;
8A8B : FF;
8A8C : FF;
8A8D : FF;
8A8E : FF;
8A8F : FF;
8A90 : FF;
8A91 : FF;
8A92 : FF;
8A93 : FF;
8A94 : FF;
8A95 : FF;
8A96 : FF;
8A97 : FF;
8A98 : FF;
8A99 : FF;
8A9A : FF;
8A9B : FF;
8A9C : FF;
8A9D : FF;
8A9E : FF;
8A9F : FF;
8AA0 : FF;
8AA1 : FF;
8AA2 : FF;
8AA3 : FF;
8AA4 : FF;
8AA5 : FF;
8AA6 : FF;
8AA7 : FF;
8AA8 : FF;
8AA9 : FF;
8AAA : FF;
8AAB : FF;
8AAC : FF;
8AAD : FF;
8AAE : FF;
8AAF : FF;
8AB0 : FF;
8AB1 : FF;
8AB2 : FF;
8AB3 : FF;
8AB4 : FF;
8AB5 : FF;
8AB6 : FF;
8AB7 : FF;
8AB8 : FF;
8AB9 : FF;
8ABA : FF;
8ABB : FF;
8ABC : FF;
8ABD : FF;
8ABE : FF;
8ABF : FF;
8AC0 : FF;
8AC1 : FF;
8AC2 : FF;
8AC3 : FF;
8AC4 : FF;
8AC5 : FF;
8AC6 : FF;
8AC7 : FF;
8AC8 : FF;
8AC9 : FF;
8ACA : FF;
8ACB : FF;
8ACC : FF;
8ACD : FF;
8ACE : FF;
8ACF : FF;
8AD0 : FF;
8AD1 : FF;
8AD2 : FF;
8AD3 : FF;
8AD4 : FF;
8AD5 : FF;
8AD6 : FF;
8AD7 : FF;
8AD8 : FF;
8AD9 : FF;
8ADA : FF;
8ADB : FF;
8ADC : FF;
8ADD : FF;
8ADE : FF;
8ADF : FF;
8AE0 : FF;
8AE1 : FF;
8AE2 : FF;
8AE3 : FF;
8AE4 : FF;
8AE5 : FF;
8AE6 : FF;
8AE7 : FF;
8AE8 : FF;
8AE9 : FF;
8AEA : FF;
8AEB : FF;
8AEC : FF;
8AED : FF;
8AEE : FF;
8AEF : FF;
8AF0 : FF;
8AF1 : FF;
8AF2 : FF;
8AF3 : FF;
8AF4 : FF;
8AF5 : FF;
8AF6 : FF;
8AF7 : FF;
8AF8 : FF;
8AF9 : FF;
8AFA : FF;
8AFB : FF;
8AFC : FF;
8AFD : FF;
8AFE : FF;
8AFF : FF;
8B00 : FF;
8B01 : FF;
8B02 : FF;
8B03 : FF;
8B04 : FF;
8B05 : FF;
8B06 : FF;
8B07 : FF;
8B08 : FF;
8B09 : FF;
8B0A : FF;
8B0B : FF;
8B0C : FF;
8B0D : FF;
8B0E : FF;
8B0F : FF;
8B10 : FF;
8B11 : FF;
8B12 : FF;
8B13 : FF;
8B14 : FF;
8B15 : FF;
8B16 : FF;
8B17 : FF;
8B18 : FF;
8B19 : FF;
8B1A : FF;
8B1B : FF;
8B1C : FF;
8B1D : FF;
8B1E : FF;
8B1F : FF;
8B20 : FF;
8B21 : FF;
8B22 : FF;
8B23 : FF;
8B24 : FF;
8B25 : FF;
8B26 : FF;
8B27 : FF;
8B28 : FF;
8B29 : FF;
8B2A : FF;
8B2B : FF;
8B2C : FF;
8B2D : FF;
8B2E : FF;
8B2F : FF;
8B30 : FF;
8B31 : FF;
8B32 : FF;
8B33 : FF;
8B34 : FF;
8B35 : FF;
8B36 : FF;
8B37 : FF;
8B38 : FF;
8B39 : FF;
8B3A : FF;
8B3B : FF;
8B3C : FF;
8B3D : FF;
8B3E : FF;
8B3F : FF;
8B40 : FF;
8B41 : FF;
8B42 : FF;
8B43 : FF;
8B44 : FF;
8B45 : FF;
8B46 : FF;
8B47 : FF;
8B48 : FF;
8B49 : FF;
8B4A : FF;
8B4B : FF;
8B4C : FF;
8B4D : FF;
8B4E : FF;
8B4F : FF;
8B50 : FF;
8B51 : FF;
8B52 : FF;
8B53 : FF;
8B54 : FF;
8B55 : FF;
8B56 : FF;
8B57 : FF;
8B58 : FF;
8B59 : FF;
8B5A : FF;
8B5B : FF;
8B5C : FF;
8B5D : FF;
8B5E : FF;
8B5F : FF;
8B60 : FF;
8B61 : FF;
8B62 : FF;
8B63 : FF;
8B64 : FF;
8B65 : FF;
8B66 : FF;
8B67 : FF;
8B68 : FF;
8B69 : FF;
8B6A : FF;
8B6B : FF;
8B6C : FF;
8B6D : FF;
8B6E : FF;
8B6F : FF;
8B70 : FF;
8B71 : FF;
8B72 : FF;
8B73 : FF;
8B74 : FF;
8B75 : FF;
8B76 : FF;
8B77 : FF;
8B78 : FF;
8B79 : FF;
8B7A : FF;
8B7B : FF;
8B7C : FF;
8B7D : FF;
8B7E : FF;
8B7F : FF;
8B80 : FF;
8B81 : FF;
8B82 : FF;
8B83 : FF;
8B84 : FF;
8B85 : FF;
8B86 : FF;
8B87 : FF;
8B88 : FF;
8B89 : FF;
8B8A : FF;
8B8B : FF;
8B8C : FF;
8B8D : FF;
8B8E : FF;
8B8F : FF;
8B90 : FF;
8B91 : FF;
8B92 : FF;
8B93 : FF;
8B94 : FF;
8B95 : FF;
8B96 : FF;
8B97 : FF;
8B98 : FF;
8B99 : FF;
8B9A : FF;
8B9B : FF;
8B9C : FF;
8B9D : FF;
8B9E : FF;
8B9F : FF;
8BA0 : FF;
8BA1 : FF;
8BA2 : FF;
8BA3 : FF;
8BA4 : FF;
8BA5 : FF;
8BA6 : FF;
8BA7 : FF;
8BA8 : FF;
8BA9 : FF;
8BAA : FF;
8BAB : FF;
8BAC : FF;
8BAD : FF;
8BAE : FF;
8BAF : FF;
8BB0 : FF;
8BB1 : FF;
8BB2 : FF;
8BB3 : FF;
8BB4 : FF;
8BB5 : FF;
8BB6 : FF;
8BB7 : FF;
8BB8 : FF;
8BB9 : FF;
8BBA : FF;
8BBB : FF;
8BBC : FF;
8BBD : FF;
8BBE : FF;
8BBF : FF;
8BC0 : FF;
8BC1 : FF;
8BC2 : FF;
8BC3 : FF;
8BC4 : FF;
8BC5 : FF;
8BC6 : FF;
8BC7 : FF;
8BC8 : FF;
8BC9 : FF;
8BCA : FF;
8BCB : FF;
8BCC : FF;
8BCD : FF;
8BCE : FF;
8BCF : FF;
8BD0 : FF;
8BD1 : FF;
8BD2 : FF;
8BD3 : FF;
8BD4 : FF;
8BD5 : FF;
8BD6 : FF;
8BD7 : FF;
8BD8 : FF;
8BD9 : FF;
8BDA : FF;
8BDB : FF;
8BDC : FF;
8BDD : FF;
8BDE : FF;
8BDF : FF;
8BE0 : FF;
8BE1 : FF;
8BE2 : FF;
8BE3 : FF;
8BE4 : FF;
8BE5 : FF;
8BE6 : FF;
8BE7 : FF;
8BE8 : FF;
8BE9 : FF;
8BEA : FF;
8BEB : FF;
8BEC : FF;
8BED : FF;
8BEE : FF;
8BEF : FF;
8BF0 : FF;
8BF1 : FF;
8BF2 : FF;
8BF3 : FF;
8BF4 : FF;
8BF5 : FF;
8BF6 : FF;
8BF7 : FF;
8BF8 : FF;
8BF9 : FF;
8BFA : FF;
8BFB : FF;
8BFC : FF;
8BFD : FF;
8BFE : FF;
8BFF : FF;
8C00 : FF;
8C01 : FF;
8C02 : FF;
8C03 : FF;
8C04 : FF;
8C05 : FF;
8C06 : FF;
8C07 : FF;
8C08 : FF;
8C09 : FF;
8C0A : FF;
8C0B : FF;
8C0C : FF;
8C0D : FF;
8C0E : FF;
8C0F : FF;
8C10 : FF;
8C11 : FF;
8C12 : FF;
8C13 : FF;
8C14 : FF;
8C15 : FF;
8C16 : FF;
8C17 : FF;
8C18 : FF;
8C19 : FF;
8C1A : FF;
8C1B : FF;
8C1C : FF;
8C1D : FF;
8C1E : FF;
8C1F : FF;
8C20 : FF;
8C21 : FF;
8C22 : FF;
8C23 : FF;
8C24 : FF;
8C25 : FF;
8C26 : FF;
8C27 : FF;
8C28 : FF;
8C29 : FF;
8C2A : FF;
8C2B : FF;
8C2C : FF;
8C2D : FF;
8C2E : FF;
8C2F : FF;
8C30 : FF;
8C31 : FF;
8C32 : FF;
8C33 : FF;
8C34 : FF;
8C35 : FF;
8C36 : FF;
8C37 : FF;
8C38 : FF;
8C39 : FF;
8C3A : FF;
8C3B : FF;
8C3C : FF;
8C3D : FF;
8C3E : FF;
8C3F : FF;
8C40 : FF;
8C41 : FF;
8C42 : FF;
8C43 : FF;
8C44 : FF;
8C45 : FF;
8C46 : FF;
8C47 : FF;
8C48 : FF;
8C49 : FF;
8C4A : FF;
8C4B : FF;
8C4C : FF;
8C4D : FF;
8C4E : FF;
8C4F : FF;
8C50 : FF;
8C51 : FF;
8C52 : FF;
8C53 : FF;
8C54 : FF;
8C55 : FF;
8C56 : FF;
8C57 : FF;
8C58 : FF;
8C59 : FF;
8C5A : FF;
8C5B : FF;
8C5C : FF;
8C5D : FF;
8C5E : FF;
8C5F : FF;
8C60 : FF;
8C61 : FF;
8C62 : FF;
8C63 : FF;
8C64 : FF;
8C65 : FF;
8C66 : FF;
8C67 : FF;
8C68 : FF;
8C69 : FF;
8C6A : FF;
8C6B : FF;
8C6C : FF;
8C6D : FF;
8C6E : FF;
8C6F : FF;
8C70 : FF;
8C71 : FF;
8C72 : FF;
8C73 : FF;
8C74 : FF;
8C75 : FF;
8C76 : FF;
8C77 : FF;
8C78 : FF;
8C79 : FF;
8C7A : FF;
8C7B : FF;
8C7C : FF;
8C7D : FF;
8C7E : FF;
8C7F : FF;
8C80 : FF;
8C81 : FF;
8C82 : FF;
8C83 : FF;
8C84 : FF;
8C85 : FF;
8C86 : FF;
8C87 : FF;
8C88 : FF;
8C89 : FF;
8C8A : FF;
8C8B : FF;
8C8C : FF;
8C8D : FF;
8C8E : FF;
8C8F : FF;
8C90 : FF;
8C91 : FF;
8C92 : FF;
8C93 : FF;
8C94 : FF;
8C95 : FF;
8C96 : FF;
8C97 : FF;
8C98 : FF;
8C99 : FF;
8C9A : FF;
8C9B : FF;
8C9C : FF;
8C9D : FF;
8C9E : FF;
8C9F : FF;
8CA0 : FF;
8CA1 : FF;
8CA2 : FF;
8CA3 : FF;
8CA4 : FF;
8CA5 : FF;
8CA6 : FF;
8CA7 : FF;
8CA8 : FF;
8CA9 : FF;
8CAA : FF;
8CAB : FF;
8CAC : FF;
8CAD : FF;
8CAE : FF;
8CAF : FF;
8CB0 : FF;
8CB1 : FF;
8CB2 : FF;
8CB3 : FF;
8CB4 : FF;
8CB5 : FF;
8CB6 : FF;
8CB7 : FF;
8CB8 : FF;
8CB9 : FF;
8CBA : FF;
8CBB : FF;
8CBC : FF;
8CBD : FF;
8CBE : FF;
8CBF : FF;
8CC0 : FF;
8CC1 : FF;
8CC2 : FF;
8CC3 : FF;
8CC4 : FF;
8CC5 : FF;
8CC6 : FF;
8CC7 : FF;
8CC8 : FF;
8CC9 : FF;
8CCA : FF;
8CCB : FF;
8CCC : FF;
8CCD : FF;
8CCE : FF;
8CCF : FF;
8CD0 : FF;
8CD1 : FF;
8CD2 : FF;
8CD3 : FF;
8CD4 : FF;
8CD5 : FF;
8CD6 : FF;
8CD7 : FF;
8CD8 : FF;
8CD9 : FF;
8CDA : FF;
8CDB : FF;
8CDC : FF;
8CDD : FF;
8CDE : FF;
8CDF : FF;
8CE0 : FF;
8CE1 : FF;
8CE2 : FF;
8CE3 : FF;
8CE4 : FF;
8CE5 : FF;
8CE6 : FF;
8CE7 : FF;
8CE8 : FF;
8CE9 : FF;
8CEA : FF;
8CEB : FF;
8CEC : FF;
8CED : FF;
8CEE : FF;
8CEF : FF;
8CF0 : FF;
8CF1 : FF;
8CF2 : FF;
8CF3 : FF;
8CF4 : FF;
8CF5 : FF;
8CF6 : FF;
8CF7 : FF;
8CF8 : FF;
8CF9 : FF;
8CFA : FF;
8CFB : FF;
8CFC : FF;
8CFD : FF;
8CFE : FF;
8CFF : FF;
8D00 : FF;
8D01 : FF;
8D02 : FF;
8D03 : FF;
8D04 : FF;
8D05 : FF;
8D06 : FF;
8D07 : FF;
8D08 : FF;
8D09 : FF;
8D0A : FF;
8D0B : FF;
8D0C : FF;
8D0D : FF;
8D0E : FF;
8D0F : FF;
8D10 : FF;
8D11 : FF;
8D12 : FF;
8D13 : FF;
8D14 : FF;
8D15 : FF;
8D16 : FF;
8D17 : FF;
8D18 : FF;
8D19 : FF;
8D1A : FF;
8D1B : FF;
8D1C : FF;
8D1D : FF;
8D1E : FF;
8D1F : FF;
8D20 : FF;
8D21 : FF;
8D22 : FF;
8D23 : FF;
8D24 : FF;
8D25 : FF;
8D26 : FF;
8D27 : FF;
8D28 : FF;
8D29 : FF;
8D2A : FF;
8D2B : FF;
8D2C : FF;
8D2D : FF;
8D2E : FF;
8D2F : FF;
8D30 : FF;
8D31 : FF;
8D32 : FF;
8D33 : FF;
8D34 : FF;
8D35 : FF;
8D36 : FF;
8D37 : FF;
8D38 : FF;
8D39 : FF;
8D3A : FF;
8D3B : FF;
8D3C : FF;
8D3D : FF;
8D3E : FF;
8D3F : FF;
8D40 : FF;
8D41 : FF;
8D42 : FF;
8D43 : FF;
8D44 : FF;
8D45 : FF;
8D46 : FF;
8D47 : FF;
8D48 : FF;
8D49 : FF;
8D4A : FF;
8D4B : FF;
8D4C : FF;
8D4D : FF;
8D4E : FF;
8D4F : FF;
8D50 : FF;
8D51 : FF;
8D52 : FF;
8D53 : FF;
8D54 : FF;
8D55 : FF;
8D56 : FF;
8D57 : FF;
8D58 : FF;
8D59 : FF;
8D5A : FF;
8D5B : FF;
8D5C : FF;
8D5D : FF;
8D5E : FF;
8D5F : FF;
8D60 : FF;
8D61 : FF;
8D62 : FF;
8D63 : FF;
8D64 : FF;
8D65 : FF;
8D66 : FF;
8D67 : FF;
8D68 : FF;
8D69 : FF;
8D6A : FF;
8D6B : FF;
8D6C : FF;
8D6D : FF;
8D6E : FF;
8D6F : FF;
8D70 : FF;
8D71 : FF;
8D72 : FF;
8D73 : FF;
8D74 : FF;
8D75 : FF;
8D76 : FF;
8D77 : FF;
8D78 : FF;
8D79 : FF;
8D7A : FF;
8D7B : FF;
8D7C : FF;
8D7D : FF;
8D7E : FF;
8D7F : FF;
8D80 : FF;
8D81 : FF;
8D82 : FF;
8D83 : FF;
8D84 : FF;
8D85 : FF;
8D86 : FF;
8D87 : FF;
8D88 : FF;
8D89 : FF;
8D8A : FF;
8D8B : FF;
8D8C : FF;
8D8D : FF;
8D8E : FF;
8D8F : FF;
8D90 : FF;
8D91 : FF;
8D92 : FF;
8D93 : FF;
8D94 : FF;
8D95 : FF;
8D96 : FF;
8D97 : FF;
8D98 : FF;
8D99 : FF;
8D9A : FF;
8D9B : FF;
8D9C : FF;
8D9D : FF;
8D9E : FF;
8D9F : FF;
8DA0 : FF;
8DA1 : FF;
8DA2 : FF;
8DA3 : FF;
8DA4 : FF;
8DA5 : FF;
8DA6 : FF;
8DA7 : FF;
8DA8 : FF;
8DA9 : FF;
8DAA : FF;
8DAB : FF;
8DAC : FF;
8DAD : FF;
8DAE : FF;
8DAF : FF;
8DB0 : FF;
8DB1 : FF;
8DB2 : FF;
8DB3 : FF;
8DB4 : FF;
8DB5 : FF;
8DB6 : FF;
8DB7 : FF;
8DB8 : FF;
8DB9 : FF;
8DBA : FF;
8DBB : FF;
8DBC : FF;
8DBD : FF;
8DBE : FF;
8DBF : FF;
8DC0 : FF;
8DC1 : FF;
8DC2 : FF;
8DC3 : FF;
8DC4 : FF;
8DC5 : FF;
8DC6 : FF;
8DC7 : FF;
8DC8 : FF;
8DC9 : FF;
8DCA : FF;
8DCB : FF;
8DCC : FF;
8DCD : FF;
8DCE : FF;
8DCF : FF;
8DD0 : FF;
8DD1 : FF;
8DD2 : FF;
8DD3 : FF;
8DD4 : FF;
8DD5 : FF;
8DD6 : FF;
8DD7 : FF;
8DD8 : FF;
8DD9 : FF;
8DDA : FF;
8DDB : FF;
8DDC : FF;
8DDD : FF;
8DDE : FF;
8DDF : FF;
8DE0 : FF;
8DE1 : FF;
8DE2 : FF;
8DE3 : FF;
8DE4 : FF;
8DE5 : FF;
8DE6 : FF;
8DE7 : FF;
8DE8 : FF;
8DE9 : FF;
8DEA : FF;
8DEB : FF;
8DEC : FF;
8DED : FF;
8DEE : FF;
8DEF : FF;
8DF0 : FF;
8DF1 : FF;
8DF2 : FF;
8DF3 : FF;
8DF4 : FF;
8DF5 : FF;
8DF6 : FF;
8DF7 : FF;
8DF8 : FF;
8DF9 : FF;
8DFA : FF;
8DFB : FF;
8DFC : FF;
8DFD : FF;
8DFE : FF;
8DFF : FF;
8E00 : FF;
8E01 : FF;
8E02 : FF;
8E03 : FF;
8E04 : FF;
8E05 : FF;
8E06 : FF;
8E07 : FF;
8E08 : FF;
8E09 : FF;
8E0A : FF;
8E0B : FF;
8E0C : FF;
8E0D : FF;
8E0E : FF;
8E0F : FF;
8E10 : FF;
8E11 : FF;
8E12 : FF;
8E13 : FF;
8E14 : FF;
8E15 : FF;
8E16 : FF;
8E17 : FF;
8E18 : FF;
8E19 : FF;
8E1A : FF;
8E1B : FF;
8E1C : FF;
8E1D : FF;
8E1E : FF;
8E1F : FF;
8E20 : FF;
8E21 : FF;
8E22 : FF;
8E23 : FF;
8E24 : FF;
8E25 : FF;
8E26 : FF;
8E27 : FF;
8E28 : FF;
8E29 : FF;
8E2A : FF;
8E2B : FF;
8E2C : FF;
8E2D : FF;
8E2E : FF;
8E2F : FF;
8E30 : FF;
8E31 : FF;
8E32 : FF;
8E33 : FF;
8E34 : FF;
8E35 : FF;
8E36 : FF;
8E37 : FF;
8E38 : FF;
8E39 : FF;
8E3A : FF;
8E3B : FF;
8E3C : FF;
8E3D : FF;
8E3E : FF;
8E3F : FF;
8E40 : FF;
8E41 : FF;
8E42 : FF;
8E43 : FF;
8E44 : FF;
8E45 : FF;
8E46 : FF;
8E47 : FF;
8E48 : FF;
8E49 : FF;
8E4A : FF;
8E4B : FF;
8E4C : FF;
8E4D : FF;
8E4E : FF;
8E4F : FF;
8E50 : FF;
8E51 : FF;
8E52 : FF;
8E53 : FF;
8E54 : FF;
8E55 : FF;
8E56 : FF;
8E57 : FF;
8E58 : FF;
8E59 : FF;
8E5A : FF;
8E5B : FF;
8E5C : FF;
8E5D : FF;
8E5E : FF;
8E5F : FF;
8E60 : FF;
8E61 : FF;
8E62 : FF;
8E63 : FF;
8E64 : FF;
8E65 : FF;
8E66 : FF;
8E67 : FF;
8E68 : FF;
8E69 : FF;
8E6A : FF;
8E6B : FF;
8E6C : FF;
8E6D : FF;
8E6E : FF;
8E6F : FF;
8E70 : FF;
8E71 : FF;
8E72 : FF;
8E73 : FF;
8E74 : FF;
8E75 : FF;
8E76 : FF;
8E77 : FF;
8E78 : FF;
8E79 : FF;
8E7A : FF;
8E7B : FF;
8E7C : FF;
8E7D : FF;
8E7E : FF;
8E7F : FF;
8E80 : FF;
8E81 : FF;
8E82 : FF;
8E83 : FF;
8E84 : FF;
8E85 : FF;
8E86 : FF;
8E87 : FF;
8E88 : FF;
8E89 : FF;
8E8A : FF;
8E8B : FF;
8E8C : FF;
8E8D : FF;
8E8E : FF;
8E8F : FF;
8E90 : FF;
8E91 : FF;
8E92 : FF;
8E93 : FF;
8E94 : FF;
8E95 : FF;
8E96 : FF;
8E97 : FF;
8E98 : FF;
8E99 : FF;
8E9A : FF;
8E9B : FF;
8E9C : FF;
8E9D : FF;
8E9E : FF;
8E9F : FF;
8EA0 : FF;
8EA1 : FF;
8EA2 : FF;
8EA3 : FF;
8EA4 : FF;
8EA5 : FF;
8EA6 : FF;
8EA7 : FF;
8EA8 : FF;
8EA9 : FF;
8EAA : FF;
8EAB : FF;
8EAC : FF;
8EAD : FF;
8EAE : FF;
8EAF : FF;
8EB0 : FF;
8EB1 : FF;
8EB2 : FF;
8EB3 : FF;
8EB4 : FF;
8EB5 : FF;
8EB6 : FF;
8EB7 : FF;
8EB8 : FF;
8EB9 : FF;
8EBA : FF;
8EBB : FF;
8EBC : FF;
8EBD : FF;
8EBE : FF;
8EBF : FF;
8EC0 : FF;
8EC1 : FF;
8EC2 : FF;
8EC3 : FF;
8EC4 : FF;
8EC5 : FF;
8EC6 : FF;
8EC7 : FF;
8EC8 : FF;
8EC9 : FF;
8ECA : FF;
8ECB : FF;
8ECC : FF;
8ECD : FF;
8ECE : FF;
8ECF : FF;
8ED0 : FF;
8ED1 : FF;
8ED2 : FF;
8ED3 : FF;
8ED4 : FF;
8ED5 : FF;
8ED6 : FF;
8ED7 : FF;
8ED8 : FF;
8ED9 : FF;
8EDA : FF;
8EDB : FF;
8EDC : FF;
8EDD : FF;
8EDE : FF;
8EDF : FF;
8EE0 : FF;
8EE1 : FF;
8EE2 : FF;
8EE3 : FF;
8EE4 : FF;
8EE5 : FF;
8EE6 : FF;
8EE7 : FF;
8EE8 : FF;
8EE9 : FF;
8EEA : FF;
8EEB : FF;
8EEC : FF;
8EED : FF;
8EEE : FF;
8EEF : FF;
8EF0 : FF;
8EF1 : FF;
8EF2 : FF;
8EF3 : FF;
8EF4 : FF;
8EF5 : FF;
8EF6 : FF;
8EF7 : FF;
8EF8 : FF;
8EF9 : FF;
8EFA : FF;
8EFB : FF;
8EFC : FF;
8EFD : FF;
8EFE : FF;
8EFF : FF;
8F00 : FF;
8F01 : FF;
8F02 : FF;
8F03 : FF;
8F04 : FF;
8F05 : FF;
8F06 : FF;
8F07 : FF;
8F08 : FF;
8F09 : FF;
8F0A : FF;
8F0B : FF;
8F0C : FF;
8F0D : FF;
8F0E : FF;
8F0F : FF;
8F10 : FF;
8F11 : FF;
8F12 : FF;
8F13 : FF;
8F14 : FF;
8F15 : FF;
8F16 : FF;
8F17 : FF;
8F18 : FF;
8F19 : FF;
8F1A : FF;
8F1B : FF;
8F1C : FF;
8F1D : FF;
8F1E : FF;
8F1F : FF;
8F20 : FF;
8F21 : FF;
8F22 : FF;
8F23 : FF;
8F24 : FF;
8F25 : FF;
8F26 : FF;
8F27 : FF;
8F28 : FF;
8F29 : FF;
8F2A : FF;
8F2B : FF;
8F2C : FF;
8F2D : FF;
8F2E : FF;
8F2F : FF;
8F30 : FF;
8F31 : FF;
8F32 : FF;
8F33 : FF;
8F34 : FF;
8F35 : FF;
8F36 : FF;
8F37 : FF;
8F38 : FF;
8F39 : FF;
8F3A : FF;
8F3B : FF;
8F3C : FF;
8F3D : FF;
8F3E : FF;
8F3F : FF;
8F40 : FF;
8F41 : FF;
8F42 : FF;
8F43 : FF;
8F44 : FF;
8F45 : FF;
8F46 : FF;
8F47 : FF;
8F48 : FF;
8F49 : FF;
8F4A : FF;
8F4B : FF;
8F4C : FF;
8F4D : FF;
8F4E : FF;
8F4F : FF;
8F50 : FF;
8F51 : FF;
8F52 : FF;
8F53 : FF;
8F54 : FF;
8F55 : FF;
8F56 : FF;
8F57 : FF;
8F58 : FF;
8F59 : FF;
8F5A : FF;
8F5B : FF;
8F5C : FF;
8F5D : FF;
8F5E : FF;
8F5F : FF;
8F60 : FF;
8F61 : FF;
8F62 : FF;
8F63 : FF;
8F64 : FF;
8F65 : FF;
8F66 : FF;
8F67 : FF;
8F68 : FF;
8F69 : FF;
8F6A : FF;
8F6B : FF;
8F6C : FF;
8F6D : FF;
8F6E : FF;
8F6F : FF;
8F70 : FF;
8F71 : FF;
8F72 : FF;
8F73 : FF;
8F74 : FF;
8F75 : FF;
8F76 : FF;
8F77 : FF;
8F78 : FF;
8F79 : FF;
8F7A : FF;
8F7B : FF;
8F7C : FF;
8F7D : FF;
8F7E : FF;
8F7F : FF;
8F80 : FF;
8F81 : FF;
8F82 : FF;
8F83 : FF;
8F84 : FF;
8F85 : FF;
8F86 : FF;
8F87 : FF;
8F88 : FF;
8F89 : FF;
8F8A : FF;
8F8B : FF;
8F8C : FF;
8F8D : FF;
8F8E : FF;
8F8F : FF;
8F90 : FF;
8F91 : FF;
8F92 : FF;
8F93 : FF;
8F94 : FF;
8F95 : FF;
8F96 : FF;
8F97 : FF;
8F98 : FF;
8F99 : FF;
8F9A : FF;
8F9B : FF;
8F9C : FF;
8F9D : FF;
8F9E : FF;
8F9F : FF;
8FA0 : FF;
8FA1 : FF;
8FA2 : FF;
8FA3 : FF;
8FA4 : FF;
8FA5 : FF;
8FA6 : FF;
8FA7 : FF;
8FA8 : FF;
8FA9 : FF;
8FAA : FF;
8FAB : FF;
8FAC : FF;
8FAD : FF;
8FAE : FF;
8FAF : FF;
8FB0 : FF;
8FB1 : FF;
8FB2 : FF;
8FB3 : FF;
8FB4 : FF;
8FB5 : FF;
8FB6 : FF;
8FB7 : FF;
8FB8 : FF;
8FB9 : FF;
8FBA : FF;
8FBB : FF;
8FBC : FF;
8FBD : FF;
8FBE : FF;
8FBF : FF;
8FC0 : FF;
8FC1 : FF;
8FC2 : FF;
8FC3 : FF;
8FC4 : FF;
8FC5 : FF;
8FC6 : FF;
8FC7 : FF;
8FC8 : FF;
8FC9 : FF;
8FCA : FF;
8FCB : FF;
8FCC : FF;
8FCD : FF;
8FCE : FF;
8FCF : FF;
8FD0 : FF;
8FD1 : FF;
8FD2 : FF;
8FD3 : FF;
8FD4 : FF;
8FD5 : FF;
8FD6 : FF;
8FD7 : FF;
8FD8 : FF;
8FD9 : FF;
8FDA : FF;
8FDB : FF;
8FDC : FF;
8FDD : FF;
8FDE : FF;
8FDF : FF;
8FE0 : FF;
8FE1 : FF;
8FE2 : FF;
8FE3 : FF;
8FE4 : FF;
8FE5 : FF;
8FE6 : FF;
8FE7 : FF;
8FE8 : FF;
8FE9 : FF;
8FEA : FF;
8FEB : FF;
8FEC : FF;
8FED : FF;
8FEE : FF;
8FEF : FF;
8FF0 : FF;
8FF1 : FF;
8FF2 : FF;
8FF3 : FF;
8FF4 : FF;
8FF5 : FF;
8FF6 : FF;
8FF7 : FF;
8FF8 : FF;
8FF9 : FF;
8FFA : FF;
8FFB : FF;
8FFC : FF;
8FFD : FF;
8FFE : FF;
8FFF : FF;
9000 : FF;
9001 : FF;
9002 : FF;
9003 : FF;
9004 : FF;
9005 : FF;
9006 : FF;
9007 : FF;
9008 : FF;
9009 : FF;
900A : FF;
900B : FF;
900C : FF;
900D : FF;
900E : FF;
900F : FF;
9010 : FF;
9011 : FF;
9012 : FF;
9013 : FF;
9014 : FF;
9015 : FF;
9016 : FF;
9017 : FF;
9018 : FF;
9019 : FF;
901A : FF;
901B : FF;
901C : FF;
901D : FF;
901E : FF;
901F : FF;
9020 : FF;
9021 : FF;
9022 : FF;
9023 : FF;
9024 : FF;
9025 : FF;
9026 : FF;
9027 : FF;
9028 : FF;
9029 : FF;
902A : FF;
902B : FF;
902C : FF;
902D : FF;
902E : FF;
902F : FF;
9030 : FF;
9031 : FF;
9032 : FF;
9033 : FF;
9034 : FF;
9035 : FF;
9036 : FF;
9037 : FF;
9038 : FF;
9039 : FF;
903A : FF;
903B : FF;
903C : FF;
903D : FF;
903E : FF;
903F : FF;
9040 : FF;
9041 : FF;
9042 : FF;
9043 : FF;
9044 : FF;
9045 : FF;
9046 : FF;
9047 : FF;
9048 : FF;
9049 : FF;
904A : FF;
904B : FF;
904C : FF;
904D : FF;
904E : FF;
904F : FF;
9050 : FF;
9051 : FF;
9052 : FF;
9053 : FF;
9054 : FF;
9055 : FF;
9056 : FF;
9057 : FF;
9058 : FF;
9059 : FF;
905A : FF;
905B : FF;
905C : FF;
905D : FF;
905E : FF;
905F : FF;
9060 : FF;
9061 : FF;
9062 : FF;
9063 : FF;
9064 : FF;
9065 : FF;
9066 : FF;
9067 : FF;
9068 : FF;
9069 : FF;
906A : FF;
906B : FF;
906C : FF;
906D : FF;
906E : FF;
906F : FF;
9070 : FF;
9071 : FF;
9072 : FF;
9073 : FF;
9074 : FF;
9075 : FF;
9076 : FF;
9077 : FF;
9078 : FF;
9079 : FF;
907A : FF;
907B : FF;
907C : FF;
907D : FF;
907E : FF;
907F : FF;
9080 : FF;
9081 : FF;
9082 : FF;
9083 : FF;
9084 : FF;
9085 : FF;
9086 : FF;
9087 : FF;
9088 : FF;
9089 : FF;
908A : FF;
908B : FF;
908C : FF;
908D : FF;
908E : FF;
908F : FF;
9090 : FF;
9091 : FF;
9092 : FF;
9093 : FF;
9094 : FF;
9095 : FF;
9096 : FF;
9097 : FF;
9098 : FF;
9099 : FF;
909A : FF;
909B : FF;
909C : FF;
909D : FF;
909E : FF;
909F : FF;
90A0 : FF;
90A1 : FF;
90A2 : FF;
90A3 : FF;
90A4 : FF;
90A5 : FF;
90A6 : FF;
90A7 : FF;
90A8 : FF;
90A9 : FF;
90AA : FF;
90AB : FF;
90AC : FF;
90AD : FF;
90AE : FF;
90AF : FF;
90B0 : FF;
90B1 : FF;
90B2 : FF;
90B3 : FF;
90B4 : FF;
90B5 : FF;
90B6 : FF;
90B7 : FF;
90B8 : FF;
90B9 : FF;
90BA : FF;
90BB : FF;
90BC : FF;
90BD : FF;
90BE : FF;
90BF : FF;
90C0 : FF;
90C1 : FF;
90C2 : FF;
90C3 : FF;
90C4 : FF;
90C5 : FF;
90C6 : FF;
90C7 : FF;
90C8 : FF;
90C9 : FF;
90CA : FF;
90CB : FF;
90CC : FF;
90CD : FF;
90CE : FF;
90CF : FF;
90D0 : FF;
90D1 : FF;
90D2 : FF;
90D3 : FF;
90D4 : FF;
90D5 : FF;
90D6 : FF;
90D7 : FF;
90D8 : FF;
90D9 : FF;
90DA : FF;
90DB : FF;
90DC : FF;
90DD : FF;
90DE : FF;
90DF : FF;
90E0 : FF;
90E1 : FF;
90E2 : FF;
90E3 : FF;
90E4 : FF;
90E5 : FF;
90E6 : FF;
90E7 : FF;
90E8 : FF;
90E9 : FF;
90EA : FF;
90EB : FF;
90EC : FF;
90ED : FF;
90EE : FF;
90EF : FF;
90F0 : FF;
90F1 : FF;
90F2 : FF;
90F3 : FF;
90F4 : FF;
90F5 : FF;
90F6 : FF;
90F7 : FF;
90F8 : FF;
90F9 : FF;
90FA : FF;
90FB : FF;
90FC : FF;
90FD : FF;
90FE : FF;
90FF : FF;
9100 : FF;
9101 : FF;
9102 : FF;
9103 : FF;
9104 : FF;
9105 : FF;
9106 : FF;
9107 : FF;
9108 : FF;
9109 : FF;
910A : FF;
910B : FF;
910C : FF;
910D : FF;
910E : FF;
910F : FF;
9110 : FF;
9111 : FF;
9112 : FF;
9113 : FF;
9114 : FF;
9115 : FF;
9116 : FF;
9117 : FF;
9118 : FF;
9119 : FF;
911A : FF;
911B : FF;
911C : FF;
911D : FF;
911E : FF;
911F : FF;
9120 : FF;
9121 : FF;
9122 : FF;
9123 : FF;
9124 : FF;
9125 : FF;
9126 : FF;
9127 : FF;
9128 : FF;
9129 : FF;
912A : FF;
912B : FF;
912C : FF;
912D : FF;
912E : FF;
912F : FF;
9130 : FF;
9131 : FF;
9132 : FF;
9133 : FF;
9134 : FF;
9135 : FF;
9136 : FF;
9137 : FF;
9138 : FF;
9139 : FF;
913A : FF;
913B : FF;
913C : FF;
913D : FF;
913E : FF;
913F : FF;
9140 : FF;
9141 : FF;
9142 : FF;
9143 : FF;
9144 : FF;
9145 : FF;
9146 : FF;
9147 : FF;
9148 : FF;
9149 : FF;
914A : FF;
914B : FF;
914C : FF;
914D : FF;
914E : FF;
914F : FF;
9150 : FF;
9151 : FF;
9152 : FF;
9153 : FF;
9154 : FF;
9155 : FF;
9156 : FF;
9157 : FF;
9158 : FF;
9159 : FF;
915A : FF;
915B : FF;
915C : FF;
915D : FF;
915E : FF;
915F : FF;
9160 : FF;
9161 : FF;
9162 : FF;
9163 : FF;
9164 : FF;
9165 : FF;
9166 : FF;
9167 : FF;
9168 : FF;
9169 : FF;
916A : FF;
916B : FF;
916C : FF;
916D : FF;
916E : FF;
916F : FF;
9170 : FF;
9171 : FF;
9172 : FF;
9173 : FF;
9174 : FF;
9175 : FF;
9176 : FF;
9177 : FF;
9178 : FF;
9179 : FF;
917A : FF;
917B : FF;
917C : FF;
917D : FF;
917E : FF;
917F : FF;
9180 : FF;
9181 : FF;
9182 : FF;
9183 : FF;
9184 : FF;
9185 : FF;
9186 : FF;
9187 : FF;
9188 : FF;
9189 : FF;
918A : FF;
918B : FF;
918C : FF;
918D : FF;
918E : FF;
918F : FF;
9190 : FF;
9191 : FF;
9192 : FF;
9193 : FF;
9194 : FF;
9195 : FF;
9196 : FF;
9197 : FF;
9198 : FF;
9199 : FF;
919A : FF;
919B : FF;
919C : FF;
919D : FF;
919E : FF;
919F : FF;
91A0 : FF;
91A1 : FF;
91A2 : FF;
91A3 : FF;
91A4 : FF;
91A5 : FF;
91A6 : FF;
91A7 : FF;
91A8 : FF;
91A9 : FF;
91AA : FF;
91AB : FF;
91AC : FF;
91AD : FF;
91AE : FF;
91AF : FF;
91B0 : FF;
91B1 : FF;
91B2 : FF;
91B3 : FF;
91B4 : FF;
91B5 : FF;
91B6 : FF;
91B7 : FF;
91B8 : FF;
91B9 : FF;
91BA : FF;
91BB : FF;
91BC : FF;
91BD : FF;
91BE : FF;
91BF : FF;
91C0 : FF;
91C1 : FF;
91C2 : FF;
91C3 : FF;
91C4 : FF;
91C5 : FF;
91C6 : FF;
91C7 : FF;
91C8 : FF;
91C9 : FF;
91CA : FF;
91CB : FF;
91CC : FF;
91CD : FF;
91CE : FF;
91CF : FF;
91D0 : FF;
91D1 : FF;
91D2 : FF;
91D3 : FF;
91D4 : FF;
91D5 : FF;
91D6 : FF;
91D7 : FF;
91D8 : FF;
91D9 : FF;
91DA : FF;
91DB : FF;
91DC : FF;
91DD : FF;
91DE : FF;
91DF : FF;
91E0 : FF;
91E1 : FF;
91E2 : FF;
91E3 : FF;
91E4 : FF;
91E5 : FF;
91E6 : FF;
91E7 : FF;
91E8 : FF;
91E9 : FF;
91EA : FF;
91EB : FF;
91EC : FF;
91ED : FF;
91EE : FF;
91EF : FF;
91F0 : FF;
91F1 : FF;
91F2 : FF;
91F3 : FF;
91F4 : FF;
91F5 : FF;
91F6 : FF;
91F7 : FF;
91F8 : FF;
91F9 : FF;
91FA : FF;
91FB : FF;
91FC : FF;
91FD : FF;
91FE : FF;
91FF : FF;
9200 : FF;
9201 : FF;
9202 : FF;
9203 : FF;
9204 : FF;
9205 : FF;
9206 : FF;
9207 : FF;
9208 : FF;
9209 : FF;
920A : FF;
920B : FF;
920C : FF;
920D : FF;
920E : FF;
920F : FF;
9210 : FF;
9211 : FF;
9212 : FF;
9213 : FF;
9214 : FF;
9215 : FF;
9216 : FF;
9217 : FF;
9218 : FF;
9219 : FF;
921A : FF;
921B : FF;
921C : FF;
921D : FF;
921E : FF;
921F : FF;
9220 : FF;
9221 : FF;
9222 : FF;
9223 : FF;
9224 : FF;
9225 : FF;
9226 : FF;
9227 : FF;
9228 : FF;
9229 : FF;
922A : FF;
922B : FF;
922C : FF;
922D : FF;
922E : FF;
922F : FF;
9230 : FF;
9231 : FF;
9232 : FF;
9233 : FF;
9234 : FF;
9235 : FF;
9236 : FF;
9237 : FF;
9238 : FF;
9239 : FF;
923A : FF;
923B : FF;
923C : FF;
923D : FF;
923E : FF;
923F : FF;
9240 : FF;
9241 : FF;
9242 : FF;
9243 : FF;
9244 : FF;
9245 : FF;
9246 : FF;
9247 : FF;
9248 : FF;
9249 : FF;
924A : FF;
924B : FF;
924C : FF;
924D : FF;
924E : FF;
924F : FF;
9250 : FF;
9251 : FF;
9252 : FF;
9253 : FF;
9254 : FF;
9255 : FF;
9256 : FF;
9257 : FF;
9258 : FF;
9259 : FF;
925A : FF;
925B : FF;
925C : FF;
925D : FF;
925E : FF;
925F : FF;
9260 : FF;
9261 : FF;
9262 : FF;
9263 : FF;
9264 : FF;
9265 : FF;
9266 : FF;
9267 : FF;
9268 : FF;
9269 : FF;
926A : FF;
926B : FF;
926C : FF;
926D : FF;
926E : FF;
926F : FF;
9270 : FF;
9271 : FF;
9272 : FF;
9273 : FF;
9274 : FF;
9275 : FF;
9276 : FF;
9277 : FF;
9278 : FF;
9279 : FF;
927A : FF;
927B : FF;
927C : FF;
927D : FF;
927E : FF;
927F : FF;
9280 : FF;
9281 : FF;
9282 : FF;
9283 : FF;
9284 : FF;
9285 : FF;
9286 : FF;
9287 : FF;
9288 : FF;
9289 : FF;
928A : FF;
928B : FF;
928C : FF;
928D : FF;
928E : FF;
928F : FF;
9290 : FF;
9291 : FF;
9292 : FF;
9293 : FF;
9294 : FF;
9295 : FF;
9296 : FF;
9297 : FF;
9298 : FF;
9299 : FF;
929A : FF;
929B : FF;
929C : FF;
929D : FF;
929E : FF;
929F : FF;
92A0 : FF;
92A1 : FF;
92A2 : FF;
92A3 : FF;
92A4 : FF;
92A5 : FF;
92A6 : FF;
92A7 : FF;
92A8 : FF;
92A9 : FF;
92AA : FF;
92AB : FF;
92AC : FF;
92AD : FF;
92AE : FF;
92AF : FF;
92B0 : FF;
92B1 : FF;
92B2 : FF;
92B3 : FF;
92B4 : FF;
92B5 : FF;
92B6 : FF;
92B7 : FF;
92B8 : FF;
92B9 : FF;
92BA : FF;
92BB : FF;
92BC : FF;
92BD : FF;
92BE : FF;
92BF : FF;
92C0 : FF;
92C1 : FF;
92C2 : FF;
92C3 : FF;
92C4 : FF;
92C5 : FF;
92C6 : FF;
92C7 : FF;
92C8 : FF;
92C9 : FF;
92CA : FF;
92CB : FF;
92CC : FF;
92CD : FF;
92CE : FF;
92CF : FF;
92D0 : FF;
92D1 : FF;
92D2 : FF;
92D3 : FF;
92D4 : FF;
92D5 : FF;
92D6 : FF;
92D7 : FF;
92D8 : FF;
92D9 : FF;
92DA : FF;
92DB : FF;
92DC : FF;
92DD : FF;
92DE : FF;
92DF : FF;
92E0 : FF;
92E1 : FF;
92E2 : FF;
92E3 : FF;
92E4 : FF;
92E5 : FF;
92E6 : FF;
92E7 : FF;
92E8 : FF;
92E9 : FF;
92EA : FF;
92EB : FF;
92EC : FF;
92ED : FF;
92EE : FF;
92EF : FF;
92F0 : FF;
92F1 : FF;
92F2 : FF;
92F3 : FF;
92F4 : FF;
92F5 : FF;
92F6 : FF;
92F7 : FF;
92F8 : FF;
92F9 : FF;
92FA : FF;
92FB : FF;
92FC : FF;
92FD : FF;
92FE : FF;
92FF : FF;
9300 : FF;
9301 : FF;
9302 : FF;
9303 : FF;
9304 : FF;
9305 : FF;
9306 : FF;
9307 : FF;
9308 : FF;
9309 : FF;
930A : FF;
930B : FF;
930C : FF;
930D : FF;
930E : FF;
930F : FF;
9310 : FF;
9311 : FF;
9312 : FF;
9313 : FF;
9314 : FF;
9315 : FF;
9316 : FF;
9317 : FF;
9318 : FF;
9319 : FF;
931A : FF;
931B : FF;
931C : FF;
931D : FF;
931E : FF;
931F : FF;
9320 : FF;
9321 : FF;
9322 : FF;
9323 : FF;
9324 : FF;
9325 : FF;
9326 : FF;
9327 : FF;
9328 : FF;
9329 : FF;
932A : FF;
932B : FF;
932C : FF;
932D : FF;
932E : FF;
932F : FF;
9330 : FF;
9331 : FF;
9332 : FF;
9333 : FF;
9334 : FF;
9335 : FF;
9336 : FF;
9337 : FF;
9338 : FF;
9339 : FF;
933A : FF;
933B : FF;
933C : FF;
933D : FF;
933E : FF;
933F : FF;
9340 : FF;
9341 : FF;
9342 : FF;
9343 : FF;
9344 : FF;
9345 : FF;
9346 : FF;
9347 : FF;
9348 : FF;
9349 : FF;
934A : FF;
934B : FF;
934C : FF;
934D : FF;
934E : FF;
934F : FF;
9350 : FF;
9351 : FF;
9352 : FF;
9353 : FF;
9354 : FF;
9355 : FF;
9356 : FF;
9357 : FF;
9358 : FF;
9359 : FF;
935A : FF;
935B : FF;
935C : FF;
935D : FF;
935E : FF;
935F : FF;
9360 : FF;
9361 : FF;
9362 : FF;
9363 : FF;
9364 : FF;
9365 : FF;
9366 : FF;
9367 : FF;
9368 : FF;
9369 : FF;
936A : FF;
936B : FF;
936C : FF;
936D : FF;
936E : FF;
936F : FF;
9370 : FF;
9371 : FF;
9372 : FF;
9373 : FF;
9374 : FF;
9375 : FF;
9376 : FF;
9377 : FF;
9378 : FF;
9379 : FF;
937A : FF;
937B : FF;
937C : FF;
937D : FF;
937E : FF;
937F : FF;
9380 : FF;
9381 : FF;
9382 : FF;
9383 : FF;
9384 : FF;
9385 : FF;
9386 : FF;
9387 : FF;
9388 : FF;
9389 : FF;
938A : FF;
938B : FF;
938C : FF;
938D : FF;
938E : FF;
938F : FF;
9390 : FF;
9391 : FF;
9392 : FF;
9393 : FF;
9394 : FF;
9395 : FF;
9396 : FF;
9397 : FF;
9398 : FF;
9399 : FF;
939A : FF;
939B : FF;
939C : FF;
939D : FF;
939E : FF;
939F : FF;
93A0 : FF;
93A1 : FF;
93A2 : FF;
93A3 : FF;
93A4 : FF;
93A5 : FF;
93A6 : FF;
93A7 : FF;
93A8 : FF;
93A9 : FF;
93AA : FF;
93AB : FF;
93AC : FF;
93AD : FF;
93AE : FF;
93AF : FF;
93B0 : FF;
93B1 : FF;
93B2 : FF;
93B3 : FF;
93B4 : FF;
93B5 : FF;
93B6 : FF;
93B7 : FF;
93B8 : FF;
93B9 : FF;
93BA : FF;
93BB : FF;
93BC : FF;
93BD : FF;
93BE : FF;
93BF : FF;
93C0 : FF;
93C1 : FF;
93C2 : FF;
93C3 : FF;
93C4 : FF;
93C5 : FF;
93C6 : FF;
93C7 : FF;
93C8 : FF;
93C9 : FF;
93CA : FF;
93CB : FF;
93CC : FF;
93CD : FF;
93CE : FF;
93CF : FF;
93D0 : FF;
93D1 : FF;
93D2 : FF;
93D3 : FF;
93D4 : FF;
93D5 : FF;
93D6 : FF;
93D7 : FF;
93D8 : FF;
93D9 : FF;
93DA : FF;
93DB : FF;
93DC : FF;
93DD : FF;
93DE : FF;
93DF : FF;
93E0 : FF;
93E1 : FF;
93E2 : FF;
93E3 : FF;
93E4 : FF;
93E5 : FF;
93E6 : FF;
93E7 : FF;
93E8 : FF;
93E9 : FF;
93EA : FF;
93EB : FF;
93EC : FF;
93ED : FF;
93EE : FF;
93EF : FF;
93F0 : FF;
93F1 : FF;
93F2 : FF;
93F3 : FF;
93F4 : FF;
93F5 : FF;
93F6 : FF;
93F7 : FF;
93F8 : FF;
93F9 : FF;
93FA : FF;
93FB : FF;
93FC : FF;
93FD : FF;
93FE : FF;
93FF : FF;
9400 : FF;
9401 : FF;
9402 : FF;
9403 : FF;
9404 : FF;
9405 : FF;
9406 : FF;
9407 : FF;
9408 : FF;
9409 : FF;
940A : FF;
940B : FF;
940C : FF;
940D : FF;
940E : FF;
940F : FF;
9410 : FF;
9411 : FF;
9412 : FF;
9413 : FF;
9414 : FF;
9415 : FF;
9416 : FF;
9417 : FF;
9418 : FF;
9419 : FF;
941A : FF;
941B : FF;
941C : FF;
941D : FF;
941E : FF;
941F : FF;
9420 : FF;
9421 : FF;
9422 : FF;
9423 : FF;
9424 : FF;
9425 : FF;
9426 : FF;
9427 : FF;
9428 : FF;
9429 : FF;
942A : FF;
942B : FF;
942C : FF;
942D : FF;
942E : FF;
942F : FF;
9430 : FF;
9431 : FF;
9432 : FF;
9433 : FF;
9434 : FF;
9435 : FF;
9436 : FF;
9437 : FF;
9438 : FF;
9439 : FF;
943A : FF;
943B : FF;
943C : FF;
943D : FF;
943E : FF;
943F : FF;
9440 : FF;
9441 : FF;
9442 : FF;
9443 : FF;
9444 : FF;
9445 : FF;
9446 : FF;
9447 : FF;
9448 : FF;
9449 : FF;
944A : FF;
944B : FF;
944C : FF;
944D : FF;
944E : FF;
944F : FF;
9450 : FF;
9451 : FF;
9452 : FF;
9453 : FF;
9454 : FF;
9455 : FF;
9456 : FF;
9457 : FF;
9458 : FF;
9459 : FF;
945A : FF;
945B : FF;
945C : FF;
945D : FF;
945E : FF;
945F : FF;
9460 : FF;
9461 : FF;
9462 : FF;
9463 : FF;
9464 : FF;
9465 : FF;
9466 : FF;
9467 : FF;
9468 : FF;
9469 : FF;
946A : FF;
946B : FF;
946C : FF;
946D : FF;
946E : FF;
946F : FF;
9470 : FF;
9471 : FF;
9472 : FF;
9473 : FF;
9474 : FF;
9475 : FF;
9476 : FF;
9477 : FF;
9478 : FF;
9479 : FF;
947A : FF;
947B : FF;
947C : FF;
947D : FF;
947E : FF;
947F : FF;
9480 : FF;
9481 : FF;
9482 : FF;
9483 : FF;
9484 : FF;
9485 : FF;
9486 : FF;
9487 : FF;
9488 : FF;
9489 : FF;
948A : FF;
948B : FF;
948C : FF;
948D : FF;
948E : FF;
948F : FF;
9490 : FF;
9491 : FF;
9492 : FF;
9493 : FF;
9494 : FF;
9495 : FF;
9496 : FF;
9497 : FF;
9498 : FF;
9499 : FF;
949A : FF;
949B : FF;
949C : FF;
949D : FF;
949E : FF;
949F : FF;
94A0 : FF;
94A1 : FF;
94A2 : FF;
94A3 : FF;
94A4 : FF;
94A5 : FF;
94A6 : FF;
94A7 : FF;
94A8 : FF;
94A9 : FF;
94AA : FF;
94AB : FF;
94AC : FF;
94AD : FF;
94AE : FF;
94AF : FF;
94B0 : FF;
94B1 : FF;
94B2 : FF;
94B3 : FF;
94B4 : FF;
94B5 : FF;
94B6 : FF;
94B7 : FF;
94B8 : FF;
94B9 : FF;
94BA : FF;
94BB : FF;
94BC : FF;
94BD : FF;
94BE : FF;
94BF : FF;
94C0 : FF;
94C1 : FF;
94C2 : FF;
94C3 : FF;
94C4 : FF;
94C5 : FF;
94C6 : FF;
94C7 : FF;
94C8 : FF;
94C9 : FF;
94CA : FF;
94CB : FF;
94CC : FF;
94CD : FF;
94CE : FF;
94CF : FF;
94D0 : FF;
94D1 : FF;
94D2 : FF;
94D3 : FF;
94D4 : FF;
94D5 : FF;
94D6 : FF;
94D7 : FF;
94D8 : FF;
94D9 : FF;
94DA : FF;
94DB : FF;
94DC : FF;
94DD : FF;
94DE : FF;
94DF : FF;
94E0 : FF;
94E1 : FF;
94E2 : FF;
94E3 : FF;
94E4 : FF;
94E5 : FF;
94E6 : FF;
94E7 : FF;
94E8 : FF;
94E9 : FF;
94EA : FF;
94EB : FF;
94EC : FF;
94ED : FF;
94EE : FF;
94EF : FF;
94F0 : FF;
94F1 : FF;
94F2 : FF;
94F3 : FF;
94F4 : FF;
94F5 : FF;
94F6 : FF;
94F7 : FF;
94F8 : FF;
94F9 : FF;
94FA : FF;
94FB : FF;
94FC : FF;
94FD : FF;
94FE : FF;
94FF : FF;
9500 : FF;
9501 : FF;
9502 : FF;
9503 : FF;
9504 : FF;
9505 : FF;
9506 : FF;
9507 : FF;
9508 : FF;
9509 : FF;
950A : FF;
950B : FF;
950C : FF;
950D : FF;
950E : FF;
950F : FF;
9510 : FF;
9511 : FF;
9512 : FF;
9513 : FF;
9514 : FF;
9515 : FF;
9516 : FF;
9517 : FF;
9518 : FF;
9519 : FF;
951A : FF;
951B : FF;
951C : FF;
951D : FF;
951E : FF;
951F : FF;
9520 : FF;
9521 : FF;
9522 : FF;
9523 : FF;
9524 : FF;
9525 : FF;
9526 : FF;
9527 : FF;
9528 : FF;
9529 : FF;
952A : FF;
952B : FF;
952C : FF;
952D : FF;
952E : FF;
952F : FF;
9530 : FF;
9531 : FF;
9532 : FF;
9533 : FF;
9534 : FF;
9535 : FF;
9536 : FF;
9537 : FF;
9538 : FF;
9539 : FF;
953A : FF;
953B : FF;
953C : FF;
953D : FF;
953E : FF;
953F : FF;
9540 : FF;
9541 : FF;
9542 : FF;
9543 : FF;
9544 : FF;
9545 : FF;
9546 : FF;
9547 : FF;
9548 : FF;
9549 : FF;
954A : FF;
954B : FF;
954C : FF;
954D : FF;
954E : FF;
954F : FF;
9550 : FF;
9551 : FF;
9552 : FF;
9553 : FF;
9554 : FF;
9555 : FF;
9556 : FF;
9557 : FF;
9558 : FF;
9559 : FF;
955A : FF;
955B : FF;
955C : FF;
955D : FF;
955E : FF;
955F : FF;
9560 : FF;
9561 : FF;
9562 : FF;
9563 : FF;
9564 : FF;
9565 : FF;
9566 : FF;
9567 : FF;
9568 : FF;
9569 : FF;
956A : FF;
956B : FF;
956C : FF;
956D : FF;
956E : FF;
956F : FF;
9570 : FF;
9571 : FF;
9572 : FF;
9573 : FF;
9574 : FF;
9575 : FF;
9576 : FF;
9577 : FF;
9578 : FF;
9579 : FF;
957A : FF;
957B : FF;
957C : FF;
957D : FF;
957E : FF;
957F : FF;
9580 : FF;
9581 : FF;
9582 : FF;
9583 : FF;
9584 : FF;
9585 : FF;
9586 : FF;
9587 : FF;
9588 : FF;
9589 : FF;
958A : FF;
958B : FF;
958C : FF;
958D : FF;
958E : FF;
958F : FF;
9590 : FF;
9591 : FF;
9592 : FF;
9593 : FF;
9594 : FF;
9595 : FF;
9596 : FF;
9597 : FF;
9598 : FF;
9599 : FF;
959A : FF;
959B : FF;
959C : FF;
959D : FF;
959E : FF;
959F : FF;
95A0 : FF;
95A1 : FF;
95A2 : FF;
95A3 : FF;
95A4 : FF;
95A5 : FF;
95A6 : FF;
95A7 : FF;
95A8 : FF;
95A9 : FF;
95AA : FF;
95AB : FF;
95AC : FF;
95AD : FF;
95AE : FF;
95AF : FF;
95B0 : FF;
95B1 : FF;
95B2 : FF;
95B3 : FF;
95B4 : FF;
95B5 : FF;
95B6 : FF;
95B7 : FF;
95B8 : FF;
95B9 : FF;
95BA : FF;
95BB : FF;
95BC : FF;
95BD : FF;
95BE : FF;
95BF : FF;
95C0 : FF;
95C1 : FF;
95C2 : FF;
95C3 : FF;
95C4 : FF;
95C5 : FF;
95C6 : FF;
95C7 : FF;
95C8 : FF;
95C9 : FF;
95CA : FF;
95CB : FF;
95CC : FF;
95CD : FF;
95CE : FF;
95CF : FF;
95D0 : FF;
95D1 : FF;
95D2 : FF;
95D3 : FF;
95D4 : FF;
95D5 : FF;
95D6 : FF;
95D7 : FF;
95D8 : FF;
95D9 : FF;
95DA : FF;
95DB : FF;
95DC : FF;
95DD : FF;
95DE : FF;
95DF : FF;
95E0 : FF;
95E1 : FF;
95E2 : FF;
95E3 : FF;
95E4 : FF;
95E5 : FF;
95E6 : FF;
95E7 : FF;
95E8 : FF;
95E9 : FF;
95EA : FF;
95EB : FF;
95EC : FF;
95ED : FF;
95EE : FF;
95EF : FF;
95F0 : FF;
95F1 : FF;
95F2 : FF;
95F3 : FF;
95F4 : FF;
95F5 : FF;
95F6 : FF;
95F7 : FF;
95F8 : FF;
95F9 : FF;
95FA : FF;
95FB : FF;
95FC : FF;
95FD : FF;
95FE : FF;
95FF : FF;
9600 : FF;
9601 : FF;
9602 : FF;
9603 : FF;
9604 : FF;
9605 : FF;
9606 : FF;
9607 : FF;
9608 : FF;
9609 : FF;
960A : FF;
960B : FF;
960C : FF;
960D : FF;
960E : FF;
960F : FF;
9610 : FF;
9611 : FF;
9612 : FF;
9613 : FF;
9614 : FF;
9615 : FF;
9616 : FF;
9617 : FF;
9618 : FF;
9619 : FF;
961A : FF;
961B : FF;
961C : FF;
961D : FF;
961E : FF;
961F : FF;
9620 : FF;
9621 : FF;
9622 : FF;
9623 : FF;
9624 : FF;
9625 : FF;
9626 : FF;
9627 : FF;
9628 : FF;
9629 : FF;
962A : FF;
962B : FF;
962C : FF;
962D : FF;
962E : FF;
962F : FF;
9630 : FF;
9631 : FF;
9632 : FF;
9633 : FF;
9634 : FF;
9635 : FF;
9636 : FF;
9637 : FF;
9638 : FF;
9639 : FF;
963A : FF;
963B : FF;
963C : FF;
963D : FF;
963E : FF;
963F : FF;
9640 : FF;
9641 : FF;
9642 : FF;
9643 : FF;
9644 : FF;
9645 : FF;
9646 : FF;
9647 : FF;
9648 : FF;
9649 : FF;
964A : FF;
964B : FF;
964C : FF;
964D : FF;
964E : FF;
964F : FF;
9650 : FF;
9651 : FF;
9652 : FF;
9653 : FF;
9654 : FF;
9655 : FF;
9656 : FF;
9657 : FF;
9658 : FF;
9659 : FF;
965A : FF;
965B : FF;
965C : FF;
965D : FF;
965E : FF;
965F : FF;
9660 : FF;
9661 : FF;
9662 : FF;
9663 : FF;
9664 : FF;
9665 : FF;
9666 : FF;
9667 : FF;
9668 : FF;
9669 : FF;
966A : FF;
966B : FF;
966C : FF;
966D : FF;
966E : FF;
966F : FF;
9670 : FF;
9671 : FF;
9672 : FF;
9673 : FF;
9674 : FF;
9675 : FF;
9676 : FF;
9677 : FF;
9678 : FF;
9679 : FF;
967A : FF;
967B : FF;
967C : FF;
967D : FF;
967E : FF;
967F : FF;
9680 : FF;
9681 : FF;
9682 : FF;
9683 : FF;
9684 : FF;
9685 : FF;
9686 : FF;
9687 : FF;
9688 : FF;
9689 : FF;
968A : FF;
968B : FF;
968C : FF;
968D : FF;
968E : FF;
968F : FF;
9690 : FF;
9691 : FF;
9692 : FF;
9693 : FF;
9694 : FF;
9695 : FF;
9696 : FF;
9697 : FF;
9698 : FF;
9699 : FF;
969A : FF;
969B : FF;
969C : FF;
969D : FF;
969E : FF;
969F : FF;
96A0 : FF;
96A1 : FF;
96A2 : FF;
96A3 : FF;
96A4 : FF;
96A5 : FF;
96A6 : FF;
96A7 : FF;
96A8 : FF;
96A9 : FF;
96AA : FF;
96AB : FF;
96AC : FF;
96AD : FF;
96AE : FF;
96AF : FF;
96B0 : FF;
96B1 : FF;
96B2 : FF;
96B3 : FF;
96B4 : FF;
96B5 : FF;
96B6 : FF;
96B7 : FF;
96B8 : FF;
96B9 : FF;
96BA : FF;
96BB : FF;
96BC : FF;
96BD : FF;
96BE : FF;
96BF : FF;
96C0 : FF;
96C1 : FF;
96C2 : FF;
96C3 : FF;
96C4 : FF;
96C5 : FF;
96C6 : FF;
96C7 : FF;
96C8 : FF;
96C9 : FF;
96CA : FF;
96CB : FF;
96CC : FF;
96CD : FF;
96CE : FF;
96CF : FF;
96D0 : FF;
96D1 : FF;
96D2 : FF;
96D3 : FF;
96D4 : FF;
96D5 : FF;
96D6 : FF;
96D7 : FF;
96D8 : FF;
96D9 : FF;
96DA : FF;
96DB : FF;
96DC : FF;
96DD : FF;
96DE : FF;
96DF : FF;
96E0 : FF;
96E1 : FF;
96E2 : FF;
96E3 : FF;
96E4 : FF;
96E5 : FF;
96E6 : FF;
96E7 : FF;
96E8 : FF;
96E9 : FF;
96EA : FF;
96EB : FF;
96EC : FF;
96ED : FF;
96EE : FF;
96EF : FF;
96F0 : FF;
96F1 : FF;
96F2 : FF;
96F3 : FF;
96F4 : FF;
96F5 : FF;
96F6 : FF;
96F7 : FF;
96F8 : FF;
96F9 : FF;
96FA : FF;
96FB : FF;
96FC : FF;
96FD : FF;
96FE : FF;
96FF : FF;
9700 : FF;
9701 : FF;
9702 : FF;
9703 : FF;
9704 : FF;
9705 : FF;
9706 : FF;
9707 : FF;
9708 : FF;
9709 : FF;
970A : FF;
970B : FF;
970C : FF;
970D : FF;
970E : FF;
970F : FF;
9710 : FF;
9711 : FF;
9712 : FF;
9713 : FF;
9714 : FF;
9715 : FF;
9716 : FF;
9717 : FF;
9718 : FF;
9719 : FF;
971A : FF;
971B : FF;
971C : FF;
971D : FF;
971E : FF;
971F : FF;
9720 : FF;
9721 : FF;
9722 : FF;
9723 : FF;
9724 : FF;
9725 : FF;
9726 : FF;
9727 : FF;
9728 : FF;
9729 : FF;
972A : FF;
972B : FF;
972C : FF;
972D : FF;
972E : FF;
972F : FF;
9730 : FF;
9731 : FF;
9732 : FF;
9733 : FF;
9734 : FF;
9735 : FF;
9736 : FF;
9737 : FF;
9738 : FF;
9739 : FF;
973A : FF;
973B : FF;
973C : FF;
973D : FF;
973E : FF;
973F : FF;
9740 : FF;
9741 : FF;
9742 : FF;
9743 : FF;
9744 : FF;
9745 : FF;
9746 : FF;
9747 : FF;
9748 : FF;
9749 : FF;
974A : FF;
974B : FF;
974C : FF;
974D : FF;
974E : FF;
974F : FF;
9750 : FF;
9751 : FF;
9752 : FF;
9753 : FF;
9754 : FF;
9755 : FF;
9756 : FF;
9757 : FF;
9758 : FF;
9759 : FF;
975A : FF;
975B : FF;
975C : FF;
975D : FF;
975E : FF;
975F : FF;
9760 : FF;
9761 : FF;
9762 : FF;
9763 : FF;
9764 : FF;
9765 : FF;
9766 : FF;
9767 : FF;
9768 : FF;
9769 : FF;
976A : FF;
976B : FF;
976C : FF;
976D : FF;
976E : FF;
976F : FF;
9770 : FF;
9771 : FF;
9772 : FF;
9773 : FF;
9774 : FF;
9775 : FF;
9776 : FF;
9777 : FF;
9778 : FF;
9779 : FF;
977A : FF;
977B : FF;
977C : FF;
977D : FF;
977E : FF;
977F : FF;
9780 : FF;
9781 : FF;
9782 : FF;
9783 : FF;
9784 : FF;
9785 : FF;
9786 : FF;
9787 : FF;
9788 : FF;
9789 : FF;
978A : FF;
978B : FF;
978C : FF;
978D : FF;
978E : FF;
978F : FF;
9790 : FF;
9791 : FF;
9792 : FF;
9793 : FF;
9794 : FF;
9795 : FF;
9796 : FF;
9797 : FF;
9798 : FF;
9799 : FF;
979A : FF;
979B : FF;
979C : FF;
979D : FF;
979E : FF;
979F : FF;
97A0 : FF;
97A1 : FF;
97A2 : FF;
97A3 : FF;
97A4 : FF;
97A5 : FF;
97A6 : FF;
97A7 : FF;
97A8 : FF;
97A9 : FF;
97AA : FF;
97AB : FF;
97AC : FF;
97AD : FF;
97AE : FF;
97AF : FF;
97B0 : FF;
97B1 : FF;
97B2 : FF;
97B3 : FF;
97B4 : FF;
97B5 : FF;
97B6 : FF;
97B7 : FF;
97B8 : FF;
97B9 : FF;
97BA : FF;
97BB : FF;
97BC : FF;
97BD : FF;
97BE : FF;
97BF : FF;
97C0 : FF;
97C1 : FF;
97C2 : FF;
97C3 : FF;
97C4 : FF;
97C5 : FF;
97C6 : FF;
97C7 : FF;
97C8 : FF;
97C9 : FF;
97CA : FF;
97CB : FF;
97CC : FF;
97CD : FF;
97CE : FF;
97CF : FF;
97D0 : FF;
97D1 : FF;
97D2 : FF;
97D3 : FF;
97D4 : FF;
97D5 : FF;
97D6 : FF;
97D7 : FF;
97D8 : FF;
97D9 : FF;
97DA : FF;
97DB : FF;
97DC : FF;
97DD : FF;
97DE : FF;
97DF : FF;
97E0 : FF;
97E1 : FF;
97E2 : FF;
97E3 : FF;
97E4 : FF;
97E5 : FF;
97E6 : FF;
97E7 : FF;
97E8 : FF;
97E9 : FF;
97EA : FF;
97EB : FF;
97EC : FF;
97ED : FF;
97EE : FF;
97EF : FF;
97F0 : FF;
97F1 : FF;
97F2 : FF;
97F3 : FF;
97F4 : FF;
97F5 : FF;
97F6 : FF;
97F7 : FF;
97F8 : FF;
97F9 : FF;
97FA : FF;
97FB : FF;
97FC : FF;
97FD : FF;
97FE : FF;
97FF : FF;
9800 : FF;
9801 : FF;
9802 : FF;
9803 : FF;
9804 : FF;
9805 : FF;
9806 : FF;
9807 : FF;
9808 : FF;
9809 : FF;
980A : FF;
980B : FF;
980C : FF;
980D : FF;
980E : FF;
980F : FF;
9810 : FF;
9811 : FF;
9812 : FF;
9813 : FF;
9814 : FF;
9815 : FF;
9816 : FF;
9817 : FF;
9818 : FF;
9819 : FF;
981A : FF;
981B : FF;
981C : FF;
981D : FF;
981E : FF;
981F : FF;
9820 : FF;
9821 : FF;
9822 : FF;
9823 : FF;
9824 : FF;
9825 : FF;
9826 : FF;
9827 : FF;
9828 : FF;
9829 : FF;
982A : FF;
982B : FF;
982C : FF;
982D : FF;
982E : FF;
982F : FF;
9830 : FF;
9831 : FF;
9832 : FF;
9833 : FF;
9834 : FF;
9835 : FF;
9836 : FF;
9837 : FF;
9838 : FF;
9839 : FF;
983A : FF;
983B : FF;
983C : FF;
983D : FF;
983E : FF;
983F : FF;
9840 : FF;
9841 : FF;
9842 : FF;
9843 : FF;
9844 : FF;
9845 : FF;
9846 : FF;
9847 : FF;
9848 : FF;
9849 : FF;
984A : FF;
984B : FF;
984C : FF;
984D : FF;
984E : FF;
984F : FF;
9850 : FF;
9851 : FF;
9852 : FF;
9853 : FF;
9854 : FF;
9855 : FF;
9856 : FF;
9857 : FF;
9858 : FF;
9859 : FF;
985A : FF;
985B : FF;
985C : FF;
985D : FF;
985E : FF;
985F : FF;
9860 : FF;
9861 : FF;
9862 : FF;
9863 : FF;
9864 : FF;
9865 : FF;
9866 : FF;
9867 : FF;
9868 : FF;
9869 : FF;
986A : FF;
986B : FF;
986C : FF;
986D : FF;
986E : FF;
986F : FF;
9870 : FF;
9871 : FF;
9872 : FF;
9873 : FF;
9874 : FF;
9875 : FF;
9876 : FF;
9877 : FF;
9878 : FF;
9879 : FF;
987A : FF;
987B : FF;
987C : FF;
987D : FF;
987E : FF;
987F : FF;
9880 : FF;
9881 : FF;
9882 : FF;
9883 : FF;
9884 : FF;
9885 : FF;
9886 : FF;
9887 : FF;
9888 : FF;
9889 : FF;
988A : FF;
988B : FF;
988C : FF;
988D : FF;
988E : FF;
988F : FF;
9890 : FF;
9891 : FF;
9892 : FF;
9893 : FF;
9894 : FF;
9895 : FF;
9896 : FF;
9897 : FF;
9898 : FF;
9899 : FF;
989A : FF;
989B : FF;
989C : FF;
989D : FF;
989E : FF;
989F : FF;
98A0 : FF;
98A1 : FF;
98A2 : FF;
98A3 : FF;
98A4 : FF;
98A5 : FF;
98A6 : FF;
98A7 : FF;
98A8 : FF;
98A9 : FF;
98AA : FF;
98AB : FF;
98AC : FF;
98AD : FF;
98AE : FF;
98AF : FF;
98B0 : FF;
98B1 : FF;
98B2 : FF;
98B3 : FF;
98B4 : FF;
98B5 : FF;
98B6 : FF;
98B7 : FF;
98B8 : FF;
98B9 : FF;
98BA : FF;
98BB : FF;
98BC : FF;
98BD : FF;
98BE : FF;
98BF : FF;
98C0 : FF;
98C1 : FF;
98C2 : FF;
98C3 : FF;
98C4 : FF;
98C5 : FF;
98C6 : FF;
98C7 : FF;
98C8 : FF;
98C9 : FF;
98CA : FF;
98CB : FF;
98CC : FF;
98CD : FF;
98CE : FF;
98CF : FF;
98D0 : FF;
98D1 : FF;
98D2 : FF;
98D3 : FF;
98D4 : FF;
98D5 : FF;
98D6 : FF;
98D7 : FF;
98D8 : FF;
98D9 : FF;
98DA : FF;
98DB : FF;
98DC : FF;
98DD : FF;
98DE : FF;
98DF : FF;
98E0 : FF;
98E1 : FF;
98E2 : FF;
98E3 : FF;
98E4 : FF;
98E5 : FF;
98E6 : FF;
98E7 : FF;
98E8 : FF;
98E9 : FF;
98EA : FF;
98EB : FF;
98EC : FF;
98ED : FF;
98EE : FF;
98EF : FF;
98F0 : FF;
98F1 : FF;
98F2 : FF;
98F3 : FF;
98F4 : FF;
98F5 : FF;
98F6 : FF;
98F7 : FF;
98F8 : FF;
98F9 : FF;
98FA : FF;
98FB : FF;
98FC : FF;
98FD : FF;
98FE : FF;
98FF : FF;
9900 : FF;
9901 : FF;
9902 : FF;
9903 : FF;
9904 : FF;
9905 : FF;
9906 : FF;
9907 : FF;
9908 : FF;
9909 : FF;
990A : FF;
990B : FF;
990C : FF;
990D : FF;
990E : FF;
990F : FF;
9910 : FF;
9911 : FF;
9912 : FF;
9913 : FF;
9914 : FF;
9915 : FF;
9916 : FF;
9917 : FF;
9918 : FF;
9919 : FF;
991A : FF;
991B : FF;
991C : FF;
991D : FF;
991E : FF;
991F : FF;
9920 : FF;
9921 : FF;
9922 : FF;
9923 : FF;
9924 : FF;
9925 : FF;
9926 : FF;
9927 : FF;
9928 : FF;
9929 : FF;
992A : FF;
992B : FF;
992C : FF;
992D : FF;
992E : FF;
992F : FF;
9930 : FF;
9931 : FF;
9932 : FF;
9933 : FF;
9934 : FF;
9935 : FF;
9936 : FF;
9937 : FF;
9938 : FF;
9939 : FF;
993A : FF;
993B : FF;
993C : FF;
993D : FF;
993E : FF;
993F : FF;
9940 : FF;
9941 : FF;
9942 : FF;
9943 : FF;
9944 : FF;
9945 : FF;
9946 : FF;
9947 : FF;
9948 : FF;
9949 : FF;
994A : FF;
994B : FF;
994C : FF;
994D : FF;
994E : FF;
994F : FF;
9950 : FF;
9951 : FF;
9952 : FF;
9953 : FF;
9954 : FF;
9955 : FF;
9956 : FF;
9957 : FF;
9958 : FF;
9959 : FF;
995A : FF;
995B : FF;
995C : FF;
995D : FF;
995E : FF;
995F : FF;
9960 : FF;
9961 : FF;
9962 : FF;
9963 : FF;
9964 : FF;
9965 : FF;
9966 : FF;
9967 : FF;
9968 : FF;
9969 : FF;
996A : FF;
996B : FF;
996C : FF;
996D : FF;
996E : FF;
996F : FF;
9970 : FF;
9971 : FF;
9972 : FF;
9973 : FF;
9974 : FF;
9975 : FF;
9976 : FF;
9977 : FF;
9978 : FF;
9979 : FF;
997A : FF;
997B : FF;
997C : FF;
997D : FF;
997E : FF;
997F : FF;
9980 : FF;
9981 : FF;
9982 : FF;
9983 : FF;
9984 : FF;
9985 : FF;
9986 : FF;
9987 : FF;
9988 : FF;
9989 : FF;
998A : FF;
998B : FF;
998C : FF;
998D : FF;
998E : FF;
998F : FF;
9990 : FF;
9991 : FF;
9992 : FF;
9993 : FF;
9994 : FF;
9995 : FF;
9996 : FF;
9997 : FF;
9998 : FF;
9999 : FF;
999A : FF;
999B : FF;
999C : FF;
999D : FF;
999E : FF;
999F : FF;
99A0 : FF;
99A1 : FF;
99A2 : FF;
99A3 : FF;
99A4 : FF;
99A5 : FF;
99A6 : FF;
99A7 : FF;
99A8 : FF;
99A9 : FF;
99AA : FF;
99AB : FF;
99AC : FF;
99AD : FF;
99AE : FF;
99AF : FF;
99B0 : FF;
99B1 : FF;
99B2 : FF;
99B3 : FF;
99B4 : FF;
99B5 : FF;
99B6 : FF;
99B7 : FF;
99B8 : FF;
99B9 : FF;
99BA : FF;
99BB : FF;
99BC : FF;
99BD : FF;
99BE : FF;
99BF : FF;
99C0 : FF;
99C1 : FF;
99C2 : FF;
99C3 : FF;
99C4 : FF;
99C5 : FF;
99C6 : FF;
99C7 : FF;
99C8 : FF;
99C9 : FF;
99CA : FF;
99CB : FF;
99CC : FF;
99CD : FF;
99CE : FF;
99CF : FF;
99D0 : FF;
99D1 : FF;
99D2 : FF;
99D3 : FF;
99D4 : FF;
99D5 : FF;
99D6 : FF;
99D7 : FF;
99D8 : FF;
99D9 : FF;
99DA : FF;
99DB : FF;
99DC : FF;
99DD : FF;
99DE : FF;
99DF : FF;
99E0 : FF;
99E1 : FF;
99E2 : FF;
99E3 : FF;
99E4 : FF;
99E5 : FF;
99E6 : FF;
99E7 : FF;
99E8 : FF;
99E9 : FF;
99EA : FF;
99EB : FF;
99EC : FF;
99ED : FF;
99EE : FF;
99EF : FF;
99F0 : FF;
99F1 : FF;
99F2 : FF;
99F3 : FF;
99F4 : FF;
99F5 : FF;
99F6 : FF;
99F7 : FF;
99F8 : FF;
99F9 : FF;
99FA : FF;
99FB : FF;
99FC : FF;
99FD : FF;
99FE : FF;
99FF : FF;
9A00 : FF;
9A01 : FF;
9A02 : FF;
9A03 : FF;
9A04 : FF;
9A05 : FF;
9A06 : FF;
9A07 : FF;
9A08 : FF;
9A09 : FF;
9A0A : FF;
9A0B : FF;
9A0C : FF;
9A0D : FF;
9A0E : FF;
9A0F : FF;
9A10 : FF;
9A11 : FF;
9A12 : FF;
9A13 : FF;
9A14 : FF;
9A15 : FF;
9A16 : FF;
9A17 : FF;
9A18 : FF;
9A19 : FF;
9A1A : FF;
9A1B : FF;
9A1C : FF;
9A1D : FF;
9A1E : FF;
9A1F : FF;
9A20 : FF;
9A21 : FF;
9A22 : FF;
9A23 : FF;
9A24 : FF;
9A25 : FF;
9A26 : FF;
9A27 : FF;
9A28 : FF;
9A29 : FF;
9A2A : FF;
9A2B : FF;
9A2C : FF;
9A2D : FF;
9A2E : FF;
9A2F : FF;
9A30 : FF;
9A31 : FF;
9A32 : FF;
9A33 : FF;
9A34 : FF;
9A35 : FF;
9A36 : FF;
9A37 : FF;
9A38 : FF;
9A39 : FF;
9A3A : FF;
9A3B : FF;
9A3C : FF;
9A3D : FF;
9A3E : FF;
9A3F : FF;
9A40 : FF;
9A41 : FF;
9A42 : FF;
9A43 : FF;
9A44 : FF;
9A45 : FF;
9A46 : FF;
9A47 : FF;
9A48 : FF;
9A49 : FF;
9A4A : FF;
9A4B : FF;
9A4C : FF;
9A4D : FF;
9A4E : FF;
9A4F : FF;
9A50 : FF;
9A51 : FF;
9A52 : FF;
9A53 : FF;
9A54 : FF;
9A55 : FF;
9A56 : FF;
9A57 : FF;
9A58 : FF;
9A59 : FF;
9A5A : FF;
9A5B : FF;
9A5C : FF;
9A5D : FF;
9A5E : FF;
9A5F : FF;
9A60 : FF;
9A61 : FF;
9A62 : FF;
9A63 : FF;
9A64 : FF;
9A65 : FF;
9A66 : FF;
9A67 : FF;
9A68 : FF;
9A69 : FF;
9A6A : FF;
9A6B : FF;
9A6C : FF;
9A6D : FF;
9A6E : FF;
9A6F : FF;
9A70 : FF;
9A71 : FF;
9A72 : FF;
9A73 : FF;
9A74 : FF;
9A75 : FF;
9A76 : FF;
9A77 : FF;
9A78 : FF;
9A79 : FF;
9A7A : FF;
9A7B : FF;
9A7C : FF;
9A7D : FF;
9A7E : FF;
9A7F : FF;
9A80 : FF;
9A81 : FF;
9A82 : FF;
9A83 : FF;
9A84 : FF;
9A85 : FF;
9A86 : FF;
9A87 : FF;
9A88 : FF;
9A89 : FF;
9A8A : FF;
9A8B : FF;
9A8C : FF;
9A8D : FF;
9A8E : FF;
9A8F : FF;
9A90 : FF;
9A91 : FF;
9A92 : FF;
9A93 : FF;
9A94 : FF;
9A95 : FF;
9A96 : FF;
9A97 : FF;
9A98 : FF;
9A99 : FF;
9A9A : FF;
9A9B : FF;
9A9C : FF;
9A9D : FF;
9A9E : FF;
9A9F : FF;
9AA0 : FF;
9AA1 : FF;
9AA2 : FF;
9AA3 : FF;
9AA4 : FF;
9AA5 : FF;
9AA6 : FF;
9AA7 : FF;
9AA8 : FF;
9AA9 : FF;
9AAA : FF;
9AAB : FF;
9AAC : FF;
9AAD : FF;
9AAE : FF;
9AAF : FF;
9AB0 : FF;
9AB1 : FF;
9AB2 : FF;
9AB3 : FF;
9AB4 : FF;
9AB5 : FF;
9AB6 : FF;
9AB7 : FF;
9AB8 : FF;
9AB9 : FF;
9ABA : FF;
9ABB : FF;
9ABC : FF;
9ABD : FF;
9ABE : FF;
9ABF : FF;
9AC0 : FF;
9AC1 : FF;
9AC2 : FF;
9AC3 : FF;
9AC4 : FF;
9AC5 : FF;
9AC6 : FF;
9AC7 : FF;
9AC8 : FF;
9AC9 : FF;
9ACA : FF;
9ACB : FF;
9ACC : FF;
9ACD : FF;
9ACE : FF;
9ACF : FF;
9AD0 : FF;
9AD1 : FF;
9AD2 : FF;
9AD3 : FF;
9AD4 : FF;
9AD5 : FF;
9AD6 : FF;
9AD7 : FF;
9AD8 : FF;
9AD9 : FF;
9ADA : FF;
9ADB : FF;
9ADC : FF;
9ADD : FF;
9ADE : FF;
9ADF : FF;
9AE0 : FF;
9AE1 : FF;
9AE2 : FF;
9AE3 : FF;
9AE4 : FF;
9AE5 : FF;
9AE6 : FF;
9AE7 : FF;
9AE8 : FF;
9AE9 : FF;
9AEA : FF;
9AEB : FF;
9AEC : FF;
9AED : FF;
9AEE : FF;
9AEF : FF;
9AF0 : FF;
9AF1 : FF;
9AF2 : FF;
9AF3 : FF;
9AF4 : FF;
9AF5 : FF;
9AF6 : FF;
9AF7 : FF;
9AF8 : FF;
9AF9 : FF;
9AFA : FF;
9AFB : FF;
9AFC : FF;
9AFD : FF;
9AFE : FF;
9AFF : FF;
9B00 : FF;
9B01 : FF;
9B02 : FF;
9B03 : FF;
9B04 : FF;
9B05 : FF;
9B06 : FF;
9B07 : FF;
9B08 : FF;
9B09 : FF;
9B0A : FF;
9B0B : FF;
9B0C : FF;
9B0D : FF;
9B0E : FF;
9B0F : FF;
9B10 : FF;
9B11 : FF;
9B12 : FF;
9B13 : FF;
9B14 : FF;
9B15 : FF;
9B16 : FF;
9B17 : FF;
9B18 : FF;
9B19 : FF;
9B1A : FF;
9B1B : FF;
9B1C : FF;
9B1D : FF;
9B1E : FF;
9B1F : FF;
9B20 : FF;
9B21 : FF;
9B22 : FF;
9B23 : FF;
9B24 : FF;
9B25 : FF;
9B26 : FF;
9B27 : FF;
9B28 : FF;
9B29 : FF;
9B2A : FF;
9B2B : FF;
9B2C : FF;
9B2D : FF;
9B2E : FF;
9B2F : FF;
9B30 : FF;
9B31 : FF;
9B32 : FF;
9B33 : FF;
9B34 : FF;
9B35 : FF;
9B36 : FF;
9B37 : FF;
9B38 : FF;
9B39 : FF;
9B3A : FF;
9B3B : FF;
9B3C : FF;
9B3D : FF;
9B3E : FF;
9B3F : FF;
9B40 : FF;
9B41 : FF;
9B42 : FF;
9B43 : FF;
9B44 : FF;
9B45 : FF;
9B46 : FF;
9B47 : FF;
9B48 : FF;
9B49 : FF;
9B4A : FF;
9B4B : FF;
9B4C : FF;
9B4D : FF;
9B4E : FF;
9B4F : FF;
9B50 : FF;
9B51 : FF;
9B52 : FF;
9B53 : FF;
9B54 : FF;
9B55 : FF;
9B56 : FF;
9B57 : FF;
9B58 : FF;
9B59 : FF;
9B5A : FF;
9B5B : FF;
9B5C : FF;
9B5D : FF;
9B5E : FF;
9B5F : FF;
9B60 : FF;
9B61 : FF;
9B62 : FF;
9B63 : FF;
9B64 : FF;
9B65 : FF;
9B66 : FF;
9B67 : FF;
9B68 : FF;
9B69 : FF;
9B6A : FF;
9B6B : FF;
9B6C : FF;
9B6D : FF;
9B6E : FF;
9B6F : FF;
9B70 : FF;
9B71 : FF;
9B72 : FF;
9B73 : FF;
9B74 : FF;
9B75 : FF;
9B76 : FF;
9B77 : FF;
9B78 : FF;
9B79 : FF;
9B7A : FF;
9B7B : FF;
9B7C : FF;
9B7D : FF;
9B7E : FF;
9B7F : FF;
9B80 : FF;
9B81 : FF;
9B82 : FF;
9B83 : FF;
9B84 : FF;
9B85 : FF;
9B86 : FF;
9B87 : FF;
9B88 : FF;
9B89 : FF;
9B8A : FF;
9B8B : FF;
9B8C : FF;
9B8D : FF;
9B8E : FF;
9B8F : FF;
9B90 : FF;
9B91 : FF;
9B92 : FF;
9B93 : FF;
9B94 : FF;
9B95 : FF;
9B96 : FF;
9B97 : FF;
9B98 : FF;
9B99 : FF;
9B9A : FF;
9B9B : FF;
9B9C : FF;
9B9D : FF;
9B9E : FF;
9B9F : FF;
9BA0 : FF;
9BA1 : FF;
9BA2 : FF;
9BA3 : FF;
9BA4 : FF;
9BA5 : FF;
9BA6 : FF;
9BA7 : FF;
9BA8 : FF;
9BA9 : FF;
9BAA : FF;
9BAB : FF;
9BAC : FF;
9BAD : FF;
9BAE : FF;
9BAF : FF;
9BB0 : FF;
9BB1 : FF;
9BB2 : FF;
9BB3 : FF;
9BB4 : FF;
9BB5 : FF;
9BB6 : FF;
9BB7 : FF;
9BB8 : FF;
9BB9 : FF;
9BBA : FF;
9BBB : FF;
9BBC : FF;
9BBD : FF;
9BBE : FF;
9BBF : FF;
9BC0 : FF;
9BC1 : FF;
9BC2 : FF;
9BC3 : FF;
9BC4 : FF;
9BC5 : FF;
9BC6 : FF;
9BC7 : FF;
9BC8 : FF;
9BC9 : FF;
9BCA : FF;
9BCB : FF;
9BCC : FF;
9BCD : FF;
9BCE : FF;
9BCF : FF;
9BD0 : FF;
9BD1 : FF;
9BD2 : FF;
9BD3 : FF;
9BD4 : FF;
9BD5 : FF;
9BD6 : FF;
9BD7 : FF;
9BD8 : FF;
9BD9 : FF;
9BDA : FF;
9BDB : FF;
9BDC : FF;
9BDD : FF;
9BDE : FF;
9BDF : FF;
9BE0 : FF;
9BE1 : FF;
9BE2 : FF;
9BE3 : FF;
9BE4 : FF;
9BE5 : FF;
9BE6 : FF;
9BE7 : FF;
9BE8 : FF;
9BE9 : FF;
9BEA : FF;
9BEB : FF;
9BEC : FF;
9BED : FF;
9BEE : FF;
9BEF : FF;
9BF0 : FF;
9BF1 : FF;
9BF2 : FF;
9BF3 : FF;
9BF4 : FF;
9BF5 : FF;
9BF6 : FF;
9BF7 : FF;
9BF8 : FF;
9BF9 : FF;
9BFA : FF;
9BFB : FF;
9BFC : FF;
9BFD : FF;
9BFE : FF;
9BFF : FF;
9C00 : FF;
9C01 : FF;
9C02 : FF;
9C03 : FF;
9C04 : FF;
9C05 : FF;
9C06 : FF;
9C07 : FF;
9C08 : FF;
9C09 : FF;
9C0A : FF;
9C0B : FF;
9C0C : FF;
9C0D : FF;
9C0E : FF;
9C0F : FF;
9C10 : FF;
9C11 : FF;
9C12 : FF;
9C13 : FF;
9C14 : FF;
9C15 : FF;
9C16 : FF;
9C17 : FF;
9C18 : FF;
9C19 : FF;
9C1A : FF;
9C1B : FF;
9C1C : FF;
9C1D : FF;
9C1E : FF;
9C1F : FF;
9C20 : FF;
9C21 : FF;
9C22 : FF;
9C23 : FF;
9C24 : FF;
9C25 : FF;
9C26 : FF;
9C27 : FF;
9C28 : FF;
9C29 : FF;
9C2A : FF;
9C2B : FF;
9C2C : FF;
9C2D : FF;
9C2E : FF;
9C2F : FF;
9C30 : FF;
9C31 : FF;
9C32 : FF;
9C33 : FF;
9C34 : FF;
9C35 : FF;
9C36 : FF;
9C37 : FF;
9C38 : FF;
9C39 : FF;
9C3A : FF;
9C3B : FF;
9C3C : FF;
9C3D : FF;
9C3E : FF;
9C3F : FF;
9C40 : FF;
9C41 : FF;
9C42 : FF;
9C43 : FF;
9C44 : FF;
9C45 : FF;
9C46 : FF;
9C47 : FF;
9C48 : FF;
9C49 : FF;
9C4A : FF;
9C4B : FF;
9C4C : FF;
9C4D : FF;
9C4E : FF;
9C4F : FF;
9C50 : FF;
9C51 : FF;
9C52 : FF;
9C53 : FF;
9C54 : FF;
9C55 : FF;
9C56 : FF;
9C57 : FF;
9C58 : FF;
9C59 : FF;
9C5A : FF;
9C5B : FF;
9C5C : FF;
9C5D : FF;
9C5E : FF;
9C5F : FF;
9C60 : FF;
9C61 : FF;
9C62 : FF;
9C63 : FF;
9C64 : FF;
9C65 : FF;
9C66 : FF;
9C67 : FF;
9C68 : FF;
9C69 : FF;
9C6A : FF;
9C6B : FF;
9C6C : FF;
9C6D : FF;
9C6E : FF;
9C6F : FF;
9C70 : FF;
9C71 : FF;
9C72 : FF;
9C73 : FF;
9C74 : FF;
9C75 : FF;
9C76 : FF;
9C77 : FF;
9C78 : FF;
9C79 : FF;
9C7A : FF;
9C7B : FF;
9C7C : FF;
9C7D : FF;
9C7E : FF;
9C7F : FF;
9C80 : FF;
9C81 : FF;
9C82 : FF;
9C83 : FF;
9C84 : FF;
9C85 : FF;
9C86 : FF;
9C87 : FF;
9C88 : FF;
9C89 : FF;
9C8A : FF;
9C8B : FF;
9C8C : FF;
9C8D : FF;
9C8E : FF;
9C8F : FF;
9C90 : FF;
9C91 : FF;
9C92 : FF;
9C93 : FF;
9C94 : FF;
9C95 : FF;
9C96 : FF;
9C97 : FF;
9C98 : FF;
9C99 : FF;
9C9A : FF;
9C9B : FF;
9C9C : FF;
9C9D : FF;
9C9E : FF;
9C9F : FF;
9CA0 : FF;
9CA1 : FF;
9CA2 : FF;
9CA3 : FF;
9CA4 : FF;
9CA5 : FF;
9CA6 : FF;
9CA7 : FF;
9CA8 : FF;
9CA9 : FF;
9CAA : FF;
9CAB : FF;
9CAC : FF;
9CAD : FF;
9CAE : FF;
9CAF : FF;
9CB0 : FF;
9CB1 : FF;
9CB2 : FF;
9CB3 : FF;
9CB4 : FF;
9CB5 : FF;
9CB6 : FF;
9CB7 : FF;
9CB8 : FF;
9CB9 : FF;
9CBA : FF;
9CBB : FF;
9CBC : FF;
9CBD : FF;
9CBE : FF;
9CBF : FF;
9CC0 : FF;
9CC1 : FF;
9CC2 : FF;
9CC3 : FF;
9CC4 : FF;
9CC5 : FF;
9CC6 : FF;
9CC7 : FF;
9CC8 : FF;
9CC9 : FF;
9CCA : FF;
9CCB : FF;
9CCC : FF;
9CCD : FF;
9CCE : FF;
9CCF : FF;
9CD0 : FF;
9CD1 : FF;
9CD2 : FF;
9CD3 : FF;
9CD4 : FF;
9CD5 : FF;
9CD6 : FF;
9CD7 : FF;
9CD8 : FF;
9CD9 : FF;
9CDA : FF;
9CDB : FF;
9CDC : FF;
9CDD : FF;
9CDE : FF;
9CDF : FF;
9CE0 : FF;
9CE1 : FF;
9CE2 : FF;
9CE3 : FF;
9CE4 : FF;
9CE5 : FF;
9CE6 : FF;
9CE7 : FF;
9CE8 : FF;
9CE9 : FF;
9CEA : FF;
9CEB : FF;
9CEC : FF;
9CED : FF;
9CEE : FF;
9CEF : FF;
9CF0 : FF;
9CF1 : FF;
9CF2 : FF;
9CF3 : FF;
9CF4 : FF;
9CF5 : FF;
9CF6 : FF;
9CF7 : FF;
9CF8 : FF;
9CF9 : FF;
9CFA : FF;
9CFB : FF;
9CFC : FF;
9CFD : FF;
9CFE : FF;
9CFF : FF;
9D00 : FF;
9D01 : FF;
9D02 : FF;
9D03 : FF;
9D04 : FF;
9D05 : FF;
9D06 : FF;
9D07 : FF;
9D08 : FF;
9D09 : FF;
9D0A : FF;
9D0B : FF;
9D0C : FF;
9D0D : FF;
9D0E : FF;
9D0F : FF;
9D10 : FF;
9D11 : FF;
9D12 : FF;
9D13 : FF;
9D14 : FF;
9D15 : FF;
9D16 : FF;
9D17 : FF;
9D18 : FF;
9D19 : FF;
9D1A : FF;
9D1B : FF;
9D1C : FF;
9D1D : FF;
9D1E : FF;
9D1F : FF;
9D20 : FF;
9D21 : FF;
9D22 : FF;
9D23 : FF;
9D24 : FF;
9D25 : FF;
9D26 : FF;
9D27 : FF;
9D28 : FF;
9D29 : FF;
9D2A : FF;
9D2B : FF;
9D2C : FF;
9D2D : FF;
9D2E : FF;
9D2F : FF;
9D30 : FF;
9D31 : FF;
9D32 : FF;
9D33 : FF;
9D34 : FF;
9D35 : FF;
9D36 : FF;
9D37 : FF;
9D38 : FF;
9D39 : FF;
9D3A : FF;
9D3B : FF;
9D3C : FF;
9D3D : FF;
9D3E : FF;
9D3F : FF;
9D40 : FF;
9D41 : FF;
9D42 : FF;
9D43 : FF;
9D44 : FF;
9D45 : FF;
9D46 : FF;
9D47 : FF;
9D48 : FF;
9D49 : FF;
9D4A : FF;
9D4B : FF;
9D4C : FF;
9D4D : FF;
9D4E : FF;
9D4F : FF;
9D50 : FF;
9D51 : FF;
9D52 : FF;
9D53 : FF;
9D54 : FF;
9D55 : FF;
9D56 : FF;
9D57 : FF;
9D58 : FF;
9D59 : FF;
9D5A : FF;
9D5B : FF;
9D5C : FF;
9D5D : FF;
9D5E : FF;
9D5F : FF;
9D60 : FF;
9D61 : FF;
9D62 : FF;
9D63 : FF;
9D64 : FF;
9D65 : FF;
9D66 : FF;
9D67 : FF;
9D68 : FF;
9D69 : FF;
9D6A : FF;
9D6B : FF;
9D6C : FF;
9D6D : FF;
9D6E : FF;
9D6F : FF;
9D70 : FF;
9D71 : FF;
9D72 : FF;
9D73 : FF;
9D74 : FF;
9D75 : FF;
9D76 : FF;
9D77 : FF;
9D78 : FF;
9D79 : FF;
9D7A : FF;
9D7B : FF;
9D7C : FF;
9D7D : FF;
9D7E : FF;
9D7F : FF;
9D80 : FF;
9D81 : FF;
9D82 : FF;
9D83 : FF;
9D84 : FF;
9D85 : FF;
9D86 : FF;
9D87 : FF;
9D88 : FF;
9D89 : FF;
9D8A : FF;
9D8B : FF;
9D8C : FF;
9D8D : FF;
9D8E : FF;
9D8F : FF;
9D90 : FF;
9D91 : FF;
9D92 : FF;
9D93 : FF;
9D94 : FF;
9D95 : FF;
9D96 : FF;
9D97 : FF;
9D98 : FF;
9D99 : FF;
9D9A : FF;
9D9B : FF;
9D9C : FF;
9D9D : FF;
9D9E : FF;
9D9F : FF;
9DA0 : FF;
9DA1 : FF;
9DA2 : FF;
9DA3 : FF;
9DA4 : FF;
9DA5 : FF;
9DA6 : FF;
9DA7 : FF;
9DA8 : FF;
9DA9 : FF;
9DAA : FF;
9DAB : FF;
9DAC : FF;
9DAD : FF;
9DAE : FF;
9DAF : FF;
9DB0 : FF;
9DB1 : FF;
9DB2 : FF;
9DB3 : FF;
9DB4 : FF;
9DB5 : FF;
9DB6 : FF;
9DB7 : FF;
9DB8 : FF;
9DB9 : FF;
9DBA : FF;
9DBB : FF;
9DBC : FF;
9DBD : FF;
9DBE : FF;
9DBF : FF;
9DC0 : FF;
9DC1 : FF;
9DC2 : FF;
9DC3 : FF;
9DC4 : FF;
9DC5 : FF;
9DC6 : FF;
9DC7 : FF;
9DC8 : FF;
9DC9 : FF;
9DCA : FF;
9DCB : FF;
9DCC : FF;
9DCD : FF;
9DCE : FF;
9DCF : FF;
9DD0 : FF;
9DD1 : FF;
9DD2 : FF;
9DD3 : FF;
9DD4 : FF;
9DD5 : FF;
9DD6 : FF;
9DD7 : FF;
9DD8 : FF;
9DD9 : FF;
9DDA : FF;
9DDB : FF;
9DDC : FF;
9DDD : FF;
9DDE : FF;
9DDF : FF;
9DE0 : FF;
9DE1 : FF;
9DE2 : FF;
9DE3 : FF;
9DE4 : FF;
9DE5 : FF;
9DE6 : FF;
9DE7 : FF;
9DE8 : FF;
9DE9 : FF;
9DEA : FF;
9DEB : FF;
9DEC : FF;
9DED : FF;
9DEE : FF;
9DEF : FF;
9DF0 : FF;
9DF1 : FF;
9DF2 : FF;
9DF3 : FF;
9DF4 : FF;
9DF5 : FF;
9DF6 : FF;
9DF7 : FF;
9DF8 : FF;
9DF9 : FF;
9DFA : FF;
9DFB : FF;
9DFC : FF;
9DFD : FF;
9DFE : FF;
9DFF : FF;
9E00 : FF;
9E01 : FF;
9E02 : FF;
9E03 : FF;
9E04 : FF;
9E05 : FF;
9E06 : FF;
9E07 : FF;
9E08 : FF;
9E09 : FF;
9E0A : FF;
9E0B : FF;
9E0C : FF;
9E0D : FF;
9E0E : FF;
9E0F : FF;
9E10 : FF;
9E11 : FF;
9E12 : FF;
9E13 : FF;
9E14 : FF;
9E15 : FF;
9E16 : FF;
9E17 : FF;
9E18 : FF;
9E19 : FF;
9E1A : FF;
9E1B : FF;
9E1C : FF;
9E1D : FF;
9E1E : FF;
9E1F : FF;
9E20 : FF;
9E21 : FF;
9E22 : FF;
9E23 : FF;
9E24 : FF;
9E25 : FF;
9E26 : FF;
9E27 : FF;
9E28 : FF;
9E29 : FF;
9E2A : FF;
9E2B : FF;
9E2C : FF;
9E2D : FF;
9E2E : FF;
9E2F : FF;
9E30 : FF;
9E31 : FF;
9E32 : FF;
9E33 : FF;
9E34 : FF;
9E35 : FF;
9E36 : FF;
9E37 : FF;
9E38 : FF;
9E39 : FF;
9E3A : FF;
9E3B : FF;
9E3C : FF;
9E3D : FF;
9E3E : FF;
9E3F : FF;
9E40 : FF;
9E41 : FF;
9E42 : FF;
9E43 : FF;
9E44 : FF;
9E45 : FF;
9E46 : FF;
9E47 : FF;
9E48 : FF;
9E49 : FF;
9E4A : FF;
9E4B : FF;
9E4C : FF;
9E4D : FF;
9E4E : FF;
9E4F : FF;
9E50 : FF;
9E51 : FF;
9E52 : FF;
9E53 : FF;
9E54 : FF;
9E55 : FF;
9E56 : FF;
9E57 : FF;
9E58 : FF;
9E59 : FF;
9E5A : FF;
9E5B : FF;
9E5C : FF;
9E5D : FF;
9E5E : FF;
9E5F : FF;
9E60 : FF;
9E61 : FF;
9E62 : FF;
9E63 : FF;
9E64 : FF;
9E65 : FF;
9E66 : FF;
9E67 : FF;
9E68 : FF;
9E69 : FF;
9E6A : FF;
9E6B : FF;
9E6C : FF;
9E6D : FF;
9E6E : FF;
9E6F : FF;
9E70 : FF;
9E71 : FF;
9E72 : FF;
9E73 : FF;
9E74 : FF;
9E75 : FF;
9E76 : FF;
9E77 : FF;
9E78 : FF;
9E79 : FF;
9E7A : FF;
9E7B : FF;
9E7C : FF;
9E7D : FF;
9E7E : FF;
9E7F : FF;
9E80 : FF;
9E81 : FF;
9E82 : FF;
9E83 : FF;
9E84 : FF;
9E85 : FF;
9E86 : FF;
9E87 : FF;
9E88 : FF;
9E89 : FF;
9E8A : FF;
9E8B : FF;
9E8C : FF;
9E8D : FF;
9E8E : FF;
9E8F : FF;
9E90 : FF;
9E91 : FF;
9E92 : FF;
9E93 : FF;
9E94 : FF;
9E95 : FF;
9E96 : FF;
9E97 : FF;
9E98 : FF;
9E99 : FF;
9E9A : FF;
9E9B : FF;
9E9C : FF;
9E9D : FF;
9E9E : FF;
9E9F : FF;
9EA0 : FF;
9EA1 : FF;
9EA2 : FF;
9EA3 : FF;
9EA4 : FF;
9EA5 : FF;
9EA6 : FF;
9EA7 : FF;
9EA8 : FF;
9EA9 : FF;
9EAA : FF;
9EAB : FF;
9EAC : FF;
9EAD : FF;
9EAE : FF;
9EAF : FF;
9EB0 : FF;
9EB1 : FF;
9EB2 : FF;
9EB3 : FF;
9EB4 : FF;
9EB5 : FF;
9EB6 : FF;
9EB7 : FF;
9EB8 : FF;
9EB9 : FF;
9EBA : FF;
9EBB : FF;
9EBC : FF;
9EBD : FF;
9EBE : FF;
9EBF : FF;
9EC0 : FF;
9EC1 : FF;
9EC2 : FF;
9EC3 : FF;
9EC4 : FF;
9EC5 : FF;
9EC6 : FF;
9EC7 : FF;
9EC8 : FF;
9EC9 : FF;
9ECA : FF;
9ECB : FF;
9ECC : FF;
9ECD : FF;
9ECE : FF;
9ECF : FF;
9ED0 : FF;
9ED1 : FF;
9ED2 : FF;
9ED3 : FF;
9ED4 : FF;
9ED5 : FF;
9ED6 : FF;
9ED7 : FF;
9ED8 : FF;
9ED9 : FF;
9EDA : FF;
9EDB : FF;
9EDC : FF;
9EDD : FF;
9EDE : FF;
9EDF : FF;
9EE0 : FF;
9EE1 : FF;
9EE2 : FF;
9EE3 : FF;
9EE4 : FF;
9EE5 : FF;
9EE6 : FF;
9EE7 : FF;
9EE8 : FF;
9EE9 : FF;
9EEA : FF;
9EEB : FF;
9EEC : FF;
9EED : FF;
9EEE : FF;
9EEF : FF;
9EF0 : FF;
9EF1 : FF;
9EF2 : FF;
9EF3 : FF;
9EF4 : FF;
9EF5 : FF;
9EF6 : FF;
9EF7 : FF;
9EF8 : FF;
9EF9 : FF;
9EFA : FF;
9EFB : FF;
9EFC : FF;
9EFD : FF;
9EFE : FF;
9EFF : FF;
9F00 : FF;
9F01 : FF;
9F02 : FF;
9F03 : FF;
9F04 : FF;
9F05 : FF;
9F06 : FF;
9F07 : FF;
9F08 : FF;
9F09 : FF;
9F0A : FF;
9F0B : FF;
9F0C : FF;
9F0D : FF;
9F0E : FF;
9F0F : FF;
9F10 : FF;
9F11 : FF;
9F12 : FF;
9F13 : FF;
9F14 : FF;
9F15 : FF;
9F16 : FF;
9F17 : FF;
9F18 : FF;
9F19 : FF;
9F1A : FF;
9F1B : FF;
9F1C : FF;
9F1D : FF;
9F1E : FF;
9F1F : FF;
9F20 : FF;
9F21 : FF;
9F22 : FF;
9F23 : FF;
9F24 : FF;
9F25 : FF;
9F26 : FF;
9F27 : FF;
9F28 : FF;
9F29 : FF;
9F2A : FF;
9F2B : FF;
9F2C : FF;
9F2D : FF;
9F2E : FF;
9F2F : FF;
9F30 : FF;
9F31 : FF;
9F32 : FF;
9F33 : FF;
9F34 : FF;
9F35 : FF;
9F36 : FF;
9F37 : FF;
9F38 : FF;
9F39 : FF;
9F3A : FF;
9F3B : FF;
9F3C : FF;
9F3D : FF;
9F3E : FF;
9F3F : FF;
9F40 : FF;
9F41 : FF;
9F42 : FF;
9F43 : FF;
9F44 : FF;
9F45 : FF;
9F46 : FF;
9F47 : FF;
9F48 : FF;
9F49 : FF;
9F4A : FF;
9F4B : FF;
9F4C : FF;
9F4D : FF;
9F4E : FF;
9F4F : FF;
9F50 : FF;
9F51 : FF;
9F52 : FF;
9F53 : FF;
9F54 : FF;
9F55 : FF;
9F56 : FF;
9F57 : FF;
9F58 : FF;
9F59 : FF;
9F5A : FF;
9F5B : FF;
9F5C : FF;
9F5D : FF;
9F5E : FF;
9F5F : FF;
9F60 : FF;
9F61 : FF;
9F62 : FF;
9F63 : FF;
9F64 : FF;
9F65 : FF;
9F66 : FF;
9F67 : FF;
9F68 : FF;
9F69 : FF;
9F6A : FF;
9F6B : FF;
9F6C : FF;
9F6D : FF;
9F6E : FF;
9F6F : FF;
9F70 : FF;
9F71 : FF;
9F72 : FF;
9F73 : FF;
9F74 : FF;
9F75 : FF;
9F76 : FF;
9F77 : FF;
9F78 : FF;
9F79 : FF;
9F7A : FF;
9F7B : FF;
9F7C : FF;
9F7D : FF;
9F7E : FF;
9F7F : FF;
9F80 : FF;
9F81 : FF;
9F82 : FF;
9F83 : FF;
9F84 : FF;
9F85 : FF;
9F86 : FF;
9F87 : FF;
9F88 : FF;
9F89 : FF;
9F8A : FF;
9F8B : FF;
9F8C : FF;
9F8D : FF;
9F8E : FF;
9F8F : FF;
9F90 : FF;
9F91 : FF;
9F92 : FF;
9F93 : FF;
9F94 : FF;
9F95 : FF;
9F96 : FF;
9F97 : FF;
9F98 : FF;
9F99 : FF;
9F9A : FF;
9F9B : FF;
9F9C : FF;
9F9D : FF;
9F9E : FF;
9F9F : FF;
9FA0 : FF;
9FA1 : FF;
9FA2 : FF;
9FA3 : FF;
9FA4 : FF;
9FA5 : FF;
9FA6 : FF;
9FA7 : FF;
9FA8 : FF;
9FA9 : FF;
9FAA : FF;
9FAB : FF;
9FAC : FF;
9FAD : FF;
9FAE : FF;
9FAF : FF;
9FB0 : FF;
9FB1 : FF;
9FB2 : FF;
9FB3 : FF;
9FB4 : FF;
9FB5 : FF;
9FB6 : FF;
9FB7 : FF;
9FB8 : FF;
9FB9 : FF;
9FBA : FF;
9FBB : FF;
9FBC : FF;
9FBD : FF;
9FBE : FF;
9FBF : FF;
9FC0 : FF;
9FC1 : FF;
9FC2 : FF;
9FC3 : FF;
9FC4 : FF;
9FC5 : FF;
9FC6 : FF;
9FC7 : FF;
9FC8 : FF;
9FC9 : FF;
9FCA : FF;
9FCB : FF;
9FCC : FF;
9FCD : FF;
9FCE : FF;
9FCF : FF;
9FD0 : FF;
9FD1 : FF;
9FD2 : FF;
9FD3 : FF;
9FD4 : FF;
9FD5 : FF;
9FD6 : FF;
9FD7 : FF;
9FD8 : FF;
9FD9 : FF;
9FDA : FF;
9FDB : FF;
9FDC : FF;
9FDD : FF;
9FDE : FF;
9FDF : FF;
9FE0 : FF;
9FE1 : FF;
9FE2 : FF;
9FE3 : FF;
9FE4 : FF;
9FE5 : FF;
9FE6 : FF;
9FE7 : FF;
9FE8 : FF;
9FE9 : FF;
9FEA : FF;
9FEB : FF;
9FEC : FF;
9FED : FF;
9FEE : FF;
9FEF : FF;
9FF0 : FF;
9FF1 : FF;
9FF2 : FF;
9FF3 : FF;
9FF4 : FF;
9FF5 : FF;
9FF6 : FF;
9FF7 : FF;
9FF8 : FF;
9FF9 : FF;
9FFA : FF;
9FFB : FF;
9FFC : FF;
9FFD : FF;
9FFE : FF;
9FFF : FF;
A000 : FF;
A001 : FF;
A002 : FF;
A003 : FF;
A004 : FF;
A005 : FF;
A006 : FF;
A007 : FF;
A008 : FF;
A009 : FF;
A00A : FF;
A00B : FF;
A00C : FF;
A00D : FF;
A00E : FF;
A00F : FF;
A010 : FF;
A011 : FF;
A012 : FF;
A013 : FF;
A014 : FF;
A015 : FF;
A016 : FF;
A017 : FF;
A018 : FF;
A019 : FF;
A01A : FF;
A01B : FF;
A01C : FF;
A01D : FF;
A01E : FF;
A01F : FF;
A020 : FF;
A021 : FF;
A022 : FF;
A023 : FF;
A024 : FF;
A025 : FF;
A026 : FF;
A027 : FF;
A028 : FF;
A029 : FF;
A02A : FF;
A02B : FF;
A02C : FF;
A02D : FF;
A02E : FF;
A02F : FF;
A030 : FF;
A031 : FF;
A032 : FF;
A033 : FF;
A034 : FF;
A035 : FF;
A036 : FF;
A037 : FF;
A038 : FF;
A039 : FF;
A03A : FF;
A03B : FF;
A03C : FF;
A03D : FF;
A03E : FF;
A03F : FF;
A040 : FF;
A041 : FF;
A042 : FF;
A043 : FF;
A044 : FF;
A045 : FF;
A046 : FF;
A047 : FF;
A048 : FF;
A049 : FF;
A04A : FF;
A04B : FF;
A04C : FF;
A04D : FF;
A04E : FF;
A04F : FF;
A050 : FF;
A051 : FF;
A052 : FF;
A053 : FF;
A054 : FF;
A055 : FF;
A056 : FF;
A057 : FF;
A058 : FF;
A059 : FF;
A05A : FF;
A05B : FF;
A05C : FF;
A05D : FF;
A05E : FF;
A05F : FF;
A060 : FF;
A061 : FF;
A062 : FF;
A063 : FF;
A064 : FF;
A065 : FF;
A066 : FF;
A067 : FF;
A068 : FF;
A069 : FF;
A06A : FF;
A06B : FF;
A06C : FF;
A06D : FF;
A06E : FF;
A06F : FF;
A070 : FF;
A071 : FF;
A072 : FF;
A073 : FF;
A074 : FF;
A075 : FF;
A076 : FF;
A077 : FF;
A078 : FF;
A079 : FF;
A07A : FF;
A07B : FF;
A07C : FF;
A07D : FF;
A07E : FF;
A07F : FF;
A080 : FF;
A081 : FF;
A082 : FF;
A083 : FF;
A084 : FF;
A085 : FF;
A086 : FF;
A087 : FF;
A088 : FF;
A089 : FF;
A08A : FF;
A08B : FF;
A08C : FF;
A08D : FF;
A08E : FF;
A08F : FF;
A090 : FF;
A091 : FF;
A092 : FF;
A093 : FF;
A094 : FF;
A095 : FF;
A096 : FF;
A097 : FF;
A098 : FF;
A099 : FF;
A09A : FF;
A09B : FF;
A09C : FF;
A09D : FF;
A09E : FF;
A09F : FF;
A0A0 : FF;
A0A1 : FF;
A0A2 : FF;
A0A3 : FF;
A0A4 : FF;
A0A5 : FF;
A0A6 : FF;
A0A7 : FF;
A0A8 : FF;
A0A9 : FF;
A0AA : FF;
A0AB : FF;
A0AC : FF;
A0AD : FF;
A0AE : FF;
A0AF : FF;
A0B0 : FF;
A0B1 : FF;
A0B2 : FF;
A0B3 : FF;
A0B4 : FF;
A0B5 : FF;
A0B6 : FF;
A0B7 : FF;
A0B8 : FF;
A0B9 : FF;
A0BA : FF;
A0BB : FF;
A0BC : FF;
A0BD : FF;
A0BE : FF;
A0BF : FF;
A0C0 : FF;
A0C1 : FF;
A0C2 : FF;
A0C3 : FF;
A0C4 : FF;
A0C5 : FF;
A0C6 : FF;
A0C7 : FF;
A0C8 : FF;
A0C9 : FF;
A0CA : FF;
A0CB : FF;
A0CC : FF;
A0CD : FF;
A0CE : FF;
A0CF : FF;
A0D0 : FF;
A0D1 : FF;
A0D2 : FF;
A0D3 : FF;
A0D4 : FF;
A0D5 : FF;
A0D6 : FF;
A0D7 : FF;
A0D8 : FF;
A0D9 : FF;
A0DA : FF;
A0DB : FF;
A0DC : FF;
A0DD : FF;
A0DE : FF;
A0DF : FF;
A0E0 : FF;
A0E1 : FF;
A0E2 : FF;
A0E3 : FF;
A0E4 : FF;
A0E5 : FF;
A0E6 : FF;
A0E7 : FF;
A0E8 : FF;
A0E9 : FF;
A0EA : FF;
A0EB : FF;
A0EC : FF;
A0ED : FF;
A0EE : FF;
A0EF : FF;
A0F0 : FF;
A0F1 : FF;
A0F2 : FF;
A0F3 : FF;
A0F4 : FF;
A0F5 : FF;
A0F6 : FF;
A0F7 : FF;
A0F8 : FF;
A0F9 : FF;
A0FA : FF;
A0FB : FF;
A0FC : FF;
A0FD : FF;
A0FE : FF;
A0FF : FF;
A100 : FF;
A101 : FF;
A102 : FF;
A103 : FF;
A104 : FF;
A105 : FF;
A106 : FF;
A107 : FF;
A108 : FF;
A109 : FF;
A10A : FF;
A10B : FF;
A10C : FF;
A10D : FF;
A10E : FF;
A10F : FF;
A110 : FF;
A111 : FF;
A112 : FF;
A113 : FF;
A114 : FF;
A115 : FF;
A116 : FF;
A117 : FF;
A118 : FF;
A119 : FF;
A11A : FF;
A11B : FF;
A11C : FF;
A11D : FF;
A11E : FF;
A11F : FF;
A120 : FF;
A121 : FF;
A122 : FF;
A123 : FF;
A124 : FF;
A125 : FF;
A126 : FF;
A127 : FF;
A128 : FF;
A129 : FF;
A12A : FF;
A12B : FF;
A12C : FF;
A12D : FF;
A12E : FF;
A12F : FF;
A130 : FF;
A131 : FF;
A132 : FF;
A133 : FF;
A134 : FF;
A135 : FF;
A136 : FF;
A137 : FF;
A138 : FF;
A139 : FF;
A13A : FF;
A13B : FF;
A13C : FF;
A13D : FF;
A13E : FF;
A13F : FF;
A140 : FF;
A141 : FF;
A142 : FF;
A143 : FF;
A144 : FF;
A145 : FF;
A146 : FF;
A147 : FF;
A148 : FF;
A149 : FF;
A14A : FF;
A14B : FF;
A14C : FF;
A14D : FF;
A14E : FF;
A14F : FF;
A150 : FF;
A151 : FF;
A152 : FF;
A153 : FF;
A154 : FF;
A155 : FF;
A156 : FF;
A157 : FF;
A158 : FF;
A159 : FF;
A15A : FF;
A15B : FF;
A15C : FF;
A15D : FF;
A15E : FF;
A15F : FF;
A160 : FF;
A161 : FF;
A162 : FF;
A163 : FF;
A164 : FF;
A165 : FF;
A166 : FF;
A167 : FF;
A168 : FF;
A169 : FF;
A16A : FF;
A16B : FF;
A16C : FF;
A16D : FF;
A16E : FF;
A16F : FF;
A170 : FF;
A171 : FF;
A172 : FF;
A173 : FF;
A174 : FF;
A175 : FF;
A176 : FF;
A177 : FF;
A178 : FF;
A179 : FF;
A17A : FF;
A17B : FF;
A17C : FF;
A17D : FF;
A17E : FF;
A17F : FF;
A180 : FF;
A181 : FF;
A182 : FF;
A183 : FF;
A184 : FF;
A185 : FF;
A186 : FF;
A187 : FF;
A188 : FF;
A189 : FF;
A18A : FF;
A18B : FF;
A18C : FF;
A18D : FF;
A18E : FF;
A18F : FF;
A190 : FF;
A191 : FF;
A192 : FF;
A193 : FF;
A194 : FF;
A195 : FF;
A196 : FF;
A197 : FF;
A198 : FF;
A199 : FF;
A19A : FF;
A19B : FF;
A19C : FF;
A19D : FF;
A19E : FF;
A19F : FF;
A1A0 : FF;
A1A1 : FF;
A1A2 : FF;
A1A3 : FF;
A1A4 : FF;
A1A5 : FF;
A1A6 : FF;
A1A7 : FF;
A1A8 : FF;
A1A9 : FF;
A1AA : FF;
A1AB : FF;
A1AC : FF;
A1AD : FF;
A1AE : FF;
A1AF : FF;
A1B0 : FF;
A1B1 : FF;
A1B2 : FF;
A1B3 : FF;
A1B4 : FF;
A1B5 : FF;
A1B6 : FF;
A1B7 : FF;
A1B8 : FF;
A1B9 : FF;
A1BA : FF;
A1BB : FF;
A1BC : FF;
A1BD : FF;
A1BE : FF;
A1BF : FF;
A1C0 : FF;
A1C1 : FF;
A1C2 : FF;
A1C3 : FF;
A1C4 : FF;
A1C5 : FF;
A1C6 : FF;
A1C7 : FF;
A1C8 : FF;
A1C9 : FF;
A1CA : FF;
A1CB : FF;
A1CC : FF;
A1CD : FF;
A1CE : FF;
A1CF : FF;
A1D0 : FF;
A1D1 : FF;
A1D2 : FF;
A1D3 : FF;
A1D4 : FF;
A1D5 : FF;
A1D6 : FF;
A1D7 : FF;
A1D8 : FF;
A1D9 : FF;
A1DA : FF;
A1DB : FF;
A1DC : FF;
A1DD : FF;
A1DE : FF;
A1DF : FF;
A1E0 : FF;
A1E1 : FF;
A1E2 : FF;
A1E3 : FF;
A1E4 : FF;
A1E5 : FF;
A1E6 : FF;
A1E7 : FF;
A1E8 : FF;
A1E9 : FF;
A1EA : FF;
A1EB : FF;
A1EC : FF;
A1ED : FF;
A1EE : FF;
A1EF : FF;
A1F0 : FF;
A1F1 : FF;
A1F2 : FF;
A1F3 : FF;
A1F4 : FF;
A1F5 : FF;
A1F6 : FF;
A1F7 : FF;
A1F8 : FF;
A1F9 : FF;
A1FA : FF;
A1FB : FF;
A1FC : FF;
A1FD : FF;
A1FE : FF;
A1FF : FF;
A200 : FF;
A201 : FF;
A202 : FF;
A203 : FF;
A204 : FF;
A205 : FF;
A206 : FF;
A207 : FF;
A208 : FF;
A209 : FF;
A20A : FF;
A20B : FF;
A20C : FF;
A20D : FF;
A20E : FF;
A20F : FF;
A210 : FF;
A211 : FF;
A212 : FF;
A213 : FF;
A214 : FF;
A215 : FF;
A216 : FF;
A217 : FF;
A218 : FF;
A219 : FF;
A21A : FF;
A21B : FF;
A21C : FF;
A21D : FF;
A21E : FF;
A21F : FF;
A220 : FF;
A221 : FF;
A222 : FF;
A223 : FF;
A224 : FF;
A225 : FF;
A226 : FF;
A227 : FF;
A228 : FF;
A229 : FF;
A22A : FF;
A22B : FF;
A22C : FF;
A22D : FF;
A22E : FF;
A22F : FF;
A230 : FF;
A231 : FF;
A232 : FF;
A233 : FF;
A234 : FF;
A235 : FF;
A236 : FF;
A237 : FF;
A238 : FF;
A239 : FF;
A23A : FF;
A23B : FF;
A23C : FF;
A23D : FF;
A23E : FF;
A23F : FF;
A240 : FF;
A241 : FF;
A242 : FF;
A243 : FF;
A244 : FF;
A245 : FF;
A246 : FF;
A247 : FF;
A248 : FF;
A249 : FF;
A24A : FF;
A24B : FF;
A24C : FF;
A24D : FF;
A24E : FF;
A24F : FF;
A250 : FF;
A251 : FF;
A252 : FF;
A253 : FF;
A254 : FF;
A255 : FF;
A256 : FF;
A257 : FF;
A258 : FF;
A259 : FF;
A25A : FF;
A25B : FF;
A25C : FF;
A25D : FF;
A25E : FF;
A25F : FF;
A260 : FF;
A261 : FF;
A262 : FF;
A263 : FF;
A264 : FF;
A265 : FF;
A266 : FF;
A267 : FF;
A268 : FF;
A269 : FF;
A26A : FF;
A26B : FF;
A26C : FF;
A26D : FF;
A26E : FF;
A26F : FF;
A270 : FF;
A271 : FF;
A272 : FF;
A273 : FF;
A274 : FF;
A275 : FF;
A276 : FF;
A277 : FF;
A278 : FF;
A279 : FF;
A27A : FF;
A27B : FF;
A27C : FF;
A27D : FF;
A27E : FF;
A27F : FF;
A280 : FF;
A281 : FF;
A282 : FF;
A283 : FF;
A284 : FF;
A285 : FF;
A286 : FF;
A287 : FF;
A288 : FF;
A289 : FF;
A28A : FF;
A28B : FF;
A28C : FF;
A28D : FF;
A28E : FF;
A28F : FF;
A290 : FF;
A291 : FF;
A292 : FF;
A293 : FF;
A294 : FF;
A295 : FF;
A296 : FF;
A297 : FF;
A298 : FF;
A299 : FF;
A29A : FF;
A29B : FF;
A29C : FF;
A29D : FF;
A29E : FF;
A29F : FF;
A2A0 : FF;
A2A1 : FF;
A2A2 : FF;
A2A3 : FF;
A2A4 : FF;
A2A5 : FF;
A2A6 : FF;
A2A7 : FF;
A2A8 : FF;
A2A9 : FF;
A2AA : FF;
A2AB : FF;
A2AC : FF;
A2AD : FF;
A2AE : FF;
A2AF : FF;
A2B0 : FF;
A2B1 : FF;
A2B2 : FF;
A2B3 : FF;
A2B4 : FF;
A2B5 : FF;
A2B6 : FF;
A2B7 : FF;
A2B8 : FF;
A2B9 : FF;
A2BA : FF;
A2BB : FF;
A2BC : FF;
A2BD : FF;
A2BE : FF;
A2BF : FF;
A2C0 : FF;
A2C1 : FF;
A2C2 : FF;
A2C3 : FF;
A2C4 : FF;
A2C5 : FF;
A2C6 : FF;
A2C7 : FF;
A2C8 : FF;
A2C9 : FF;
A2CA : FF;
A2CB : FF;
A2CC : FF;
A2CD : FF;
A2CE : FF;
A2CF : FF;
A2D0 : FF;
A2D1 : FF;
A2D2 : FF;
A2D3 : FF;
A2D4 : FF;
A2D5 : FF;
A2D6 : FF;
A2D7 : FF;
A2D8 : FF;
A2D9 : FF;
A2DA : FF;
A2DB : FF;
A2DC : FF;
A2DD : FF;
A2DE : FF;
A2DF : FF;
A2E0 : FF;
A2E1 : FF;
A2E2 : FF;
A2E3 : FF;
A2E4 : FF;
A2E5 : FF;
A2E6 : FF;
A2E7 : FF;
A2E8 : FF;
A2E9 : FF;
A2EA : FF;
A2EB : FF;
A2EC : FF;
A2ED : FF;
A2EE : FF;
A2EF : FF;
A2F0 : FF;
A2F1 : FF;
A2F2 : FF;
A2F3 : FF;
A2F4 : FF;
A2F5 : FF;
A2F6 : FF;
A2F7 : FF;
A2F8 : FF;
A2F9 : FF;
A2FA : FF;
A2FB : FF;
A2FC : FF;
A2FD : FF;
A2FE : FF;
A2FF : FF;
A300 : FF;
A301 : FF;
A302 : FF;
A303 : FF;
A304 : FF;
A305 : FF;
A306 : FF;
A307 : FF;
A308 : FF;
A309 : FF;
A30A : FF;
A30B : FF;
A30C : FF;
A30D : FF;
A30E : FF;
A30F : FF;
A310 : FF;
A311 : FF;
A312 : FF;
A313 : FF;
A314 : FF;
A315 : FF;
A316 : FF;
A317 : FF;
A318 : FF;
A319 : FF;
A31A : FF;
A31B : FF;
A31C : FF;
A31D : FF;
A31E : FF;
A31F : FF;
A320 : FF;
A321 : FF;
A322 : FF;
A323 : FF;
A324 : FF;
A325 : FF;
A326 : FF;
A327 : FF;
A328 : FF;
A329 : FF;
A32A : FF;
A32B : FF;
A32C : FF;
A32D : FF;
A32E : FF;
A32F : FF;
A330 : FF;
A331 : FF;
A332 : FF;
A333 : FF;
A334 : FF;
A335 : FF;
A336 : FF;
A337 : FF;
A338 : FF;
A339 : FF;
A33A : FF;
A33B : FF;
A33C : FF;
A33D : FF;
A33E : FF;
A33F : FF;
A340 : FF;
A341 : FF;
A342 : FF;
A343 : FF;
A344 : FF;
A345 : FF;
A346 : FF;
A347 : FF;
A348 : FF;
A349 : FF;
A34A : FF;
A34B : FF;
A34C : FF;
A34D : FF;
A34E : FF;
A34F : FF;
A350 : FF;
A351 : FF;
A352 : FF;
A353 : FF;
A354 : FF;
A355 : FF;
A356 : FF;
A357 : FF;
A358 : FF;
A359 : FF;
A35A : FF;
A35B : FF;
A35C : FF;
A35D : FF;
A35E : FF;
A35F : FF;
A360 : FF;
A361 : FF;
A362 : FF;
A363 : FF;
A364 : FF;
A365 : FF;
A366 : FF;
A367 : FF;
A368 : FF;
A369 : FF;
A36A : FF;
A36B : FF;
A36C : FF;
A36D : FF;
A36E : FF;
A36F : FF;
A370 : FF;
A371 : FF;
A372 : FF;
A373 : FF;
A374 : FF;
A375 : FF;
A376 : FF;
A377 : FF;
A378 : FF;
A379 : FF;
A37A : FF;
A37B : FF;
A37C : FF;
A37D : FF;
A37E : FF;
A37F : FF;
A380 : FF;
A381 : FF;
A382 : FF;
A383 : FF;
A384 : FF;
A385 : FF;
A386 : FF;
A387 : FF;
A388 : FF;
A389 : FF;
A38A : FF;
A38B : FF;
A38C : FF;
A38D : FF;
A38E : FF;
A38F : FF;
A390 : FF;
A391 : FF;
A392 : FF;
A393 : FF;
A394 : FF;
A395 : FF;
A396 : FF;
A397 : FF;
A398 : FF;
A399 : FF;
A39A : FF;
A39B : FF;
A39C : FF;
A39D : FF;
A39E : FF;
A39F : FF;
A3A0 : FF;
A3A1 : FF;
A3A2 : FF;
A3A3 : FF;
A3A4 : FF;
A3A5 : FF;
A3A6 : FF;
A3A7 : FF;
A3A8 : FF;
A3A9 : FF;
A3AA : FF;
A3AB : FF;
A3AC : FF;
A3AD : FF;
A3AE : FF;
A3AF : FF;
A3B0 : FF;
A3B1 : FF;
A3B2 : FF;
A3B3 : FF;
A3B4 : FF;
A3B5 : FF;
A3B6 : FF;
A3B7 : FF;
A3B8 : FF;
A3B9 : FF;
A3BA : FF;
A3BB : FF;
A3BC : FF;
A3BD : FF;
A3BE : FF;
A3BF : FF;
A3C0 : FF;
A3C1 : FF;
A3C2 : FF;
A3C3 : FF;
A3C4 : FF;
A3C5 : FF;
A3C6 : FF;
A3C7 : FF;
A3C8 : FF;
A3C9 : FF;
A3CA : FF;
A3CB : FF;
A3CC : FF;
A3CD : FF;
A3CE : FF;
A3CF : FF;
A3D0 : FF;
A3D1 : FF;
A3D2 : FF;
A3D3 : FF;
A3D4 : FF;
A3D5 : FF;
A3D6 : FF;
A3D7 : FF;
A3D8 : FF;
A3D9 : FF;
A3DA : FF;
A3DB : FF;
A3DC : FF;
A3DD : FF;
A3DE : FF;
A3DF : FF;
A3E0 : FF;
A3E1 : FF;
A3E2 : FF;
A3E3 : FF;
A3E4 : FF;
A3E5 : FF;
A3E6 : FF;
A3E7 : FF;
A3E8 : FF;
A3E9 : FF;
A3EA : FF;
A3EB : FF;
A3EC : FF;
A3ED : FF;
A3EE : FF;
A3EF : FF;
A3F0 : FF;
A3F1 : FF;
A3F2 : FF;
A3F3 : FF;
A3F4 : FF;
A3F5 : FF;
A3F6 : FF;
A3F7 : FF;
A3F8 : FF;
A3F9 : FF;
A3FA : FF;
A3FB : FF;
A3FC : FF;
A3FD : FF;
A3FE : FF;
A3FF : FF;
A400 : FF;
A401 : FF;
A402 : FF;
A403 : FF;
A404 : FF;
A405 : FF;
A406 : FF;
A407 : FF;
A408 : FF;
A409 : FF;
A40A : FF;
A40B : FF;
A40C : FF;
A40D : FF;
A40E : FF;
A40F : FF;
A410 : FF;
A411 : FF;
A412 : FF;
A413 : FF;
A414 : FF;
A415 : FF;
A416 : FF;
A417 : FF;
A418 : FF;
A419 : FF;
A41A : FF;
A41B : FF;
A41C : FF;
A41D : FF;
A41E : FF;
A41F : FF;
A420 : FF;
A421 : FF;
A422 : FF;
A423 : FF;
A424 : FF;
A425 : FF;
A426 : FF;
A427 : FF;
A428 : FF;
A429 : FF;
A42A : FF;
A42B : FF;
A42C : FF;
A42D : FF;
A42E : FF;
A42F : FF;
A430 : FF;
A431 : FF;
A432 : FF;
A433 : FF;
A434 : FF;
A435 : FF;
A436 : FF;
A437 : FF;
A438 : FF;
A439 : FF;
A43A : FF;
A43B : FF;
A43C : FF;
A43D : FF;
A43E : FF;
A43F : FF;
A440 : FF;
A441 : FF;
A442 : FF;
A443 : FF;
A444 : FF;
A445 : FF;
A446 : FF;
A447 : FF;
A448 : FF;
A449 : FF;
A44A : FF;
A44B : FF;
A44C : FF;
A44D : FF;
A44E : FF;
A44F : FF;
A450 : FF;
A451 : FF;
A452 : FF;
A453 : FF;
A454 : FF;
A455 : FF;
A456 : FF;
A457 : FF;
A458 : FF;
A459 : FF;
A45A : FF;
A45B : FF;
A45C : FF;
A45D : FF;
A45E : FF;
A45F : FF;
A460 : FF;
A461 : FF;
A462 : FF;
A463 : FF;
A464 : FF;
A465 : FF;
A466 : FF;
A467 : FF;
A468 : FF;
A469 : FF;
A46A : FF;
A46B : FF;
A46C : FF;
A46D : FF;
A46E : FF;
A46F : FF;
A470 : FF;
A471 : FF;
A472 : FF;
A473 : FF;
A474 : FF;
A475 : FF;
A476 : FF;
A477 : FF;
A478 : FF;
A479 : FF;
A47A : FF;
A47B : FF;
A47C : FF;
A47D : FF;
A47E : FF;
A47F : FF;
A480 : FF;
A481 : FF;
A482 : FF;
A483 : FF;
A484 : FF;
A485 : FF;
A486 : FF;
A487 : FF;
A488 : FF;
A489 : FF;
A48A : FF;
A48B : FF;
A48C : FF;
A48D : FF;
A48E : FF;
A48F : FF;
A490 : FF;
A491 : FF;
A492 : FF;
A493 : FF;
A494 : FF;
A495 : FF;
A496 : FF;
A497 : FF;
A498 : FF;
A499 : FF;
A49A : FF;
A49B : FF;
A49C : FF;
A49D : FF;
A49E : FF;
A49F : FF;
A4A0 : FF;
A4A1 : FF;
A4A2 : FF;
A4A3 : FF;
A4A4 : FF;
A4A5 : FF;
A4A6 : FF;
A4A7 : FF;
A4A8 : FF;
A4A9 : FF;
A4AA : FF;
A4AB : FF;
A4AC : FF;
A4AD : FF;
A4AE : FF;
A4AF : FF;
A4B0 : FF;
A4B1 : FF;
A4B2 : FF;
A4B3 : FF;
A4B4 : FF;
A4B5 : FF;
A4B6 : FF;
A4B7 : FF;
A4B8 : FF;
A4B9 : FF;
A4BA : FF;
A4BB : FF;
A4BC : FF;
A4BD : FF;
A4BE : FF;
A4BF : FF;
A4C0 : FF;
A4C1 : FF;
A4C2 : FF;
A4C3 : FF;
A4C4 : FF;
A4C5 : FF;
A4C6 : FF;
A4C7 : FF;
A4C8 : FF;
A4C9 : FF;
A4CA : FF;
A4CB : FF;
A4CC : FF;
A4CD : FF;
A4CE : FF;
A4CF : FF;
A4D0 : FF;
A4D1 : FF;
A4D2 : FF;
A4D3 : FF;
A4D4 : FF;
A4D5 : FF;
A4D6 : FF;
A4D7 : FF;
A4D8 : FF;
A4D9 : FF;
A4DA : FF;
A4DB : FF;
A4DC : FF;
A4DD : FF;
A4DE : FF;
A4DF : FF;
A4E0 : FF;
A4E1 : FF;
A4E2 : FF;
A4E3 : FF;
A4E4 : FF;
A4E5 : FF;
A4E6 : FF;
A4E7 : FF;
A4E8 : FF;
A4E9 : FF;
A4EA : FF;
A4EB : FF;
A4EC : FF;
A4ED : FF;
A4EE : FF;
A4EF : FF;
A4F0 : FF;
A4F1 : FF;
A4F2 : FF;
A4F3 : FF;
A4F4 : FF;
A4F5 : FF;
A4F6 : FF;
A4F7 : FF;
A4F8 : FF;
A4F9 : FF;
A4FA : FF;
A4FB : FF;
A4FC : FF;
A4FD : FF;
A4FE : FF;
A4FF : FF;
A500 : FF;
A501 : FF;
A502 : FF;
A503 : FF;
A504 : FF;
A505 : FF;
A506 : FF;
A507 : FF;
A508 : FF;
A509 : FF;
A50A : FF;
A50B : FF;
A50C : FF;
A50D : FF;
A50E : FF;
A50F : FF;
A510 : FF;
A511 : FF;
A512 : FF;
A513 : FF;
A514 : FF;
A515 : FF;
A516 : FF;
A517 : FF;
A518 : FF;
A519 : FF;
A51A : FF;
A51B : FF;
A51C : FF;
A51D : FF;
A51E : FF;
A51F : FF;
A520 : FF;
A521 : FF;
A522 : FF;
A523 : FF;
A524 : FF;
A525 : FF;
A526 : FF;
A527 : FF;
A528 : FF;
A529 : FF;
A52A : FF;
A52B : FF;
A52C : FF;
A52D : FF;
A52E : FF;
A52F : FF;
A530 : FF;
A531 : FF;
A532 : FF;
A533 : FF;
A534 : FF;
A535 : FF;
A536 : FF;
A537 : FF;
A538 : FF;
A539 : FF;
A53A : FF;
A53B : FF;
A53C : FF;
A53D : FF;
A53E : FF;
A53F : FF;
A540 : FF;
A541 : FF;
A542 : FF;
A543 : FF;
A544 : FF;
A545 : FF;
A546 : FF;
A547 : FF;
A548 : FF;
A549 : FF;
A54A : FF;
A54B : FF;
A54C : FF;
A54D : FF;
A54E : FF;
A54F : FF;
A550 : FF;
A551 : FF;
A552 : FF;
A553 : FF;
A554 : FF;
A555 : FF;
A556 : FF;
A557 : FF;
A558 : FF;
A559 : FF;
A55A : FF;
A55B : FF;
A55C : FF;
A55D : FF;
A55E : FF;
A55F : FF;
A560 : FF;
A561 : FF;
A562 : FF;
A563 : FF;
A564 : FF;
A565 : FF;
A566 : FF;
A567 : FF;
A568 : FF;
A569 : FF;
A56A : FF;
A56B : FF;
A56C : FF;
A56D : FF;
A56E : FF;
A56F : FF;
A570 : FF;
A571 : FF;
A572 : FF;
A573 : FF;
A574 : FF;
A575 : FF;
A576 : FF;
A577 : FF;
A578 : FF;
A579 : FF;
A57A : FF;
A57B : FF;
A57C : FF;
A57D : FF;
A57E : FF;
A57F : FF;
A580 : FF;
A581 : FF;
A582 : FF;
A583 : FF;
A584 : FF;
A585 : FF;
A586 : FF;
A587 : FF;
A588 : FF;
A589 : FF;
A58A : FF;
A58B : FF;
A58C : FF;
A58D : FF;
A58E : FF;
A58F : FF;
A590 : FF;
A591 : FF;
A592 : FF;
A593 : FF;
A594 : FF;
A595 : FF;
A596 : FF;
A597 : FF;
A598 : FF;
A599 : FF;
A59A : FF;
A59B : FF;
A59C : FF;
A59D : FF;
A59E : FF;
A59F : FF;
A5A0 : FF;
A5A1 : FF;
A5A2 : FF;
A5A3 : FF;
A5A4 : FF;
A5A5 : FF;
A5A6 : FF;
A5A7 : FF;
A5A8 : FF;
A5A9 : FF;
A5AA : FF;
A5AB : FF;
A5AC : FF;
A5AD : FF;
A5AE : FF;
A5AF : FF;
A5B0 : FF;
A5B1 : FF;
A5B2 : FF;
A5B3 : FF;
A5B4 : FF;
A5B5 : FF;
A5B6 : FF;
A5B7 : FF;
A5B8 : FF;
A5B9 : FF;
A5BA : FF;
A5BB : FF;
A5BC : FF;
A5BD : FF;
A5BE : FF;
A5BF : FF;
A5C0 : FF;
A5C1 : FF;
A5C2 : FF;
A5C3 : FF;
A5C4 : FF;
A5C5 : FF;
A5C6 : FF;
A5C7 : FF;
A5C8 : FF;
A5C9 : FF;
A5CA : FF;
A5CB : FF;
A5CC : FF;
A5CD : FF;
A5CE : FF;
A5CF : FF;
A5D0 : FF;
A5D1 : FF;
A5D2 : FF;
A5D3 : FF;
A5D4 : FF;
A5D5 : FF;
A5D6 : FF;
A5D7 : FF;
A5D8 : FF;
A5D9 : FF;
A5DA : FF;
A5DB : FF;
A5DC : FF;
A5DD : FF;
A5DE : FF;
A5DF : FF;
A5E0 : FF;
A5E1 : FF;
A5E2 : FF;
A5E3 : FF;
A5E4 : FF;
A5E5 : FF;
A5E6 : FF;
A5E7 : FF;
A5E8 : FF;
A5E9 : FF;
A5EA : FF;
A5EB : FF;
A5EC : FF;
A5ED : FF;
A5EE : FF;
A5EF : FF;
A5F0 : FF;
A5F1 : FF;
A5F2 : FF;
A5F3 : FF;
A5F4 : FF;
A5F5 : FF;
A5F6 : FF;
A5F7 : FF;
A5F8 : FF;
A5F9 : FF;
A5FA : FF;
A5FB : FF;
A5FC : FF;
A5FD : FF;
A5FE : FF;
A5FF : FF;
A600 : FF;
A601 : FF;
A602 : FF;
A603 : FF;
A604 : FF;
A605 : FF;
A606 : FF;
A607 : FF;
A608 : FF;
A609 : FF;
A60A : FF;
A60B : FF;
A60C : FF;
A60D : FF;
A60E : FF;
A60F : FF;
A610 : FF;
A611 : FF;
A612 : FF;
A613 : FF;
A614 : FF;
A615 : FF;
A616 : FF;
A617 : FF;
A618 : FF;
A619 : FF;
A61A : FF;
A61B : FF;
A61C : FF;
A61D : FF;
A61E : FF;
A61F : FF;
A620 : FF;
A621 : FF;
A622 : FF;
A623 : FF;
A624 : FF;
A625 : FF;
A626 : FF;
A627 : FF;
A628 : FF;
A629 : FF;
A62A : FF;
A62B : FF;
A62C : FF;
A62D : FF;
A62E : FF;
A62F : FF;
A630 : FF;
A631 : FF;
A632 : FF;
A633 : FF;
A634 : FF;
A635 : FF;
A636 : FF;
A637 : FF;
A638 : FF;
A639 : FF;
A63A : FF;
A63B : FF;
A63C : FF;
A63D : FF;
A63E : FF;
A63F : FF;
A640 : FF;
A641 : FF;
A642 : FF;
A643 : FF;
A644 : FF;
A645 : FF;
A646 : FF;
A647 : FF;
A648 : FF;
A649 : FF;
A64A : FF;
A64B : FF;
A64C : FF;
A64D : FF;
A64E : FF;
A64F : FF;
A650 : FF;
A651 : FF;
A652 : FF;
A653 : FF;
A654 : FF;
A655 : FF;
A656 : FF;
A657 : FF;
A658 : FF;
A659 : FF;
A65A : FF;
A65B : FF;
A65C : FF;
A65D : FF;
A65E : FF;
A65F : FF;
A660 : FF;
A661 : FF;
A662 : FF;
A663 : FF;
A664 : FF;
A665 : FF;
A666 : FF;
A667 : FF;
A668 : FF;
A669 : FF;
A66A : FF;
A66B : FF;
A66C : FF;
A66D : FF;
A66E : FF;
A66F : FF;
A670 : FF;
A671 : FF;
A672 : FF;
A673 : FF;
A674 : FF;
A675 : FF;
A676 : FF;
A677 : FF;
A678 : FF;
A679 : FF;
A67A : FF;
A67B : FF;
A67C : FF;
A67D : FF;
A67E : FF;
A67F : FF;
A680 : FF;
A681 : FF;
A682 : FF;
A683 : FF;
A684 : FF;
A685 : FF;
A686 : FF;
A687 : FF;
A688 : FF;
A689 : FF;
A68A : FF;
A68B : FF;
A68C : FF;
A68D : FF;
A68E : FF;
A68F : FF;
A690 : FF;
A691 : FF;
A692 : FF;
A693 : FF;
A694 : FF;
A695 : FF;
A696 : FF;
A697 : FF;
A698 : FF;
A699 : FF;
A69A : FF;
A69B : FF;
A69C : FF;
A69D : FF;
A69E : FF;
A69F : FF;
A6A0 : FF;
A6A1 : FF;
A6A2 : FF;
A6A3 : FF;
A6A4 : FF;
A6A5 : FF;
A6A6 : FF;
A6A7 : FF;
A6A8 : FF;
A6A9 : FF;
A6AA : FF;
A6AB : FF;
A6AC : FF;
A6AD : FF;
A6AE : FF;
A6AF : FF;
A6B0 : FF;
A6B1 : FF;
A6B2 : FF;
A6B3 : FF;
A6B4 : FF;
A6B5 : FF;
A6B6 : FF;
A6B7 : FF;
A6B8 : FF;
A6B9 : FF;
A6BA : FF;
A6BB : FF;
A6BC : FF;
A6BD : FF;
A6BE : FF;
A6BF : FF;
A6C0 : FF;
A6C1 : FF;
A6C2 : FF;
A6C3 : FF;
A6C4 : FF;
A6C5 : FF;
A6C6 : FF;
A6C7 : FF;
A6C8 : FF;
A6C9 : FF;
A6CA : FF;
A6CB : FF;
A6CC : FF;
A6CD : FF;
A6CE : FF;
A6CF : FF;
A6D0 : FF;
A6D1 : FF;
A6D2 : FF;
A6D3 : FF;
A6D4 : FF;
A6D5 : FF;
A6D6 : FF;
A6D7 : FF;
A6D8 : FF;
A6D9 : FF;
A6DA : FF;
A6DB : FF;
A6DC : FF;
A6DD : FF;
A6DE : FF;
A6DF : FF;
A6E0 : FF;
A6E1 : FF;
A6E2 : FF;
A6E3 : FF;
A6E4 : FF;
A6E5 : FF;
A6E6 : FF;
A6E7 : FF;
A6E8 : FF;
A6E9 : FF;
A6EA : FF;
A6EB : FF;
A6EC : FF;
A6ED : FF;
A6EE : FF;
A6EF : FF;
A6F0 : FF;
A6F1 : FF;
A6F2 : FF;
A6F3 : FF;
A6F4 : FF;
A6F5 : FF;
A6F6 : FF;
A6F7 : FF;
A6F8 : FF;
A6F9 : FF;
A6FA : FF;
A6FB : FF;
A6FC : FF;
A6FD : FF;
A6FE : FF;
A6FF : FF;
A700 : FF;
A701 : FF;
A702 : FF;
A703 : FF;
A704 : FF;
A705 : FF;
A706 : FF;
A707 : FF;
A708 : FF;
A709 : FF;
A70A : FF;
A70B : FF;
A70C : FF;
A70D : FF;
A70E : FF;
A70F : FF;
A710 : FF;
A711 : FF;
A712 : FF;
A713 : FF;
A714 : FF;
A715 : FF;
A716 : FF;
A717 : FF;
A718 : FF;
A719 : FF;
A71A : FF;
A71B : FF;
A71C : FF;
A71D : FF;
A71E : FF;
A71F : FF;
A720 : FF;
A721 : FF;
A722 : FF;
A723 : FF;
A724 : FF;
A725 : FF;
A726 : FF;
A727 : FF;
A728 : FF;
A729 : FF;
A72A : FF;
A72B : FF;
A72C : FF;
A72D : FF;
A72E : FF;
A72F : FF;
A730 : FF;
A731 : FF;
A732 : FF;
A733 : FF;
A734 : FF;
A735 : FF;
A736 : FF;
A737 : FF;
A738 : FF;
A739 : FF;
A73A : FF;
A73B : FF;
A73C : FF;
A73D : FF;
A73E : FF;
A73F : FF;
A740 : FF;
A741 : FF;
A742 : FF;
A743 : FF;
A744 : FF;
A745 : FF;
A746 : FF;
A747 : FF;
A748 : FF;
A749 : FF;
A74A : FF;
A74B : FF;
A74C : FF;
A74D : FF;
A74E : FF;
A74F : FF;
A750 : FF;
A751 : FF;
A752 : FF;
A753 : FF;
A754 : FF;
A755 : FF;
A756 : FF;
A757 : FF;
A758 : FF;
A759 : FF;
A75A : FF;
A75B : FF;
A75C : FF;
A75D : FF;
A75E : FF;
A75F : FF;
A760 : FF;
A761 : FF;
A762 : FF;
A763 : FF;
A764 : FF;
A765 : FF;
A766 : FF;
A767 : FF;
A768 : FF;
A769 : FF;
A76A : FF;
A76B : FF;
A76C : FF;
A76D : FF;
A76E : FF;
A76F : FF;
A770 : FF;
A771 : FF;
A772 : FF;
A773 : FF;
A774 : FF;
A775 : FF;
A776 : FF;
A777 : FF;
A778 : FF;
A779 : FF;
A77A : FF;
A77B : FF;
A77C : FF;
A77D : FF;
A77E : FF;
A77F : FF;
A780 : FF;
A781 : FF;
A782 : FF;
A783 : FF;
A784 : FF;
A785 : FF;
A786 : FF;
A787 : FF;
A788 : FF;
A789 : FF;
A78A : FF;
A78B : FF;
A78C : FF;
A78D : FF;
A78E : FF;
A78F : FF;
A790 : FF;
A791 : FF;
A792 : FF;
A793 : FF;
A794 : FF;
A795 : FF;
A796 : FF;
A797 : FF;
A798 : FF;
A799 : FF;
A79A : FF;
A79B : FF;
A79C : FF;
A79D : FF;
A79E : FF;
A79F : FF;
A7A0 : FF;
A7A1 : FF;
A7A2 : FF;
A7A3 : FF;
A7A4 : FF;
A7A5 : FF;
A7A6 : FF;
A7A7 : FF;
A7A8 : FF;
A7A9 : FF;
A7AA : FF;
A7AB : FF;
A7AC : FF;
A7AD : FF;
A7AE : FF;
A7AF : FF;
A7B0 : FF;
A7B1 : FF;
A7B2 : FF;
A7B3 : FF;
A7B4 : FF;
A7B5 : FF;
A7B6 : FF;
A7B7 : FF;
A7B8 : FF;
A7B9 : FF;
A7BA : FF;
A7BB : FF;
A7BC : FF;
A7BD : FF;
A7BE : FF;
A7BF : FF;
A7C0 : FF;
A7C1 : FF;
A7C2 : FF;
A7C3 : FF;
A7C4 : FF;
A7C5 : FF;
A7C6 : FF;
A7C7 : FF;
A7C8 : FF;
A7C9 : FF;
A7CA : FF;
A7CB : FF;
A7CC : FF;
A7CD : FF;
A7CE : FF;
A7CF : FF;
A7D0 : FF;
A7D1 : FF;
A7D2 : FF;
A7D3 : FF;
A7D4 : FF;
A7D5 : FF;
A7D6 : FF;
A7D7 : FF;
A7D8 : FF;
A7D9 : FF;
A7DA : FF;
A7DB : FF;
A7DC : FF;
A7DD : FF;
A7DE : FF;
A7DF : FF;
A7E0 : FF;
A7E1 : FF;
A7E2 : FF;
A7E3 : FF;
A7E4 : FF;
A7E5 : FF;
A7E6 : FF;
A7E7 : FF;
A7E8 : FF;
A7E9 : FF;
A7EA : FF;
A7EB : FF;
A7EC : FF;
A7ED : FF;
A7EE : FF;
A7EF : FF;
A7F0 : FF;
A7F1 : FF;
A7F2 : FF;
A7F3 : FF;
A7F4 : FF;
A7F5 : FF;
A7F6 : FF;
A7F7 : FF;
A7F8 : FF;
A7F9 : FF;
A7FA : FF;
A7FB : FF;
A7FC : FF;
A7FD : FF;
A7FE : FF;
A7FF : FF;
A800 : FF;
A801 : FF;
A802 : FF;
A803 : FF;
A804 : FF;
A805 : FF;
A806 : FF;
A807 : FF;
A808 : FF;
A809 : FF;
A80A : FF;
A80B : FF;
A80C : FF;
A80D : FF;
A80E : FF;
A80F : FF;
A810 : FF;
A811 : FF;
A812 : FF;
A813 : FF;
A814 : FF;
A815 : FF;
A816 : FF;
A817 : FF;
A818 : FF;
A819 : FF;
A81A : FF;
A81B : FF;
A81C : FF;
A81D : FF;
A81E : FF;
A81F : FF;
A820 : FF;
A821 : FF;
A822 : FF;
A823 : FF;
A824 : FF;
A825 : FF;
A826 : FF;
A827 : FF;
A828 : FF;
A829 : FF;
A82A : FF;
A82B : FF;
A82C : FF;
A82D : FF;
A82E : FF;
A82F : FF;
A830 : FF;
A831 : FF;
A832 : FF;
A833 : FF;
A834 : FF;
A835 : FF;
A836 : FF;
A837 : FF;
A838 : FF;
A839 : FF;
A83A : FF;
A83B : FF;
A83C : FF;
A83D : FF;
A83E : FF;
A83F : FF;
A840 : FF;
A841 : FF;
A842 : FF;
A843 : FF;
A844 : FF;
A845 : FF;
A846 : FF;
A847 : FF;
A848 : FF;
A849 : FF;
A84A : FF;
A84B : FF;
A84C : FF;
A84D : FF;
A84E : FF;
A84F : FF;
A850 : FF;
A851 : FF;
A852 : FF;
A853 : FF;
A854 : FF;
A855 : FF;
A856 : FF;
A857 : FF;
A858 : FF;
A859 : FF;
A85A : FF;
A85B : FF;
A85C : FF;
A85D : FF;
A85E : FF;
A85F : FF;
A860 : FF;
A861 : FF;
A862 : FF;
A863 : FF;
A864 : FF;
A865 : FF;
A866 : FF;
A867 : FF;
A868 : FF;
A869 : FF;
A86A : FF;
A86B : FF;
A86C : FF;
A86D : FF;
A86E : FF;
A86F : FF;
A870 : FF;
A871 : FF;
A872 : FF;
A873 : FF;
A874 : FF;
A875 : FF;
A876 : FF;
A877 : FF;
A878 : FF;
A879 : FF;
A87A : FF;
A87B : FF;
A87C : FF;
A87D : FF;
A87E : FF;
A87F : FF;
A880 : FF;
A881 : FF;
A882 : FF;
A883 : FF;
A884 : FF;
A885 : FF;
A886 : FF;
A887 : FF;
A888 : FF;
A889 : FF;
A88A : FF;
A88B : FF;
A88C : FF;
A88D : FF;
A88E : FF;
A88F : FF;
A890 : FF;
A891 : FF;
A892 : FF;
A893 : FF;
A894 : FF;
A895 : FF;
A896 : FF;
A897 : FF;
A898 : FF;
A899 : FF;
A89A : FF;
A89B : FF;
A89C : FF;
A89D : FF;
A89E : FF;
A89F : FF;
A8A0 : FF;
A8A1 : FF;
A8A2 : FF;
A8A3 : FF;
A8A4 : FF;
A8A5 : FF;
A8A6 : FF;
A8A7 : FF;
A8A8 : FF;
A8A9 : FF;
A8AA : FF;
A8AB : FF;
A8AC : FF;
A8AD : FF;
A8AE : FF;
A8AF : FF;
A8B0 : FF;
A8B1 : FF;
A8B2 : FF;
A8B3 : FF;
A8B4 : FF;
A8B5 : FF;
A8B6 : FF;
A8B7 : FF;
A8B8 : FF;
A8B9 : FF;
A8BA : FF;
A8BB : FF;
A8BC : FF;
A8BD : FF;
A8BE : FF;
A8BF : FF;
A8C0 : FF;
A8C1 : FF;
A8C2 : FF;
A8C3 : FF;
A8C4 : FF;
A8C5 : FF;
A8C6 : FF;
A8C7 : FF;
A8C8 : FF;
A8C9 : FF;
A8CA : FF;
A8CB : FF;
A8CC : FF;
A8CD : FF;
A8CE : FF;
A8CF : FF;
A8D0 : FF;
A8D1 : FF;
A8D2 : FF;
A8D3 : FF;
A8D4 : FF;
A8D5 : FF;
A8D6 : FF;
A8D7 : FF;
A8D8 : FF;
A8D9 : FF;
A8DA : FF;
A8DB : FF;
A8DC : FF;
A8DD : FF;
A8DE : FF;
A8DF : FF;
A8E0 : FF;
A8E1 : FF;
A8E2 : FF;
A8E3 : FF;
A8E4 : FF;
A8E5 : FF;
A8E6 : FF;
A8E7 : FF;
A8E8 : FF;
A8E9 : FF;
A8EA : FF;
A8EB : FF;
A8EC : FF;
A8ED : FF;
A8EE : FF;
A8EF : FF;
A8F0 : FF;
A8F1 : FF;
A8F2 : FF;
A8F3 : FF;
A8F4 : FF;
A8F5 : FF;
A8F6 : FF;
A8F7 : FF;
A8F8 : FF;
A8F9 : FF;
A8FA : FF;
A8FB : FF;
A8FC : FF;
A8FD : FF;
A8FE : FF;
A8FF : FF;
A900 : FF;
A901 : FF;
A902 : FF;
A903 : FF;
A904 : FF;
A905 : FF;
A906 : FF;
A907 : FF;
A908 : FF;
A909 : FF;
A90A : FF;
A90B : FF;
A90C : FF;
A90D : FF;
A90E : FF;
A90F : FF;
A910 : FF;
A911 : FF;
A912 : FF;
A913 : FF;
A914 : FF;
A915 : FF;
A916 : FF;
A917 : FF;
A918 : FF;
A919 : FF;
A91A : FF;
A91B : FF;
A91C : FF;
A91D : FF;
A91E : FF;
A91F : FF;
A920 : FF;
A921 : FF;
A922 : FF;
A923 : FF;
A924 : FF;
A925 : FF;
A926 : FF;
A927 : FF;
A928 : FF;
A929 : FF;
A92A : FF;
A92B : FF;
A92C : FF;
A92D : FF;
A92E : FF;
A92F : FF;
A930 : FF;
A931 : FF;
A932 : FF;
A933 : FF;
A934 : FF;
A935 : FF;
A936 : FF;
A937 : FF;
A938 : FF;
A939 : FF;
A93A : FF;
A93B : FF;
A93C : FF;
A93D : FF;
A93E : FF;
A93F : FF;
A940 : FF;
A941 : FF;
A942 : FF;
A943 : FF;
A944 : FF;
A945 : FF;
A946 : FF;
A947 : FF;
A948 : FF;
A949 : FF;
A94A : FF;
A94B : FF;
A94C : FF;
A94D : FF;
A94E : FF;
A94F : FF;
A950 : FF;
A951 : FF;
A952 : FF;
A953 : FF;
A954 : FF;
A955 : FF;
A956 : FF;
A957 : FF;
A958 : FF;
A959 : FF;
A95A : FF;
A95B : FF;
A95C : FF;
A95D : FF;
A95E : FF;
A95F : FF;
A960 : FF;
A961 : FF;
A962 : FF;
A963 : FF;
A964 : FF;
A965 : FF;
A966 : FF;
A967 : FF;
A968 : FF;
A969 : FF;
A96A : FF;
A96B : FF;
A96C : FF;
A96D : FF;
A96E : FF;
A96F : FF;
A970 : FF;
A971 : FF;
A972 : FF;
A973 : FF;
A974 : FF;
A975 : FF;
A976 : FF;
A977 : FF;
A978 : FF;
A979 : FF;
A97A : FF;
A97B : FF;
A97C : FF;
A97D : FF;
A97E : FF;
A97F : FF;
A980 : FF;
A981 : FF;
A982 : FF;
A983 : FF;
A984 : FF;
A985 : FF;
A986 : FF;
A987 : FF;
A988 : FF;
A989 : FF;
A98A : FF;
A98B : FF;
A98C : FF;
A98D : FF;
A98E : FF;
A98F : FF;
A990 : FF;
A991 : FF;
A992 : FF;
A993 : FF;
A994 : FF;
A995 : FF;
A996 : FF;
A997 : FF;
A998 : FF;
A999 : FF;
A99A : FF;
A99B : FF;
A99C : FF;
A99D : FF;
A99E : FF;
A99F : FF;
A9A0 : FF;
A9A1 : FF;
A9A2 : FF;
A9A3 : FF;
A9A4 : FF;
A9A5 : FF;
A9A6 : FF;
A9A7 : FF;
A9A8 : FF;
A9A9 : FF;
A9AA : FF;
A9AB : FF;
A9AC : FF;
A9AD : FF;
A9AE : FF;
A9AF : FF;
A9B0 : FF;
A9B1 : FF;
A9B2 : FF;
A9B3 : FF;
A9B4 : FF;
A9B5 : FF;
A9B6 : FF;
A9B7 : FF;
A9B8 : FF;
A9B9 : FF;
A9BA : FF;
A9BB : FF;
A9BC : FF;
A9BD : FF;
A9BE : FF;
A9BF : FF;
A9C0 : FF;
A9C1 : FF;
A9C2 : FF;
A9C3 : FF;
A9C4 : FF;
A9C5 : FF;
A9C6 : FF;
A9C7 : FF;
A9C8 : FF;
A9C9 : FF;
A9CA : FF;
A9CB : FF;
A9CC : FF;
A9CD : FF;
A9CE : FF;
A9CF : FF;
A9D0 : FF;
A9D1 : FF;
A9D2 : FF;
A9D3 : FF;
A9D4 : FF;
A9D5 : FF;
A9D6 : FF;
A9D7 : FF;
A9D8 : FF;
A9D9 : FF;
A9DA : FF;
A9DB : FF;
A9DC : FF;
A9DD : FF;
A9DE : FF;
A9DF : FF;
A9E0 : FF;
A9E1 : FF;
A9E2 : FF;
A9E3 : FF;
A9E4 : FF;
A9E5 : FF;
A9E6 : FF;
A9E7 : FF;
A9E8 : FF;
A9E9 : FF;
A9EA : FF;
A9EB : FF;
A9EC : FF;
A9ED : FF;
A9EE : FF;
A9EF : FF;
A9F0 : FF;
A9F1 : FF;
A9F2 : FF;
A9F3 : FF;
A9F4 : FF;
A9F5 : FF;
A9F6 : FF;
A9F7 : FF;
A9F8 : FF;
A9F9 : FF;
A9FA : FF;
A9FB : FF;
A9FC : FF;
A9FD : FF;
A9FE : FF;
A9FF : FF;
AA00 : FF;
AA01 : FF;
AA02 : FF;
AA03 : FF;
AA04 : FF;
AA05 : FF;
AA06 : FF;
AA07 : FF;
AA08 : FF;
AA09 : FF;
AA0A : FF;
AA0B : FF;
AA0C : FF;
AA0D : FF;
AA0E : FF;
AA0F : FF;
AA10 : FF;
AA11 : FF;
AA12 : FF;
AA13 : FF;
AA14 : FF;
AA15 : FF;
AA16 : FF;
AA17 : FF;
AA18 : FF;
AA19 : FF;
AA1A : FF;
AA1B : FF;
AA1C : FF;
AA1D : FF;
AA1E : FF;
AA1F : FF;
AA20 : FF;
AA21 : FF;
AA22 : FF;
AA23 : FF;
AA24 : FF;
AA25 : FF;
AA26 : FF;
AA27 : FF;
AA28 : FF;
AA29 : FF;
AA2A : FF;
AA2B : FF;
AA2C : FF;
AA2D : FF;
AA2E : FF;
AA2F : FF;
AA30 : FF;
AA31 : FF;
AA32 : FF;
AA33 : FF;
AA34 : FF;
AA35 : FF;
AA36 : FF;
AA37 : FF;
AA38 : FF;
AA39 : FF;
AA3A : FF;
AA3B : FF;
AA3C : FF;
AA3D : FF;
AA3E : FF;
AA3F : FF;
AA40 : FF;
AA41 : FF;
AA42 : FF;
AA43 : FF;
AA44 : FF;
AA45 : FF;
AA46 : FF;
AA47 : FF;
AA48 : FF;
AA49 : FF;
AA4A : FF;
AA4B : FF;
AA4C : FF;
AA4D : FF;
AA4E : FF;
AA4F : FF;
AA50 : FF;
AA51 : FF;
AA52 : FF;
AA53 : FF;
AA54 : FF;
AA55 : FF;
AA56 : FF;
AA57 : FF;
AA58 : FF;
AA59 : FF;
AA5A : FF;
AA5B : FF;
AA5C : FF;
AA5D : FF;
AA5E : FF;
AA5F : FF;
AA60 : FF;
AA61 : FF;
AA62 : FF;
AA63 : FF;
AA64 : FF;
AA65 : FF;
AA66 : FF;
AA67 : FF;
AA68 : FF;
AA69 : FF;
AA6A : FF;
AA6B : FF;
AA6C : FF;
AA6D : FF;
AA6E : FF;
AA6F : FF;
AA70 : FF;
AA71 : FF;
AA72 : FF;
AA73 : FF;
AA74 : FF;
AA75 : FF;
AA76 : FF;
AA77 : FF;
AA78 : FF;
AA79 : FF;
AA7A : FF;
AA7B : FF;
AA7C : FF;
AA7D : FF;
AA7E : FF;
AA7F : FF;
AA80 : FF;
AA81 : FF;
AA82 : FF;
AA83 : FF;
AA84 : FF;
AA85 : FF;
AA86 : FF;
AA87 : FF;
AA88 : FF;
AA89 : FF;
AA8A : FF;
AA8B : FF;
AA8C : FF;
AA8D : FF;
AA8E : FF;
AA8F : FF;
AA90 : FF;
AA91 : FF;
AA92 : FF;
AA93 : FF;
AA94 : FF;
AA95 : FF;
AA96 : FF;
AA97 : FF;
AA98 : FF;
AA99 : FF;
AA9A : FF;
AA9B : FF;
AA9C : FF;
AA9D : FF;
AA9E : FF;
AA9F : FF;
AAA0 : FF;
AAA1 : FF;
AAA2 : FF;
AAA3 : FF;
AAA4 : FF;
AAA5 : FF;
AAA6 : FF;
AAA7 : FF;
AAA8 : FF;
AAA9 : FF;
AAAA : FF;
AAAB : FF;
AAAC : FF;
AAAD : FF;
AAAE : FF;
AAAF : FF;
AAB0 : FF;
AAB1 : FF;
AAB2 : FF;
AAB3 : FF;
AAB4 : FF;
AAB5 : FF;
AAB6 : FF;
AAB7 : FF;
AAB8 : FF;
AAB9 : FF;
AABA : FF;
AABB : FF;
AABC : FF;
AABD : FF;
AABE : FF;
AABF : FF;
AAC0 : FF;
AAC1 : FF;
AAC2 : FF;
AAC3 : FF;
AAC4 : FF;
AAC5 : FF;
AAC6 : FF;
AAC7 : FF;
AAC8 : FF;
AAC9 : FF;
AACA : FF;
AACB : FF;
AACC : FF;
AACD : FF;
AACE : FF;
AACF : FF;
AAD0 : FF;
AAD1 : FF;
AAD2 : FF;
AAD3 : FF;
AAD4 : FF;
AAD5 : FF;
AAD6 : FF;
AAD7 : FF;
AAD8 : FF;
AAD9 : FF;
AADA : FF;
AADB : FF;
AADC : FF;
AADD : FF;
AADE : FF;
AADF : FF;
AAE0 : FF;
AAE1 : FF;
AAE2 : FF;
AAE3 : FF;
AAE4 : FF;
AAE5 : FF;
AAE6 : FF;
AAE7 : FF;
AAE8 : FF;
AAE9 : FF;
AAEA : FF;
AAEB : FF;
AAEC : FF;
AAED : FF;
AAEE : FF;
AAEF : FF;
AAF0 : FF;
AAF1 : FF;
AAF2 : FF;
AAF3 : FF;
AAF4 : FF;
AAF5 : FF;
AAF6 : FF;
AAF7 : FF;
AAF8 : FF;
AAF9 : FF;
AAFA : FF;
AAFB : FF;
AAFC : FF;
AAFD : FF;
AAFE : FF;
AAFF : FF;
AB00 : FF;
AB01 : FF;
AB02 : FF;
AB03 : FF;
AB04 : FF;
AB05 : FF;
AB06 : FF;
AB07 : FF;
AB08 : FF;
AB09 : FF;
AB0A : FF;
AB0B : FF;
AB0C : FF;
AB0D : FF;
AB0E : FF;
AB0F : FF;
AB10 : FF;
AB11 : FF;
AB12 : FF;
AB13 : FF;
AB14 : FF;
AB15 : FF;
AB16 : FF;
AB17 : FF;
AB18 : FF;
AB19 : FF;
AB1A : FF;
AB1B : FF;
AB1C : FF;
AB1D : FF;
AB1E : FF;
AB1F : FF;
AB20 : FF;
AB21 : FF;
AB22 : FF;
AB23 : FF;
AB24 : FF;
AB25 : FF;
AB26 : FF;
AB27 : FF;
AB28 : FF;
AB29 : FF;
AB2A : FF;
AB2B : FF;
AB2C : FF;
AB2D : FF;
AB2E : FF;
AB2F : FF;
AB30 : FF;
AB31 : FF;
AB32 : FF;
AB33 : FF;
AB34 : FF;
AB35 : FF;
AB36 : FF;
AB37 : FF;
AB38 : FF;
AB39 : FF;
AB3A : FF;
AB3B : FF;
AB3C : FF;
AB3D : FF;
AB3E : FF;
AB3F : FF;
AB40 : FF;
AB41 : FF;
AB42 : FF;
AB43 : FF;
AB44 : FF;
AB45 : FF;
AB46 : FF;
AB47 : FF;
AB48 : FF;
AB49 : FF;
AB4A : FF;
AB4B : FF;
AB4C : FF;
AB4D : FF;
AB4E : FF;
AB4F : FF;
AB50 : FF;
AB51 : FF;
AB52 : FF;
AB53 : FF;
AB54 : FF;
AB55 : FF;
AB56 : FF;
AB57 : FF;
AB58 : FF;
AB59 : FF;
AB5A : FF;
AB5B : FF;
AB5C : FF;
AB5D : FF;
AB5E : FF;
AB5F : FF;
AB60 : FF;
AB61 : FF;
AB62 : FF;
AB63 : FF;
AB64 : FF;
AB65 : FF;
AB66 : FF;
AB67 : FF;
AB68 : FF;
AB69 : FF;
AB6A : FF;
AB6B : FF;
AB6C : FF;
AB6D : FF;
AB6E : FF;
AB6F : FF;
AB70 : FF;
AB71 : FF;
AB72 : FF;
AB73 : FF;
AB74 : FF;
AB75 : FF;
AB76 : FF;
AB77 : FF;
AB78 : FF;
AB79 : FF;
AB7A : FF;
AB7B : FF;
AB7C : FF;
AB7D : FF;
AB7E : FF;
AB7F : FF;
AB80 : FF;
AB81 : FF;
AB82 : FF;
AB83 : FF;
AB84 : FF;
AB85 : FF;
AB86 : FF;
AB87 : FF;
AB88 : FF;
AB89 : FF;
AB8A : FF;
AB8B : FF;
AB8C : FF;
AB8D : FF;
AB8E : FF;
AB8F : FF;
AB90 : FF;
AB91 : FF;
AB92 : FF;
AB93 : FF;
AB94 : FF;
AB95 : FF;
AB96 : FF;
AB97 : FF;
AB98 : FF;
AB99 : FF;
AB9A : FF;
AB9B : FF;
AB9C : FF;
AB9D : FF;
AB9E : FF;
AB9F : FF;
ABA0 : FF;
ABA1 : FF;
ABA2 : FF;
ABA3 : FF;
ABA4 : FF;
ABA5 : FF;
ABA6 : FF;
ABA7 : FF;
ABA8 : FF;
ABA9 : FF;
ABAA : FF;
ABAB : FF;
ABAC : FF;
ABAD : FF;
ABAE : FF;
ABAF : FF;
ABB0 : FF;
ABB1 : FF;
ABB2 : FF;
ABB3 : FF;
ABB4 : FF;
ABB5 : FF;
ABB6 : FF;
ABB7 : FF;
ABB8 : FF;
ABB9 : FF;
ABBA : FF;
ABBB : FF;
ABBC : FF;
ABBD : FF;
ABBE : FF;
ABBF : FF;
ABC0 : FF;
ABC1 : FF;
ABC2 : FF;
ABC3 : FF;
ABC4 : FF;
ABC5 : FF;
ABC6 : FF;
ABC7 : FF;
ABC8 : FF;
ABC9 : FF;
ABCA : FF;
ABCB : FF;
ABCC : FF;
ABCD : FF;
ABCE : FF;
ABCF : FF;
ABD0 : FF;
ABD1 : FF;
ABD2 : FF;
ABD3 : FF;
ABD4 : FF;
ABD5 : FF;
ABD6 : FF;
ABD7 : FF;
ABD8 : FF;
ABD9 : FF;
ABDA : FF;
ABDB : FF;
ABDC : FF;
ABDD : FF;
ABDE : FF;
ABDF : FF;
ABE0 : FF;
ABE1 : FF;
ABE2 : FF;
ABE3 : FF;
ABE4 : FF;
ABE5 : FF;
ABE6 : FF;
ABE7 : FF;
ABE8 : FF;
ABE9 : FF;
ABEA : FF;
ABEB : FF;
ABEC : FF;
ABED : FF;
ABEE : FF;
ABEF : FF;
ABF0 : FF;
ABF1 : FF;
ABF2 : FF;
ABF3 : FF;
ABF4 : FF;
ABF5 : FF;
ABF6 : FF;
ABF7 : FF;
ABF8 : FF;
ABF9 : FF;
ABFA : FF;
ABFB : FF;
ABFC : FF;
ABFD : FF;
ABFE : FF;
ABFF : FF;
AC00 : FF;
AC01 : FF;
AC02 : FF;
AC03 : FF;
AC04 : FF;
AC05 : FF;
AC06 : FF;
AC07 : FF;
AC08 : FF;
AC09 : FF;
AC0A : FF;
AC0B : FF;
AC0C : FF;
AC0D : FF;
AC0E : FF;
AC0F : FF;
AC10 : FF;
AC11 : FF;
AC12 : FF;
AC13 : FF;
AC14 : FF;
AC15 : FF;
AC16 : FF;
AC17 : FF;
AC18 : FF;
AC19 : FF;
AC1A : FF;
AC1B : FF;
AC1C : FF;
AC1D : FF;
AC1E : FF;
AC1F : FF;
AC20 : FF;
AC21 : FF;
AC22 : FF;
AC23 : FF;
AC24 : FF;
AC25 : FF;
AC26 : FF;
AC27 : FF;
AC28 : FF;
AC29 : FF;
AC2A : FF;
AC2B : FF;
AC2C : FF;
AC2D : FF;
AC2E : FF;
AC2F : FF;
AC30 : FF;
AC31 : FF;
AC32 : FF;
AC33 : FF;
AC34 : FF;
AC35 : FF;
AC36 : FF;
AC37 : FF;
AC38 : FF;
AC39 : FF;
AC3A : FF;
AC3B : FF;
AC3C : FF;
AC3D : FF;
AC3E : FF;
AC3F : FF;
AC40 : FF;
AC41 : FF;
AC42 : FF;
AC43 : FF;
AC44 : FF;
AC45 : FF;
AC46 : FF;
AC47 : FF;
AC48 : FF;
AC49 : FF;
AC4A : FF;
AC4B : FF;
AC4C : FF;
AC4D : FF;
AC4E : FF;
AC4F : FF;
AC50 : FF;
AC51 : FF;
AC52 : FF;
AC53 : FF;
AC54 : FF;
AC55 : FF;
AC56 : FF;
AC57 : FF;
AC58 : FF;
AC59 : FF;
AC5A : FF;
AC5B : FF;
AC5C : FF;
AC5D : FF;
AC5E : FF;
AC5F : FF;
AC60 : FF;
AC61 : FF;
AC62 : FF;
AC63 : FF;
AC64 : FF;
AC65 : FF;
AC66 : FF;
AC67 : FF;
AC68 : FF;
AC69 : FF;
AC6A : FF;
AC6B : FF;
AC6C : FF;
AC6D : FF;
AC6E : FF;
AC6F : FF;
AC70 : FF;
AC71 : FF;
AC72 : FF;
AC73 : FF;
AC74 : FF;
AC75 : FF;
AC76 : FF;
AC77 : FF;
AC78 : FF;
AC79 : FF;
AC7A : FF;
AC7B : FF;
AC7C : FF;
AC7D : FF;
AC7E : FF;
AC7F : FF;
AC80 : FF;
AC81 : FF;
AC82 : FF;
AC83 : FF;
AC84 : FF;
AC85 : FF;
AC86 : FF;
AC87 : FF;
AC88 : FF;
AC89 : FF;
AC8A : FF;
AC8B : FF;
AC8C : FF;
AC8D : FF;
AC8E : FF;
AC8F : FF;
AC90 : FF;
AC91 : FF;
AC92 : FF;
AC93 : FF;
AC94 : FF;
AC95 : FF;
AC96 : FF;
AC97 : FF;
AC98 : FF;
AC99 : FF;
AC9A : FF;
AC9B : FF;
AC9C : FF;
AC9D : FF;
AC9E : FF;
AC9F : FF;
ACA0 : FF;
ACA1 : FF;
ACA2 : FF;
ACA3 : FF;
ACA4 : FF;
ACA5 : FF;
ACA6 : FF;
ACA7 : FF;
ACA8 : FF;
ACA9 : FF;
ACAA : FF;
ACAB : FF;
ACAC : FF;
ACAD : FF;
ACAE : FF;
ACAF : FF;
ACB0 : FF;
ACB1 : FF;
ACB2 : FF;
ACB3 : FF;
ACB4 : FF;
ACB5 : FF;
ACB6 : FF;
ACB7 : FF;
ACB8 : FF;
ACB9 : FF;
ACBA : FF;
ACBB : FF;
ACBC : FF;
ACBD : FF;
ACBE : FF;
ACBF : FF;
ACC0 : FF;
ACC1 : FF;
ACC2 : FF;
ACC3 : FF;
ACC4 : FF;
ACC5 : FF;
ACC6 : FF;
ACC7 : FF;
ACC8 : FF;
ACC9 : FF;
ACCA : FF;
ACCB : FF;
ACCC : FF;
ACCD : FF;
ACCE : FF;
ACCF : FF;
ACD0 : FF;
ACD1 : FF;
ACD2 : FF;
ACD3 : FF;
ACD4 : FF;
ACD5 : FF;
ACD6 : FF;
ACD7 : FF;
ACD8 : FF;
ACD9 : FF;
ACDA : FF;
ACDB : FF;
ACDC : FF;
ACDD : FF;
ACDE : FF;
ACDF : FF;
ACE0 : FF;
ACE1 : FF;
ACE2 : FF;
ACE3 : FF;
ACE4 : FF;
ACE5 : FF;
ACE6 : FF;
ACE7 : FF;
ACE8 : FF;
ACE9 : FF;
ACEA : FF;
ACEB : FF;
ACEC : FF;
ACED : FF;
ACEE : FF;
ACEF : FF;
ACF0 : FF;
ACF1 : FF;
ACF2 : FF;
ACF3 : FF;
ACF4 : FF;
ACF5 : FF;
ACF6 : FF;
ACF7 : FF;
ACF8 : FF;
ACF9 : FF;
ACFA : FF;
ACFB : FF;
ACFC : FF;
ACFD : FF;
ACFE : FF;
ACFF : FF;
AD00 : FF;
AD01 : FF;
AD02 : FF;
AD03 : FF;
AD04 : FF;
AD05 : FF;
AD06 : FF;
AD07 : FF;
AD08 : FF;
AD09 : FF;
AD0A : FF;
AD0B : FF;
AD0C : FF;
AD0D : FF;
AD0E : FF;
AD0F : FF;
AD10 : FF;
AD11 : FF;
AD12 : FF;
AD13 : FF;
AD14 : FF;
AD15 : FF;
AD16 : FF;
AD17 : FF;
AD18 : FF;
AD19 : FF;
AD1A : FF;
AD1B : FF;
AD1C : FF;
AD1D : FF;
AD1E : FF;
AD1F : FF;
AD20 : FF;
AD21 : FF;
AD22 : FF;
AD23 : FF;
AD24 : FF;
AD25 : FF;
AD26 : FF;
AD27 : FF;
AD28 : FF;
AD29 : FF;
AD2A : FF;
AD2B : FF;
AD2C : FF;
AD2D : FF;
AD2E : FF;
AD2F : FF;
AD30 : FF;
AD31 : FF;
AD32 : FF;
AD33 : FF;
AD34 : FF;
AD35 : FF;
AD36 : FF;
AD37 : FF;
AD38 : FF;
AD39 : FF;
AD3A : FF;
AD3B : FF;
AD3C : FF;
AD3D : FF;
AD3E : FF;
AD3F : FF;
AD40 : FF;
AD41 : FF;
AD42 : FF;
AD43 : FF;
AD44 : FF;
AD45 : FF;
AD46 : FF;
AD47 : FF;
AD48 : FF;
AD49 : FF;
AD4A : FF;
AD4B : FF;
AD4C : FF;
AD4D : FF;
AD4E : FF;
AD4F : FF;
AD50 : FF;
AD51 : FF;
AD52 : FF;
AD53 : FF;
AD54 : FF;
AD55 : FF;
AD56 : FF;
AD57 : FF;
AD58 : FF;
AD59 : FF;
AD5A : FF;
AD5B : FF;
AD5C : FF;
AD5D : FF;
AD5E : FF;
AD5F : FF;
AD60 : FF;
AD61 : FF;
AD62 : FF;
AD63 : FF;
AD64 : FF;
AD65 : FF;
AD66 : FF;
AD67 : FF;
AD68 : FF;
AD69 : FF;
AD6A : FF;
AD6B : FF;
AD6C : FF;
AD6D : FF;
AD6E : FF;
AD6F : FF;
AD70 : FF;
AD71 : FF;
AD72 : FF;
AD73 : FF;
AD74 : FF;
AD75 : FF;
AD76 : FF;
AD77 : FF;
AD78 : FF;
AD79 : FF;
AD7A : FF;
AD7B : FF;
AD7C : FF;
AD7D : FF;
AD7E : FF;
AD7F : FF;
AD80 : FF;
AD81 : FF;
AD82 : FF;
AD83 : FF;
AD84 : FF;
AD85 : FF;
AD86 : FF;
AD87 : FF;
AD88 : FF;
AD89 : FF;
AD8A : FF;
AD8B : FF;
AD8C : FF;
AD8D : FF;
AD8E : FF;
AD8F : FF;
AD90 : FF;
AD91 : FF;
AD92 : FF;
AD93 : FF;
AD94 : FF;
AD95 : FF;
AD96 : FF;
AD97 : FF;
AD98 : FF;
AD99 : FF;
AD9A : FF;
AD9B : FF;
AD9C : FF;
AD9D : FF;
AD9E : FF;
AD9F : FF;
ADA0 : FF;
ADA1 : FF;
ADA2 : FF;
ADA3 : FF;
ADA4 : FF;
ADA5 : FF;
ADA6 : FF;
ADA7 : FF;
ADA8 : FF;
ADA9 : FF;
ADAA : FF;
ADAB : FF;
ADAC : FF;
ADAD : FF;
ADAE : FF;
ADAF : FF;
ADB0 : FF;
ADB1 : FF;
ADB2 : FF;
ADB3 : FF;
ADB4 : FF;
ADB5 : FF;
ADB6 : FF;
ADB7 : FF;
ADB8 : FF;
ADB9 : FF;
ADBA : FF;
ADBB : FF;
ADBC : FF;
ADBD : FF;
ADBE : FF;
ADBF : FF;
ADC0 : FF;
ADC1 : FF;
ADC2 : FF;
ADC3 : FF;
ADC4 : FF;
ADC5 : FF;
ADC6 : FF;
ADC7 : FF;
ADC8 : FF;
ADC9 : FF;
ADCA : FF;
ADCB : FF;
ADCC : FF;
ADCD : FF;
ADCE : FF;
ADCF : FF;
ADD0 : FF;
ADD1 : FF;
ADD2 : FF;
ADD3 : FF;
ADD4 : FF;
ADD5 : FF;
ADD6 : FF;
ADD7 : FF;
ADD8 : FF;
ADD9 : FF;
ADDA : FF;
ADDB : FF;
ADDC : FF;
ADDD : FF;
ADDE : FF;
ADDF : FF;
ADE0 : FF;
ADE1 : FF;
ADE2 : FF;
ADE3 : FF;
ADE4 : FF;
ADE5 : FF;
ADE6 : FF;
ADE7 : FF;
ADE8 : FF;
ADE9 : FF;
ADEA : FF;
ADEB : FF;
ADEC : FF;
ADED : FF;
ADEE : FF;
ADEF : FF;
ADF0 : FF;
ADF1 : FF;
ADF2 : FF;
ADF3 : FF;
ADF4 : FF;
ADF5 : FF;
ADF6 : FF;
ADF7 : FF;
ADF8 : FF;
ADF9 : FF;
ADFA : FF;
ADFB : FF;
ADFC : FF;
ADFD : FF;
ADFE : FF;
ADFF : FF;
AE00 : FF;
AE01 : FF;
AE02 : FF;
AE03 : FF;
AE04 : FF;
AE05 : FF;
AE06 : FF;
AE07 : FF;
AE08 : FF;
AE09 : FF;
AE0A : FF;
AE0B : FF;
AE0C : FF;
AE0D : FF;
AE0E : FF;
AE0F : FF;
AE10 : FF;
AE11 : FF;
AE12 : FF;
AE13 : FF;
AE14 : FF;
AE15 : FF;
AE16 : FF;
AE17 : FF;
AE18 : FF;
AE19 : FF;
AE1A : FF;
AE1B : FF;
AE1C : FF;
AE1D : FF;
AE1E : FF;
AE1F : FF;
AE20 : FF;
AE21 : FF;
AE22 : FF;
AE23 : FF;
AE24 : FF;
AE25 : FF;
AE26 : FF;
AE27 : FF;
AE28 : FF;
AE29 : FF;
AE2A : FF;
AE2B : FF;
AE2C : FF;
AE2D : FF;
AE2E : FF;
AE2F : FF;
AE30 : FF;
AE31 : FF;
AE32 : FF;
AE33 : FF;
AE34 : FF;
AE35 : FF;
AE36 : FF;
AE37 : FF;
AE38 : FF;
AE39 : FF;
AE3A : FF;
AE3B : FF;
AE3C : FF;
AE3D : FF;
AE3E : FF;
AE3F : FF;
AE40 : FF;
AE41 : FF;
AE42 : FF;
AE43 : FF;
AE44 : FF;
AE45 : FF;
AE46 : FF;
AE47 : FF;
AE48 : FF;
AE49 : FF;
AE4A : FF;
AE4B : FF;
AE4C : FF;
AE4D : FF;
AE4E : FF;
AE4F : FF;
AE50 : FF;
AE51 : FF;
AE52 : FF;
AE53 : FF;
AE54 : FF;
AE55 : FF;
AE56 : FF;
AE57 : FF;
AE58 : FF;
AE59 : FF;
AE5A : FF;
AE5B : FF;
AE5C : FF;
AE5D : FF;
AE5E : FF;
AE5F : FF;
AE60 : FF;
AE61 : FF;
AE62 : FF;
AE63 : FF;
AE64 : FF;
AE65 : FF;
AE66 : FF;
AE67 : FF;
AE68 : FF;
AE69 : FF;
AE6A : FF;
AE6B : FF;
AE6C : FF;
AE6D : FF;
AE6E : FF;
AE6F : FF;
AE70 : FF;
AE71 : FF;
AE72 : FF;
AE73 : FF;
AE74 : FF;
AE75 : FF;
AE76 : FF;
AE77 : FF;
AE78 : FF;
AE79 : FF;
AE7A : FF;
AE7B : FF;
AE7C : FF;
AE7D : FF;
AE7E : FF;
AE7F : FF;
AE80 : FF;
AE81 : FF;
AE82 : FF;
AE83 : FF;
AE84 : FF;
AE85 : FF;
AE86 : FF;
AE87 : FF;
AE88 : FF;
AE89 : FF;
AE8A : FF;
AE8B : FF;
AE8C : FF;
AE8D : FF;
AE8E : FF;
AE8F : FF;
AE90 : FF;
AE91 : FF;
AE92 : FF;
AE93 : FF;
AE94 : FF;
AE95 : FF;
AE96 : FF;
AE97 : FF;
AE98 : FF;
AE99 : FF;
AE9A : FF;
AE9B : FF;
AE9C : FF;
AE9D : FF;
AE9E : FF;
AE9F : FF;
AEA0 : FF;
AEA1 : FF;
AEA2 : FF;
AEA3 : FF;
AEA4 : FF;
AEA5 : FF;
AEA6 : FF;
AEA7 : FF;
AEA8 : FF;
AEA9 : FF;
AEAA : FF;
AEAB : FF;
AEAC : FF;
AEAD : FF;
AEAE : FF;
AEAF : FF;
AEB0 : FF;
AEB1 : FF;
AEB2 : FF;
AEB3 : FF;
AEB4 : FF;
AEB5 : FF;
AEB6 : FF;
AEB7 : FF;
AEB8 : FF;
AEB9 : FF;
AEBA : FF;
AEBB : FF;
AEBC : FF;
AEBD : FF;
AEBE : FF;
AEBF : FF;
AEC0 : FF;
AEC1 : FF;
AEC2 : FF;
AEC3 : FF;
AEC4 : FF;
AEC5 : FF;
AEC6 : FF;
AEC7 : FF;
AEC8 : FF;
AEC9 : FF;
AECA : FF;
AECB : FF;
AECC : FF;
AECD : FF;
AECE : FF;
AECF : FF;
AED0 : FF;
AED1 : FF;
AED2 : FF;
AED3 : FF;
AED4 : FF;
AED5 : FF;
AED6 : FF;
AED7 : FF;
AED8 : FF;
AED9 : FF;
AEDA : FF;
AEDB : FF;
AEDC : FF;
AEDD : FF;
AEDE : FF;
AEDF : FF;
AEE0 : FF;
AEE1 : FF;
AEE2 : FF;
AEE3 : FF;
AEE4 : FF;
AEE5 : FF;
AEE6 : FF;
AEE7 : FF;
AEE8 : FF;
AEE9 : FF;
AEEA : FF;
AEEB : FF;
AEEC : FF;
AEED : FF;
AEEE : FF;
AEEF : FF;
AEF0 : FF;
AEF1 : FF;
AEF2 : FF;
AEF3 : FF;
AEF4 : FF;
AEF5 : FF;
AEF6 : FF;
AEF7 : FF;
AEF8 : FF;
AEF9 : FF;
AEFA : FF;
AEFB : FF;
AEFC : FF;
AEFD : FF;
AEFE : FF;
AEFF : FF;
AF00 : FF;
AF01 : FF;
AF02 : FF;
AF03 : FF;
AF04 : FF;
AF05 : FF;
AF06 : FF;
AF07 : FF;
AF08 : FF;
AF09 : FF;
AF0A : FF;
AF0B : FF;
AF0C : FF;
AF0D : FF;
AF0E : FF;
AF0F : FF;
AF10 : FF;
AF11 : FF;
AF12 : FF;
AF13 : FF;
AF14 : FF;
AF15 : FF;
AF16 : FF;
AF17 : FF;
AF18 : FF;
AF19 : FF;
AF1A : FF;
AF1B : FF;
AF1C : FF;
AF1D : FF;
AF1E : FF;
AF1F : FF;
AF20 : FF;
AF21 : FF;
AF22 : FF;
AF23 : FF;
AF24 : FF;
AF25 : FF;
AF26 : FF;
AF27 : FF;
AF28 : FF;
AF29 : FF;
AF2A : FF;
AF2B : FF;
AF2C : FF;
AF2D : FF;
AF2E : FF;
AF2F : FF;
AF30 : FF;
AF31 : FF;
AF32 : FF;
AF33 : FF;
AF34 : FF;
AF35 : FF;
AF36 : FF;
AF37 : FF;
AF38 : FF;
AF39 : FF;
AF3A : FF;
AF3B : FF;
AF3C : FF;
AF3D : FF;
AF3E : FF;
AF3F : FF;
AF40 : FF;
AF41 : FF;
AF42 : FF;
AF43 : FF;
AF44 : FF;
AF45 : FF;
AF46 : FF;
AF47 : FF;
AF48 : FF;
AF49 : FF;
AF4A : FF;
AF4B : FF;
AF4C : FF;
AF4D : FF;
AF4E : FF;
AF4F : FF;
AF50 : FF;
AF51 : FF;
AF52 : FF;
AF53 : FF;
AF54 : FF;
AF55 : FF;
AF56 : FF;
AF57 : FF;
AF58 : FF;
AF59 : FF;
AF5A : FF;
AF5B : FF;
AF5C : FF;
AF5D : FF;
AF5E : FF;
AF5F : FF;
AF60 : FF;
AF61 : FF;
AF62 : FF;
AF63 : FF;
AF64 : FF;
AF65 : FF;
AF66 : FF;
AF67 : FF;
AF68 : FF;
AF69 : FF;
AF6A : FF;
AF6B : FF;
AF6C : FF;
AF6D : FF;
AF6E : FF;
AF6F : FF;
AF70 : FF;
AF71 : FF;
AF72 : FF;
AF73 : FF;
AF74 : FF;
AF75 : FF;
AF76 : FF;
AF77 : FF;
AF78 : FF;
AF79 : FF;
AF7A : FF;
AF7B : FF;
AF7C : FF;
AF7D : FF;
AF7E : FF;
AF7F : FF;
AF80 : FF;
AF81 : FF;
AF82 : FF;
AF83 : FF;
AF84 : FF;
AF85 : FF;
AF86 : FF;
AF87 : FF;
AF88 : FF;
AF89 : FF;
AF8A : FF;
AF8B : FF;
AF8C : FF;
AF8D : FF;
AF8E : FF;
AF8F : FF;
AF90 : FF;
AF91 : FF;
AF92 : FF;
AF93 : FF;
AF94 : FF;
AF95 : FF;
AF96 : FF;
AF97 : FF;
AF98 : FF;
AF99 : FF;
AF9A : FF;
AF9B : FF;
AF9C : FF;
AF9D : FF;
AF9E : FF;
AF9F : FF;
AFA0 : FF;
AFA1 : FF;
AFA2 : FF;
AFA3 : FF;
AFA4 : FF;
AFA5 : FF;
AFA6 : FF;
AFA7 : FF;
AFA8 : FF;
AFA9 : FF;
AFAA : FF;
AFAB : FF;
AFAC : FF;
AFAD : FF;
AFAE : FF;
AFAF : FF;
AFB0 : FF;
AFB1 : FF;
AFB2 : FF;
AFB3 : FF;
AFB4 : FF;
AFB5 : FF;
AFB6 : FF;
AFB7 : FF;
AFB8 : FF;
AFB9 : FF;
AFBA : FF;
AFBB : FF;
AFBC : FF;
AFBD : FF;
AFBE : FF;
AFBF : FF;
AFC0 : FF;
AFC1 : FF;
AFC2 : FF;
AFC3 : FF;
AFC4 : FF;
AFC5 : FF;
AFC6 : FF;
AFC7 : FF;
AFC8 : FF;
AFC9 : FF;
AFCA : FF;
AFCB : FF;
AFCC : FF;
AFCD : FF;
AFCE : FF;
AFCF : FF;
AFD0 : FF;
AFD1 : FF;
AFD2 : FF;
AFD3 : FF;
AFD4 : FF;
AFD5 : FF;
AFD6 : FF;
AFD7 : FF;
AFD8 : FF;
AFD9 : FF;
AFDA : FF;
AFDB : FF;
AFDC : FF;
AFDD : FF;
AFDE : FF;
AFDF : FF;
AFE0 : FF;
AFE1 : FF;
AFE2 : FF;
AFE3 : FF;
AFE4 : FF;
AFE5 : FF;
AFE6 : FF;
AFE7 : FF;
AFE8 : FF;
AFE9 : FF;
AFEA : FF;
AFEB : FF;
AFEC : FF;
AFED : FF;
AFEE : FF;
AFEF : FF;
AFF0 : FF;
AFF1 : FF;
AFF2 : FF;
AFF3 : FF;
AFF4 : FF;
AFF5 : FF;
AFF6 : FF;
AFF7 : FF;
AFF8 : FF;
AFF9 : FF;
AFFA : FF;
AFFB : FF;
AFFC : FF;
AFFD : FF;
AFFE : FF;
AFFF : FF;
B000 : FF;
B001 : FF;
B002 : FF;
B003 : FF;
B004 : FF;
B005 : FF;
B006 : FF;
B007 : FF;
B008 : FF;
B009 : FF;
B00A : FF;
B00B : FF;
B00C : FF;
B00D : FF;
B00E : FF;
B00F : FF;
B010 : FF;
B011 : FF;
B012 : FF;
B013 : FF;
B014 : FF;
B015 : FF;
B016 : FF;
B017 : FF;
B018 : FF;
B019 : FF;
B01A : FF;
B01B : FF;
B01C : FF;
B01D : FF;
B01E : FF;
B01F : FF;
B020 : FF;
B021 : FF;
B022 : FF;
B023 : FF;
B024 : FF;
B025 : FF;
B026 : FF;
B027 : FF;
B028 : FF;
B029 : FF;
B02A : FF;
B02B : FF;
B02C : FF;
B02D : FF;
B02E : FF;
B02F : FF;
B030 : FF;
B031 : FF;
B032 : FF;
B033 : FF;
B034 : FF;
B035 : FF;
B036 : FF;
B037 : FF;
B038 : FF;
B039 : FF;
B03A : FF;
B03B : FF;
B03C : FF;
B03D : FF;
B03E : FF;
B03F : FF;
B040 : FF;
B041 : FF;
B042 : FF;
B043 : FF;
B044 : FF;
B045 : FF;
B046 : FF;
B047 : FF;
B048 : FF;
B049 : FF;
B04A : FF;
B04B : FF;
B04C : FF;
B04D : FF;
B04E : FF;
B04F : FF;
B050 : FF;
B051 : FF;
B052 : FF;
B053 : FF;
B054 : FF;
B055 : FF;
B056 : FF;
B057 : FF;
B058 : FF;
B059 : FF;
B05A : FF;
B05B : FF;
B05C : FF;
B05D : FF;
B05E : FF;
B05F : FF;
B060 : FF;
B061 : FF;
B062 : FF;
B063 : FF;
B064 : FF;
B065 : FF;
B066 : FF;
B067 : FF;
B068 : FF;
B069 : FF;
B06A : FF;
B06B : FF;
B06C : FF;
B06D : FF;
B06E : FF;
B06F : FF;
B070 : FF;
B071 : FF;
B072 : FF;
B073 : FF;
B074 : FF;
B075 : FF;
B076 : FF;
B077 : FF;
B078 : FF;
B079 : FF;
B07A : FF;
B07B : FF;
B07C : FF;
B07D : FF;
B07E : FF;
B07F : FF;
B080 : FF;
B081 : FF;
B082 : FF;
B083 : FF;
B084 : FF;
B085 : FF;
B086 : FF;
B087 : FF;
B088 : FF;
B089 : FF;
B08A : FF;
B08B : FF;
B08C : FF;
B08D : FF;
B08E : FF;
B08F : FF;
B090 : FF;
B091 : FF;
B092 : FF;
B093 : FF;
B094 : FF;
B095 : FF;
B096 : FF;
B097 : FF;
B098 : FF;
B099 : FF;
B09A : FF;
B09B : FF;
B09C : FF;
B09D : FF;
B09E : FF;
B09F : FF;
B0A0 : FF;
B0A1 : FF;
B0A2 : FF;
B0A3 : FF;
B0A4 : FF;
B0A5 : FF;
B0A6 : FF;
B0A7 : FF;
B0A8 : FF;
B0A9 : FF;
B0AA : FF;
B0AB : FF;
B0AC : FF;
B0AD : FF;
B0AE : FF;
B0AF : FF;
B0B0 : FF;
B0B1 : FF;
B0B2 : FF;
B0B3 : FF;
B0B4 : FF;
B0B5 : FF;
B0B6 : FF;
B0B7 : FF;
B0B8 : FF;
B0B9 : FF;
B0BA : FF;
B0BB : FF;
B0BC : FF;
B0BD : FF;
B0BE : FF;
B0BF : FF;
B0C0 : FF;
B0C1 : FF;
B0C2 : FF;
B0C3 : FF;
B0C4 : FF;
B0C5 : FF;
B0C6 : FF;
B0C7 : FF;
B0C8 : FF;
B0C9 : FF;
B0CA : FF;
B0CB : FF;
B0CC : FF;
B0CD : FF;
B0CE : FF;
B0CF : FF;
B0D0 : FF;
B0D1 : FF;
B0D2 : FF;
B0D3 : FF;
B0D4 : FF;
B0D5 : FF;
B0D6 : FF;
B0D7 : FF;
B0D8 : FF;
B0D9 : FF;
B0DA : FF;
B0DB : FF;
B0DC : FF;
B0DD : FF;
B0DE : FF;
B0DF : FF;
B0E0 : FF;
B0E1 : FF;
B0E2 : FF;
B0E3 : FF;
B0E4 : FF;
B0E5 : FF;
B0E6 : FF;
B0E7 : FF;
B0E8 : FF;
B0E9 : FF;
B0EA : FF;
B0EB : FF;
B0EC : FF;
B0ED : FF;
B0EE : FF;
B0EF : FF;
B0F0 : FF;
B0F1 : FF;
B0F2 : FF;
B0F3 : FF;
B0F4 : FF;
B0F5 : FF;
B0F6 : FF;
B0F7 : FF;
B0F8 : FF;
B0F9 : FF;
B0FA : FF;
B0FB : FF;
B0FC : FF;
B0FD : FF;
B0FE : FF;
B0FF : FF;
B100 : FF;
B101 : FF;
B102 : FF;
B103 : FF;
B104 : FF;
B105 : FF;
B106 : FF;
B107 : FF;
B108 : FF;
B109 : FF;
B10A : FF;
B10B : FF;
B10C : FF;
B10D : FF;
B10E : FF;
B10F : FF;
B110 : FF;
B111 : FF;
B112 : FF;
B113 : FF;
B114 : FF;
B115 : FF;
B116 : FF;
B117 : FF;
B118 : FF;
B119 : FF;
B11A : FF;
B11B : FF;
B11C : FF;
B11D : FF;
B11E : FF;
B11F : FF;
B120 : FF;
B121 : FF;
B122 : FF;
B123 : FF;
B124 : FF;
B125 : FF;
B126 : FF;
B127 : FF;
B128 : FF;
B129 : FF;
B12A : FF;
B12B : FF;
B12C : FF;
B12D : FF;
B12E : FF;
B12F : FF;
B130 : FF;
B131 : FF;
B132 : FF;
B133 : FF;
B134 : FF;
B135 : FF;
B136 : FF;
B137 : FF;
B138 : FF;
B139 : FF;
B13A : FF;
B13B : FF;
B13C : FF;
B13D : FF;
B13E : FF;
B13F : FF;
B140 : FF;
B141 : FF;
B142 : FF;
B143 : FF;
B144 : FF;
B145 : FF;
B146 : FF;
B147 : FF;
B148 : FF;
B149 : FF;
B14A : FF;
B14B : FF;
B14C : FF;
B14D : FF;
B14E : FF;
B14F : FF;
B150 : FF;
B151 : FF;
B152 : FF;
B153 : FF;
B154 : FF;
B155 : FF;
B156 : FF;
B157 : FF;
B158 : FF;
B159 : FF;
B15A : FF;
B15B : FF;
B15C : FF;
B15D : FF;
B15E : FF;
B15F : FF;
B160 : FF;
B161 : FF;
B162 : FF;
B163 : FF;
B164 : FF;
B165 : FF;
B166 : FF;
B167 : FF;
B168 : FF;
B169 : FF;
B16A : FF;
B16B : FF;
B16C : FF;
B16D : FF;
B16E : FF;
B16F : FF;
B170 : FF;
B171 : FF;
B172 : FF;
B173 : FF;
B174 : FF;
B175 : FF;
B176 : FF;
B177 : FF;
B178 : FF;
B179 : FF;
B17A : FF;
B17B : FF;
B17C : FF;
B17D : FF;
B17E : FF;
B17F : FF;
B180 : FF;
B181 : FF;
B182 : FF;
B183 : FF;
B184 : FF;
B185 : FF;
B186 : FF;
B187 : FF;
B188 : FF;
B189 : FF;
B18A : FF;
B18B : FF;
B18C : FF;
B18D : FF;
B18E : FF;
B18F : FF;
B190 : FF;
B191 : FF;
B192 : FF;
B193 : FF;
B194 : FF;
B195 : FF;
B196 : FF;
B197 : FF;
B198 : FF;
B199 : FF;
B19A : FF;
B19B : FF;
B19C : FF;
B19D : FF;
B19E : FF;
B19F : FF;
B1A0 : FF;
B1A1 : FF;
B1A2 : FF;
B1A3 : FF;
B1A4 : FF;
B1A5 : FF;
B1A6 : FF;
B1A7 : FF;
B1A8 : FF;
B1A9 : FF;
B1AA : FF;
B1AB : FF;
B1AC : FF;
B1AD : FF;
B1AE : FF;
B1AF : FF;
B1B0 : FF;
B1B1 : FF;
B1B2 : FF;
B1B3 : FF;
B1B4 : FF;
B1B5 : FF;
B1B6 : FF;
B1B7 : FF;
B1B8 : FF;
B1B9 : FF;
B1BA : FF;
B1BB : FF;
B1BC : FF;
B1BD : FF;
B1BE : FF;
B1BF : FF;
B1C0 : FF;
B1C1 : FF;
B1C2 : FF;
B1C3 : FF;
B1C4 : FF;
B1C5 : FF;
B1C6 : FF;
B1C7 : FF;
B1C8 : FF;
B1C9 : FF;
B1CA : FF;
B1CB : FF;
B1CC : FF;
B1CD : FF;
B1CE : FF;
B1CF : FF;
B1D0 : FF;
B1D1 : FF;
B1D2 : FF;
B1D3 : FF;
B1D4 : FF;
B1D5 : FF;
B1D6 : FF;
B1D7 : FF;
B1D8 : FF;
B1D9 : FF;
B1DA : FF;
B1DB : FF;
B1DC : FF;
B1DD : FF;
B1DE : FF;
B1DF : FF;
B1E0 : FF;
B1E1 : FF;
B1E2 : FF;
B1E3 : FF;
B1E4 : FF;
B1E5 : FF;
B1E6 : FF;
B1E7 : FF;
B1E8 : FF;
B1E9 : FF;
B1EA : FF;
B1EB : FF;
B1EC : FF;
B1ED : FF;
B1EE : FF;
B1EF : FF;
B1F0 : FF;
B1F1 : FF;
B1F2 : FF;
B1F3 : FF;
B1F4 : FF;
B1F5 : FF;
B1F6 : FF;
B1F7 : FF;
B1F8 : FF;
B1F9 : FF;
B1FA : FF;
B1FB : FF;
B1FC : FF;
B1FD : FF;
B1FE : FF;
B1FF : FF;
B200 : FF;
B201 : FF;
B202 : FF;
B203 : FF;
B204 : FF;
B205 : FF;
B206 : FF;
B207 : FF;
B208 : FF;
B209 : FF;
B20A : FF;
B20B : FF;
B20C : FF;
B20D : FF;
B20E : FF;
B20F : FF;
B210 : FF;
B211 : FF;
B212 : FF;
B213 : FF;
B214 : FF;
B215 : FF;
B216 : FF;
B217 : FF;
B218 : FF;
B219 : FF;
B21A : FF;
B21B : FF;
B21C : FF;
B21D : FF;
B21E : FF;
B21F : FF;
B220 : FF;
B221 : FF;
B222 : FF;
B223 : FF;
B224 : FF;
B225 : FF;
B226 : FF;
B227 : FF;
B228 : FF;
B229 : FF;
B22A : FF;
B22B : FF;
B22C : FF;
B22D : FF;
B22E : FF;
B22F : FF;
B230 : FF;
B231 : FF;
B232 : FF;
B233 : FF;
B234 : FF;
B235 : FF;
B236 : FF;
B237 : FF;
B238 : FF;
B239 : FF;
B23A : FF;
B23B : FF;
B23C : FF;
B23D : FF;
B23E : FF;
B23F : FF;
B240 : FF;
B241 : FF;
B242 : FF;
B243 : FF;
B244 : FF;
B245 : FF;
B246 : FF;
B247 : FF;
B248 : FF;
B249 : FF;
B24A : FF;
B24B : FF;
B24C : FF;
B24D : FF;
B24E : FF;
B24F : FF;
B250 : FF;
B251 : FF;
B252 : FF;
B253 : FF;
B254 : FF;
B255 : FF;
B256 : FF;
B257 : FF;
B258 : FF;
B259 : FF;
B25A : FF;
B25B : FF;
B25C : FF;
B25D : FF;
B25E : FF;
B25F : FF;
B260 : FF;
B261 : FF;
B262 : FF;
B263 : FF;
B264 : FF;
B265 : FF;
B266 : FF;
B267 : FF;
B268 : FF;
B269 : FF;
B26A : FF;
B26B : FF;
B26C : FF;
B26D : FF;
B26E : FF;
B26F : FF;
B270 : FF;
B271 : FF;
B272 : FF;
B273 : FF;
B274 : FF;
B275 : FF;
B276 : FF;
B277 : FF;
B278 : FF;
B279 : FF;
B27A : FF;
B27B : FF;
B27C : FF;
B27D : FF;
B27E : FF;
B27F : FF;
B280 : FF;
B281 : FF;
B282 : FF;
B283 : FF;
B284 : FF;
B285 : FF;
B286 : FF;
B287 : FF;
B288 : FF;
B289 : FF;
B28A : FF;
B28B : FF;
B28C : FF;
B28D : FF;
B28E : FF;
B28F : FF;
B290 : FF;
B291 : FF;
B292 : FF;
B293 : FF;
B294 : FF;
B295 : FF;
B296 : FF;
B297 : FF;
B298 : FF;
B299 : FF;
B29A : FF;
B29B : FF;
B29C : FF;
B29D : FF;
B29E : FF;
B29F : FF;
B2A0 : FF;
B2A1 : FF;
B2A2 : FF;
B2A3 : FF;
B2A4 : FF;
B2A5 : FF;
B2A6 : FF;
B2A7 : FF;
B2A8 : FF;
B2A9 : FF;
B2AA : FF;
B2AB : FF;
B2AC : FF;
B2AD : FF;
B2AE : FF;
B2AF : FF;
B2B0 : FF;
B2B1 : FF;
B2B2 : FF;
B2B3 : FF;
B2B4 : FF;
B2B5 : FF;
B2B6 : FF;
B2B7 : FF;
B2B8 : FF;
B2B9 : FF;
B2BA : FF;
B2BB : FF;
B2BC : FF;
B2BD : FF;
B2BE : FF;
B2BF : FF;
B2C0 : FF;
B2C1 : FF;
B2C2 : FF;
B2C3 : FF;
B2C4 : FF;
B2C5 : FF;
B2C6 : FF;
B2C7 : FF;
B2C8 : FF;
B2C9 : FF;
B2CA : FF;
B2CB : FF;
B2CC : FF;
B2CD : FF;
B2CE : FF;
B2CF : FF;
B2D0 : FF;
B2D1 : FF;
B2D2 : FF;
B2D3 : FF;
B2D4 : FF;
B2D5 : FF;
B2D6 : FF;
B2D7 : FF;
B2D8 : FF;
B2D9 : FF;
B2DA : FF;
B2DB : FF;
B2DC : FF;
B2DD : FF;
B2DE : FF;
B2DF : FF;
B2E0 : FF;
B2E1 : FF;
B2E2 : FF;
B2E3 : FF;
B2E4 : FF;
B2E5 : FF;
B2E6 : FF;
B2E7 : FF;
B2E8 : FF;
B2E9 : FF;
B2EA : FF;
B2EB : FF;
B2EC : FF;
B2ED : FF;
B2EE : FF;
B2EF : FF;
B2F0 : FF;
B2F1 : FF;
B2F2 : FF;
B2F3 : FF;
B2F4 : FF;
B2F5 : FF;
B2F6 : FF;
B2F7 : FF;
B2F8 : FF;
B2F9 : FF;
B2FA : FF;
B2FB : FF;
B2FC : FF;
B2FD : FF;
B2FE : FF;
B2FF : FF;
B300 : FF;
B301 : FF;
B302 : FF;
B303 : FF;
B304 : FF;
B305 : FF;
B306 : FF;
B307 : FF;
B308 : FF;
B309 : FF;
B30A : FF;
B30B : FF;
B30C : FF;
B30D : FF;
B30E : FF;
B30F : FF;
B310 : FF;
B311 : FF;
B312 : FF;
B313 : FF;
B314 : FF;
B315 : FF;
B316 : FF;
B317 : FF;
B318 : FF;
B319 : FF;
B31A : FF;
B31B : FF;
B31C : FF;
B31D : FF;
B31E : FF;
B31F : FF;
B320 : FF;
B321 : FF;
B322 : FF;
B323 : FF;
B324 : FF;
B325 : FF;
B326 : FF;
B327 : FF;
B328 : FF;
B329 : FF;
B32A : FF;
B32B : FF;
B32C : FF;
B32D : FF;
B32E : FF;
B32F : FF;
B330 : FF;
B331 : FF;
B332 : FF;
B333 : FF;
B334 : FF;
B335 : FF;
B336 : FF;
B337 : FF;
B338 : FF;
B339 : FF;
B33A : FF;
B33B : FF;
B33C : FF;
B33D : FF;
B33E : FF;
B33F : FF;
B340 : FF;
B341 : FF;
B342 : FF;
B343 : FF;
B344 : FF;
B345 : FF;
B346 : FF;
B347 : FF;
B348 : FF;
B349 : FF;
B34A : FF;
B34B : FF;
B34C : FF;
B34D : FF;
B34E : FF;
B34F : FF;
B350 : FF;
B351 : FF;
B352 : FF;
B353 : FF;
B354 : FF;
B355 : FF;
B356 : FF;
B357 : FF;
B358 : FF;
B359 : FF;
B35A : FF;
B35B : FF;
B35C : FF;
B35D : FF;
B35E : FF;
B35F : FF;
B360 : FF;
B361 : FF;
B362 : FF;
B363 : FF;
B364 : FF;
B365 : FF;
B366 : FF;
B367 : FF;
B368 : FF;
B369 : FF;
B36A : FF;
B36B : FF;
B36C : FF;
B36D : FF;
B36E : FF;
B36F : FF;
B370 : FF;
B371 : FF;
B372 : FF;
B373 : FF;
B374 : FF;
B375 : FF;
B376 : FF;
B377 : FF;
B378 : FF;
B379 : FF;
B37A : FF;
B37B : FF;
B37C : FF;
B37D : FF;
B37E : FF;
B37F : FF;
B380 : FF;
B381 : FF;
B382 : FF;
B383 : FF;
B384 : FF;
B385 : FF;
B386 : FF;
B387 : FF;
B388 : FF;
B389 : FF;
B38A : FF;
B38B : FF;
B38C : FF;
B38D : FF;
B38E : FF;
B38F : FF;
B390 : FF;
B391 : FF;
B392 : FF;
B393 : FF;
B394 : FF;
B395 : FF;
B396 : FF;
B397 : FF;
B398 : FF;
B399 : FF;
B39A : FF;
B39B : FF;
B39C : FF;
B39D : FF;
B39E : FF;
B39F : FF;
B3A0 : FF;
B3A1 : FF;
B3A2 : FF;
B3A3 : FF;
B3A4 : FF;
B3A5 : FF;
B3A6 : FF;
B3A7 : FF;
B3A8 : FF;
B3A9 : FF;
B3AA : FF;
B3AB : FF;
B3AC : FF;
B3AD : FF;
B3AE : FF;
B3AF : FF;
B3B0 : FF;
B3B1 : FF;
B3B2 : FF;
B3B3 : FF;
B3B4 : FF;
B3B5 : FF;
B3B6 : FF;
B3B7 : FF;
B3B8 : FF;
B3B9 : FF;
B3BA : FF;
B3BB : FF;
B3BC : FF;
B3BD : FF;
B3BE : FF;
B3BF : FF;
B3C0 : FF;
B3C1 : FF;
B3C2 : FF;
B3C3 : FF;
B3C4 : FF;
B3C5 : FF;
B3C6 : FF;
B3C7 : FF;
B3C8 : FF;
B3C9 : FF;
B3CA : FF;
B3CB : FF;
B3CC : FF;
B3CD : FF;
B3CE : FF;
B3CF : FF;
B3D0 : FF;
B3D1 : FF;
B3D2 : FF;
B3D3 : FF;
B3D4 : FF;
B3D5 : FF;
B3D6 : FF;
B3D7 : FF;
B3D8 : FF;
B3D9 : FF;
B3DA : FF;
B3DB : FF;
B3DC : FF;
B3DD : FF;
B3DE : FF;
B3DF : FF;
B3E0 : FF;
B3E1 : FF;
B3E2 : FF;
B3E3 : FF;
B3E4 : FF;
B3E5 : FF;
B3E6 : FF;
B3E7 : FF;
B3E8 : FF;
B3E9 : FF;
B3EA : FF;
B3EB : FF;
B3EC : FF;
B3ED : FF;
B3EE : FF;
B3EF : FF;
B3F0 : FF;
B3F1 : FF;
B3F2 : FF;
B3F3 : FF;
B3F4 : FF;
B3F5 : FF;
B3F6 : FF;
B3F7 : FF;
B3F8 : FF;
B3F9 : FF;
B3FA : FF;
B3FB : FF;
B3FC : FF;
B3FD : FF;
B3FE : FF;
B3FF : FF;
B400 : FF;
B401 : FF;
B402 : FF;
B403 : FF;
B404 : FF;
B405 : FF;
B406 : FF;
B407 : FF;
B408 : FF;
B409 : FF;
B40A : FF;
B40B : FF;
B40C : FF;
B40D : FF;
B40E : FF;
B40F : FF;
B410 : FF;
B411 : FF;
B412 : FF;
B413 : FF;
B414 : FF;
B415 : FF;
B416 : FF;
B417 : FF;
B418 : FF;
B419 : FF;
B41A : FF;
B41B : FF;
B41C : FF;
B41D : FF;
B41E : FF;
B41F : FF;
B420 : FF;
B421 : FF;
B422 : FF;
B423 : FF;
B424 : FF;
B425 : FF;
B426 : FF;
B427 : FF;
B428 : FF;
B429 : FF;
B42A : FF;
B42B : FF;
B42C : FF;
B42D : FF;
B42E : FF;
B42F : FF;
B430 : FF;
B431 : FF;
B432 : FF;
B433 : FF;
B434 : FF;
B435 : FF;
B436 : FF;
B437 : FF;
B438 : FF;
B439 : FF;
B43A : FF;
B43B : FF;
B43C : FF;
B43D : FF;
B43E : FF;
B43F : FF;
B440 : FF;
B441 : FF;
B442 : FF;
B443 : FF;
B444 : FF;
B445 : FF;
B446 : FF;
B447 : FF;
B448 : FF;
B449 : FF;
B44A : FF;
B44B : FF;
B44C : FF;
B44D : FF;
B44E : FF;
B44F : FF;
B450 : FF;
B451 : FF;
B452 : FF;
B453 : FF;
B454 : FF;
B455 : FF;
B456 : FF;
B457 : FF;
B458 : FF;
B459 : FF;
B45A : FF;
B45B : FF;
B45C : FF;
B45D : FF;
B45E : FF;
B45F : FF;
B460 : FF;
B461 : FF;
B462 : FF;
B463 : FF;
B464 : FF;
B465 : FF;
B466 : FF;
B467 : FF;
B468 : FF;
B469 : FF;
B46A : FF;
B46B : FF;
B46C : FF;
B46D : FF;
B46E : FF;
B46F : FF;
B470 : FF;
B471 : FF;
B472 : FF;
B473 : FF;
B474 : FF;
B475 : FF;
B476 : FF;
B477 : FF;
B478 : FF;
B479 : FF;
B47A : FF;
B47B : FF;
B47C : FF;
B47D : FF;
B47E : FF;
B47F : FF;
B480 : FF;
B481 : FF;
B482 : FF;
B483 : FF;
B484 : FF;
B485 : FF;
B486 : FF;
B487 : FF;
B488 : FF;
B489 : FF;
B48A : FF;
B48B : FF;
B48C : FF;
B48D : FF;
B48E : FF;
B48F : FF;
B490 : FF;
B491 : FF;
B492 : FF;
B493 : FF;
B494 : FF;
B495 : FF;
B496 : FF;
B497 : FF;
B498 : FF;
B499 : FF;
B49A : FF;
B49B : FF;
B49C : FF;
B49D : FF;
B49E : FF;
B49F : FF;
B4A0 : FF;
B4A1 : FF;
B4A2 : FF;
B4A3 : FF;
B4A4 : FF;
B4A5 : FF;
B4A6 : FF;
B4A7 : FF;
B4A8 : FF;
B4A9 : FF;
B4AA : FF;
B4AB : FF;
B4AC : FF;
B4AD : FF;
B4AE : FF;
B4AF : FF;
B4B0 : FF;
B4B1 : FF;
B4B2 : FF;
B4B3 : FF;
B4B4 : FF;
B4B5 : FF;
B4B6 : FF;
B4B7 : FF;
B4B8 : FF;
B4B9 : FF;
B4BA : FF;
B4BB : FF;
B4BC : FF;
B4BD : FF;
B4BE : FF;
B4BF : FF;
B4C0 : FF;
B4C1 : FF;
B4C2 : FF;
B4C3 : FF;
B4C4 : FF;
B4C5 : FF;
B4C6 : FF;
B4C7 : FF;
B4C8 : FF;
B4C9 : FF;
B4CA : FF;
B4CB : FF;
B4CC : FF;
B4CD : FF;
B4CE : FF;
B4CF : FF;
B4D0 : FF;
B4D1 : FF;
B4D2 : FF;
B4D3 : FF;
B4D4 : FF;
B4D5 : FF;
B4D6 : FF;
B4D7 : FF;
B4D8 : FF;
B4D9 : FF;
B4DA : FF;
B4DB : FF;
B4DC : FF;
B4DD : FF;
B4DE : FF;
B4DF : FF;
B4E0 : FF;
B4E1 : FF;
B4E2 : FF;
B4E3 : FF;
B4E4 : FF;
B4E5 : FF;
B4E6 : FF;
B4E7 : FF;
B4E8 : FF;
B4E9 : FF;
B4EA : FF;
B4EB : FF;
B4EC : FF;
B4ED : FF;
B4EE : FF;
B4EF : FF;
B4F0 : FF;
B4F1 : FF;
B4F2 : FF;
B4F3 : FF;
B4F4 : FF;
B4F5 : FF;
B4F6 : FF;
B4F7 : FF;
B4F8 : FF;
B4F9 : FF;
B4FA : FF;
B4FB : FF;
B4FC : FF;
B4FD : FF;
B4FE : FF;
B4FF : FF;
B500 : FF;
B501 : FF;
B502 : FF;
B503 : FF;
B504 : FF;
B505 : FF;
B506 : FF;
B507 : FF;
B508 : FF;
B509 : FF;
B50A : FF;
B50B : FF;
B50C : FF;
B50D : FF;
B50E : FF;
B50F : FF;
B510 : FF;
B511 : FF;
B512 : FF;
B513 : FF;
B514 : FF;
B515 : FF;
B516 : FF;
B517 : FF;
B518 : FF;
B519 : FF;
B51A : FF;
B51B : FF;
B51C : FF;
B51D : FF;
B51E : FF;
B51F : FF;
B520 : FF;
B521 : FF;
B522 : FF;
B523 : FF;
B524 : FF;
B525 : FF;
B526 : FF;
B527 : FF;
B528 : FF;
B529 : FF;
B52A : FF;
B52B : FF;
B52C : FF;
B52D : FF;
B52E : FF;
B52F : FF;
B530 : FF;
B531 : FF;
B532 : FF;
B533 : FF;
B534 : FF;
B535 : FF;
B536 : FF;
B537 : FF;
B538 : FF;
B539 : FF;
B53A : FF;
B53B : FF;
B53C : FF;
B53D : FF;
B53E : FF;
B53F : FF;
B540 : FF;
B541 : FF;
B542 : FF;
B543 : FF;
B544 : FF;
B545 : FF;
B546 : FF;
B547 : FF;
B548 : FF;
B549 : FF;
B54A : FF;
B54B : FF;
B54C : FF;
B54D : FF;
B54E : FF;
B54F : FF;
B550 : FF;
B551 : FF;
B552 : FF;
B553 : FF;
B554 : FF;
B555 : FF;
B556 : FF;
B557 : FF;
B558 : FF;
B559 : FF;
B55A : FF;
B55B : FF;
B55C : FF;
B55D : FF;
B55E : FF;
B55F : FF;
B560 : FF;
B561 : FF;
B562 : FF;
B563 : FF;
B564 : FF;
B565 : FF;
B566 : FF;
B567 : FF;
B568 : FF;
B569 : FF;
B56A : FF;
B56B : FF;
B56C : FF;
B56D : FF;
B56E : FF;
B56F : FF;
B570 : FF;
B571 : FF;
B572 : FF;
B573 : FF;
B574 : FF;
B575 : FF;
B576 : FF;
B577 : FF;
B578 : FF;
B579 : FF;
B57A : FF;
B57B : FF;
B57C : FF;
B57D : FF;
B57E : FF;
B57F : FF;
B580 : FF;
B581 : FF;
B582 : FF;
B583 : FF;
B584 : FF;
B585 : FF;
B586 : FF;
B587 : FF;
B588 : FF;
B589 : FF;
B58A : FF;
B58B : FF;
B58C : FF;
B58D : FF;
B58E : FF;
B58F : FF;
B590 : FF;
B591 : FF;
B592 : FF;
B593 : FF;
B594 : FF;
B595 : FF;
B596 : FF;
B597 : FF;
B598 : FF;
B599 : FF;
B59A : FF;
B59B : FF;
B59C : FF;
B59D : FF;
B59E : FF;
B59F : FF;
B5A0 : FF;
B5A1 : FF;
B5A2 : FF;
B5A3 : FF;
B5A4 : FF;
B5A5 : FF;
B5A6 : FF;
B5A7 : FF;
B5A8 : FF;
B5A9 : FF;
B5AA : FF;
B5AB : FF;
B5AC : FF;
B5AD : FF;
B5AE : FF;
B5AF : FF;
B5B0 : FF;
B5B1 : FF;
B5B2 : FF;
B5B3 : FF;
B5B4 : FF;
B5B5 : FF;
B5B6 : FF;
B5B7 : FF;
B5B8 : FF;
B5B9 : FF;
B5BA : FF;
B5BB : FF;
B5BC : FF;
B5BD : FF;
B5BE : FF;
B5BF : FF;
B5C0 : FF;
B5C1 : FF;
B5C2 : FF;
B5C3 : FF;
B5C4 : FF;
B5C5 : FF;
B5C6 : FF;
B5C7 : FF;
B5C8 : FF;
B5C9 : FF;
B5CA : FF;
B5CB : FF;
B5CC : FF;
B5CD : FF;
B5CE : FF;
B5CF : FF;
B5D0 : FF;
B5D1 : FF;
B5D2 : FF;
B5D3 : FF;
B5D4 : FF;
B5D5 : FF;
B5D6 : FF;
B5D7 : FF;
B5D8 : FF;
B5D9 : FF;
B5DA : FF;
B5DB : FF;
B5DC : FF;
B5DD : FF;
B5DE : FF;
B5DF : FF;
B5E0 : FF;
B5E1 : FF;
B5E2 : FF;
B5E3 : FF;
B5E4 : FF;
B5E5 : FF;
B5E6 : FF;
B5E7 : FF;
B5E8 : FF;
B5E9 : FF;
B5EA : FF;
B5EB : FF;
B5EC : FF;
B5ED : FF;
B5EE : FF;
B5EF : FF;
B5F0 : FF;
B5F1 : FF;
B5F2 : FF;
B5F3 : FF;
B5F4 : FF;
B5F5 : FF;
B5F6 : FF;
B5F7 : FF;
B5F8 : FF;
B5F9 : FF;
B5FA : FF;
B5FB : FF;
B5FC : FF;
B5FD : FF;
B5FE : FF;
B5FF : FF;
B600 : FF;
B601 : FF;
B602 : FF;
B603 : FF;
B604 : FF;
B605 : FF;
B606 : FF;
B607 : FF;
B608 : FF;
B609 : FF;
B60A : FF;
B60B : FF;
B60C : FF;
B60D : FF;
B60E : FF;
B60F : FF;
B610 : FF;
B611 : FF;
B612 : FF;
B613 : FF;
B614 : FF;
B615 : FF;
B616 : FF;
B617 : FF;
B618 : FF;
B619 : FF;
B61A : FF;
B61B : FF;
B61C : FF;
B61D : FF;
B61E : FF;
B61F : FF;
B620 : FF;
B621 : FF;
B622 : FF;
B623 : FF;
B624 : FF;
B625 : FF;
B626 : FF;
B627 : FF;
B628 : FF;
B629 : FF;
B62A : FF;
B62B : FF;
B62C : FF;
B62D : FF;
B62E : FF;
B62F : FF;
B630 : FF;
B631 : FF;
B632 : FF;
B633 : FF;
B634 : FF;
B635 : FF;
B636 : FF;
B637 : FF;
B638 : FF;
B639 : FF;
B63A : FF;
B63B : FF;
B63C : FF;
B63D : FF;
B63E : FF;
B63F : FF;
B640 : FF;
B641 : FF;
B642 : FF;
B643 : FF;
B644 : FF;
B645 : FF;
B646 : FF;
B647 : FF;
B648 : FF;
B649 : FF;
B64A : FF;
B64B : FF;
B64C : FF;
B64D : FF;
B64E : FF;
B64F : FF;
B650 : FF;
B651 : FF;
B652 : FF;
B653 : FF;
B654 : FF;
B655 : FF;
B656 : FF;
B657 : FF;
B658 : FF;
B659 : FF;
B65A : FF;
B65B : FF;
B65C : FF;
B65D : FF;
B65E : FF;
B65F : FF;
B660 : FF;
B661 : FF;
B662 : FF;
B663 : FF;
B664 : FF;
B665 : FF;
B666 : FF;
B667 : FF;
B668 : FF;
B669 : FF;
B66A : FF;
B66B : FF;
B66C : FF;
B66D : FF;
B66E : FF;
B66F : FF;
B670 : FF;
B671 : FF;
B672 : FF;
B673 : FF;
B674 : FF;
B675 : FF;
B676 : FF;
B677 : FF;
B678 : FF;
B679 : FF;
B67A : FF;
B67B : FF;
B67C : FF;
B67D : FF;
B67E : FF;
B67F : FF;
B680 : FF;
B681 : FF;
B682 : FF;
B683 : FF;
B684 : FF;
B685 : FF;
B686 : FF;
B687 : FF;
B688 : FF;
B689 : FF;
B68A : FF;
B68B : FF;
B68C : FF;
B68D : FF;
B68E : FF;
B68F : FF;
B690 : FF;
B691 : FF;
B692 : FF;
B693 : FF;
B694 : FF;
B695 : FF;
B696 : FF;
B697 : FF;
B698 : FF;
B699 : FF;
B69A : FF;
B69B : FF;
B69C : FF;
B69D : FF;
B69E : FF;
B69F : FF;
B6A0 : FF;
B6A1 : FF;
B6A2 : FF;
B6A3 : FF;
B6A4 : FF;
B6A5 : FF;
B6A6 : FF;
B6A7 : FF;
B6A8 : FF;
B6A9 : FF;
B6AA : FF;
B6AB : FF;
B6AC : FF;
B6AD : FF;
B6AE : FF;
B6AF : FF;
B6B0 : FF;
B6B1 : FF;
B6B2 : FF;
B6B3 : FF;
B6B4 : FF;
B6B5 : FF;
B6B6 : FF;
B6B7 : FF;
B6B8 : FF;
B6B9 : FF;
B6BA : FF;
B6BB : FF;
B6BC : FF;
B6BD : FF;
B6BE : FF;
B6BF : FF;
B6C0 : FF;
B6C1 : FF;
B6C2 : FF;
B6C3 : FF;
B6C4 : FF;
B6C5 : FF;
B6C6 : FF;
B6C7 : FF;
B6C8 : FF;
B6C9 : FF;
B6CA : FF;
B6CB : FF;
B6CC : FF;
B6CD : FF;
B6CE : FF;
B6CF : FF;
B6D0 : FF;
B6D1 : FF;
B6D2 : FF;
B6D3 : FF;
B6D4 : FF;
B6D5 : FF;
B6D6 : FF;
B6D7 : FF;
B6D8 : FF;
B6D9 : FF;
B6DA : FF;
B6DB : FF;
B6DC : FF;
B6DD : FF;
B6DE : FF;
B6DF : FF;
B6E0 : FF;
B6E1 : FF;
B6E2 : FF;
B6E3 : FF;
B6E4 : FF;
B6E5 : FF;
B6E6 : FF;
B6E7 : FF;
B6E8 : FF;
B6E9 : FF;
B6EA : FF;
B6EB : FF;
B6EC : FF;
B6ED : FF;
B6EE : FF;
B6EF : FF;
B6F0 : FF;
B6F1 : FF;
B6F2 : FF;
B6F3 : FF;
B6F4 : FF;
B6F5 : FF;
B6F6 : FF;
B6F7 : FF;
B6F8 : FF;
B6F9 : FF;
B6FA : FF;
B6FB : FF;
B6FC : FF;
B6FD : FF;
B6FE : FF;
B6FF : FF;
B700 : FF;
B701 : FF;
B702 : FF;
B703 : FF;
B704 : FF;
B705 : FF;
B706 : FF;
B707 : FF;
B708 : FF;
B709 : FF;
B70A : FF;
B70B : FF;
B70C : FF;
B70D : FF;
B70E : FF;
B70F : FF;
B710 : FF;
B711 : FF;
B712 : FF;
B713 : FF;
B714 : FF;
B715 : FF;
B716 : FF;
B717 : FF;
B718 : FF;
B719 : FF;
B71A : FF;
B71B : FF;
B71C : FF;
B71D : FF;
B71E : FF;
B71F : FF;
B720 : FF;
B721 : FF;
B722 : FF;
B723 : FF;
B724 : FF;
B725 : FF;
B726 : FF;
B727 : FF;
B728 : FF;
B729 : FF;
B72A : FF;
B72B : FF;
B72C : FF;
B72D : FF;
B72E : FF;
B72F : FF;
B730 : FF;
B731 : FF;
B732 : FF;
B733 : FF;
B734 : FF;
B735 : FF;
B736 : FF;
B737 : FF;
B738 : FF;
B739 : FF;
B73A : FF;
B73B : FF;
B73C : FF;
B73D : FF;
B73E : FF;
B73F : FF;
B740 : FF;
B741 : FF;
B742 : FF;
B743 : FF;
B744 : FF;
B745 : FF;
B746 : FF;
B747 : FF;
B748 : FF;
B749 : FF;
B74A : FF;
B74B : FF;
B74C : FF;
B74D : FF;
B74E : FF;
B74F : FF;
B750 : FF;
B751 : FF;
B752 : FF;
B753 : FF;
B754 : FF;
B755 : FF;
B756 : FF;
B757 : FF;
B758 : FF;
B759 : FF;
B75A : FF;
B75B : FF;
B75C : FF;
B75D : FF;
B75E : FF;
B75F : FF;
B760 : FF;
B761 : FF;
B762 : FF;
B763 : FF;
B764 : FF;
B765 : FF;
B766 : FF;
B767 : FF;
B768 : FF;
B769 : FF;
B76A : FF;
B76B : FF;
B76C : FF;
B76D : FF;
B76E : FF;
B76F : FF;
B770 : FF;
B771 : FF;
B772 : FF;
B773 : FF;
B774 : FF;
B775 : FF;
B776 : FF;
B777 : FF;
B778 : FF;
B779 : FF;
B77A : FF;
B77B : FF;
B77C : FF;
B77D : FF;
B77E : FF;
B77F : FF;
B780 : FF;
B781 : FF;
B782 : FF;
B783 : FF;
B784 : FF;
B785 : FF;
B786 : FF;
B787 : FF;
B788 : FF;
B789 : FF;
B78A : FF;
B78B : FF;
B78C : FF;
B78D : FF;
B78E : FF;
B78F : FF;
B790 : FF;
B791 : FF;
B792 : FF;
B793 : FF;
B794 : FF;
B795 : FF;
B796 : FF;
B797 : FF;
B798 : FF;
B799 : FF;
B79A : FF;
B79B : FF;
B79C : FF;
B79D : FF;
B79E : FF;
B79F : FF;
B7A0 : FF;
B7A1 : FF;
B7A2 : FF;
B7A3 : FF;
B7A4 : FF;
B7A5 : FF;
B7A6 : FF;
B7A7 : FF;
B7A8 : FF;
B7A9 : FF;
B7AA : FF;
B7AB : FF;
B7AC : FF;
B7AD : FF;
B7AE : FF;
B7AF : FF;
B7B0 : FF;
B7B1 : FF;
B7B2 : FF;
B7B3 : FF;
B7B4 : FF;
B7B5 : FF;
B7B6 : FF;
B7B7 : FF;
B7B8 : FF;
B7B9 : FF;
B7BA : FF;
B7BB : FF;
B7BC : FF;
B7BD : FF;
B7BE : FF;
B7BF : FF;
B7C0 : FF;
B7C1 : FF;
B7C2 : FF;
B7C3 : FF;
B7C4 : FF;
B7C5 : FF;
B7C6 : FF;
B7C7 : FF;
B7C8 : FF;
B7C9 : FF;
B7CA : FF;
B7CB : FF;
B7CC : FF;
B7CD : FF;
B7CE : FF;
B7CF : FF;
B7D0 : FF;
B7D1 : FF;
B7D2 : FF;
B7D3 : FF;
B7D4 : FF;
B7D5 : FF;
B7D6 : FF;
B7D7 : FF;
B7D8 : FF;
B7D9 : FF;
B7DA : FF;
B7DB : FF;
B7DC : FF;
B7DD : FF;
B7DE : FF;
B7DF : FF;
B7E0 : FF;
B7E1 : FF;
B7E2 : FF;
B7E3 : FF;
B7E4 : FF;
B7E5 : FF;
B7E6 : FF;
B7E7 : FF;
B7E8 : FF;
B7E9 : FF;
B7EA : FF;
B7EB : FF;
B7EC : FF;
B7ED : FF;
B7EE : FF;
B7EF : FF;
B7F0 : FF;
B7F1 : FF;
B7F2 : FF;
B7F3 : FF;
B7F4 : FF;
B7F5 : FF;
B7F6 : FF;
B7F7 : FF;
B7F8 : FF;
B7F9 : FF;
B7FA : FF;
B7FB : FF;
B7FC : FF;
B7FD : FF;
B7FE : FF;
B7FF : FF;
B800 : FF;
B801 : FF;
B802 : FF;
B803 : FF;
B804 : FF;
B805 : FF;
B806 : FF;
B807 : FF;
B808 : FF;
B809 : FF;
B80A : FF;
B80B : FF;
B80C : FF;
B80D : FF;
B80E : FF;
B80F : FF;
B810 : FF;
B811 : FF;
B812 : FF;
B813 : FF;
B814 : FF;
B815 : FF;
B816 : FF;
B817 : FF;
B818 : FF;
B819 : FF;
B81A : FF;
B81B : FF;
B81C : FF;
B81D : FF;
B81E : FF;
B81F : FF;
B820 : FF;
B821 : FF;
B822 : FF;
B823 : FF;
B824 : FF;
B825 : FF;
B826 : FF;
B827 : FF;
B828 : FF;
B829 : FF;
B82A : FF;
B82B : FF;
B82C : FF;
B82D : FF;
B82E : FF;
B82F : FF;
B830 : FF;
B831 : FF;
B832 : FF;
B833 : FF;
B834 : FF;
B835 : FF;
B836 : FF;
B837 : FF;
B838 : FF;
B839 : FF;
B83A : FF;
B83B : FF;
B83C : FF;
B83D : FF;
B83E : FF;
B83F : FF;
B840 : FF;
B841 : FF;
B842 : FF;
B843 : FF;
B844 : FF;
B845 : FF;
B846 : FF;
B847 : FF;
B848 : FF;
B849 : FF;
B84A : FF;
B84B : FF;
B84C : FF;
B84D : FF;
B84E : FF;
B84F : FF;
B850 : FF;
B851 : FF;
B852 : FF;
B853 : FF;
B854 : FF;
B855 : FF;
B856 : FF;
B857 : FF;
B858 : FF;
B859 : FF;
B85A : FF;
B85B : FF;
B85C : FF;
B85D : FF;
B85E : FF;
B85F : FF;
B860 : FF;
B861 : FF;
B862 : FF;
B863 : FF;
B864 : FF;
B865 : FF;
B866 : FF;
B867 : FF;
B868 : FF;
B869 : FF;
B86A : FF;
B86B : FF;
B86C : FF;
B86D : FF;
B86E : FF;
B86F : FF;
B870 : FF;
B871 : FF;
B872 : FF;
B873 : FF;
B874 : FF;
B875 : FF;
B876 : FF;
B877 : FF;
B878 : FF;
B879 : FF;
B87A : FF;
B87B : FF;
B87C : FF;
B87D : FF;
B87E : FF;
B87F : FF;
B880 : FF;
B881 : FF;
B882 : FF;
B883 : FF;
B884 : FF;
B885 : FF;
B886 : FF;
B887 : FF;
B888 : FF;
B889 : FF;
B88A : FF;
B88B : FF;
B88C : FF;
B88D : FF;
B88E : FF;
B88F : FF;
B890 : FF;
B891 : FF;
B892 : FF;
B893 : FF;
B894 : FF;
B895 : FF;
B896 : FF;
B897 : FF;
B898 : FF;
B899 : FF;
B89A : FF;
B89B : FF;
B89C : FF;
B89D : FF;
B89E : FF;
B89F : FF;
B8A0 : FF;
B8A1 : FF;
B8A2 : FF;
B8A3 : FF;
B8A4 : FF;
B8A5 : FF;
B8A6 : FF;
B8A7 : FF;
B8A8 : FF;
B8A9 : FF;
B8AA : FF;
B8AB : FF;
B8AC : FF;
B8AD : FF;
B8AE : FF;
B8AF : FF;
B8B0 : FF;
B8B1 : FF;
B8B2 : FF;
B8B3 : FF;
B8B4 : FF;
B8B5 : FF;
B8B6 : FF;
B8B7 : FF;
B8B8 : FF;
B8B9 : FF;
B8BA : FF;
B8BB : FF;
B8BC : FF;
B8BD : FF;
B8BE : FF;
B8BF : FF;
B8C0 : FF;
B8C1 : FF;
B8C2 : FF;
B8C3 : FF;
B8C4 : FF;
B8C5 : FF;
B8C6 : FF;
B8C7 : FF;
B8C8 : FF;
B8C9 : FF;
B8CA : FF;
B8CB : FF;
B8CC : FF;
B8CD : FF;
B8CE : FF;
B8CF : FF;
B8D0 : FF;
B8D1 : FF;
B8D2 : FF;
B8D3 : FF;
B8D4 : FF;
B8D5 : FF;
B8D6 : FF;
B8D7 : FF;
B8D8 : FF;
B8D9 : FF;
B8DA : FF;
B8DB : FF;
B8DC : FF;
B8DD : FF;
B8DE : FF;
B8DF : FF;
B8E0 : FF;
B8E1 : FF;
B8E2 : FF;
B8E3 : FF;
B8E4 : FF;
B8E5 : FF;
B8E6 : FF;
B8E7 : FF;
B8E8 : FF;
B8E9 : FF;
B8EA : FF;
B8EB : FF;
B8EC : FF;
B8ED : FF;
B8EE : FF;
B8EF : FF;
B8F0 : FF;
B8F1 : FF;
B8F2 : FF;
B8F3 : FF;
B8F4 : FF;
B8F5 : FF;
B8F6 : FF;
B8F7 : FF;
B8F8 : FF;
B8F9 : FF;
B8FA : FF;
B8FB : FF;
B8FC : FF;
B8FD : FF;
B8FE : FF;
B8FF : FF;
B900 : FF;
B901 : FF;
B902 : FF;
B903 : FF;
B904 : FF;
B905 : FF;
B906 : FF;
B907 : FF;
B908 : FF;
B909 : FF;
B90A : FF;
B90B : FF;
B90C : FF;
B90D : FF;
B90E : FF;
B90F : FF;
B910 : FF;
B911 : FF;
B912 : FF;
B913 : FF;
B914 : FF;
B915 : FF;
B916 : FF;
B917 : FF;
B918 : FF;
B919 : FF;
B91A : FF;
B91B : FF;
B91C : FF;
B91D : FF;
B91E : FF;
B91F : FF;
B920 : FF;
B921 : FF;
B922 : FF;
B923 : FF;
B924 : FF;
B925 : FF;
B926 : FF;
B927 : FF;
B928 : FF;
B929 : FF;
B92A : FF;
B92B : FF;
B92C : FF;
B92D : FF;
B92E : FF;
B92F : FF;
B930 : FF;
B931 : FF;
B932 : FF;
B933 : FF;
B934 : FF;
B935 : FF;
B936 : FF;
B937 : FF;
B938 : FF;
B939 : FF;
B93A : FF;
B93B : FF;
B93C : FF;
B93D : FF;
B93E : FF;
B93F : FF;
B940 : FF;
B941 : FF;
B942 : FF;
B943 : FF;
B944 : FF;
B945 : FF;
B946 : FF;
B947 : FF;
B948 : FF;
B949 : FF;
B94A : FF;
B94B : FF;
B94C : FF;
B94D : FF;
B94E : FF;
B94F : FF;
B950 : FF;
B951 : FF;
B952 : FF;
B953 : FF;
B954 : FF;
B955 : FF;
B956 : FF;
B957 : FF;
B958 : FF;
B959 : FF;
B95A : FF;
B95B : FF;
B95C : FF;
B95D : FF;
B95E : FF;
B95F : FF;
B960 : FF;
B961 : FF;
B962 : FF;
B963 : FF;
B964 : FF;
B965 : FF;
B966 : FF;
B967 : FF;
B968 : FF;
B969 : FF;
B96A : FF;
B96B : FF;
B96C : FF;
B96D : FF;
B96E : FF;
B96F : FF;
B970 : FF;
B971 : FF;
B972 : FF;
B973 : FF;
B974 : FF;
B975 : FF;
B976 : FF;
B977 : FF;
B978 : FF;
B979 : FF;
B97A : FF;
B97B : FF;
B97C : FF;
B97D : FF;
B97E : FF;
B97F : FF;
B980 : FF;
B981 : FF;
B982 : FF;
B983 : FF;
B984 : FF;
B985 : FF;
B986 : FF;
B987 : FF;
B988 : FF;
B989 : FF;
B98A : FF;
B98B : FF;
B98C : FF;
B98D : FF;
B98E : FF;
B98F : FF;
B990 : FF;
B991 : FF;
B992 : FF;
B993 : FF;
B994 : FF;
B995 : FF;
B996 : FF;
B997 : FF;
B998 : FF;
B999 : FF;
B99A : FF;
B99B : FF;
B99C : FF;
B99D : FF;
B99E : FF;
B99F : FF;
B9A0 : FF;
B9A1 : FF;
B9A2 : FF;
B9A3 : FF;
B9A4 : FF;
B9A5 : FF;
B9A6 : FF;
B9A7 : FF;
B9A8 : FF;
B9A9 : FF;
B9AA : FF;
B9AB : FF;
B9AC : FF;
B9AD : FF;
B9AE : FF;
B9AF : FF;
B9B0 : FF;
B9B1 : FF;
B9B2 : FF;
B9B3 : FF;
B9B4 : FF;
B9B5 : FF;
B9B6 : FF;
B9B7 : FF;
B9B8 : FF;
B9B9 : FF;
B9BA : FF;
B9BB : FF;
B9BC : FF;
B9BD : FF;
B9BE : FF;
B9BF : FF;
B9C0 : FF;
B9C1 : FF;
B9C2 : FF;
B9C3 : FF;
B9C4 : FF;
B9C5 : FF;
B9C6 : FF;
B9C7 : FF;
B9C8 : FF;
B9C9 : FF;
B9CA : FF;
B9CB : FF;
B9CC : FF;
B9CD : FF;
B9CE : FF;
B9CF : FF;
B9D0 : FF;
B9D1 : FF;
B9D2 : FF;
B9D3 : FF;
B9D4 : FF;
B9D5 : FF;
B9D6 : FF;
B9D7 : FF;
B9D8 : FF;
B9D9 : FF;
B9DA : FF;
B9DB : FF;
B9DC : FF;
B9DD : FF;
B9DE : FF;
B9DF : FF;
B9E0 : FF;
B9E1 : FF;
B9E2 : FF;
B9E3 : FF;
B9E4 : FF;
B9E5 : FF;
B9E6 : FF;
B9E7 : FF;
B9E8 : FF;
B9E9 : FF;
B9EA : FF;
B9EB : FF;
B9EC : FF;
B9ED : FF;
B9EE : FF;
B9EF : FF;
B9F0 : FF;
B9F1 : FF;
B9F2 : FF;
B9F3 : FF;
B9F4 : FF;
B9F5 : FF;
B9F6 : FF;
B9F7 : FF;
B9F8 : FF;
B9F9 : FF;
B9FA : FF;
B9FB : FF;
B9FC : FF;
B9FD : FF;
B9FE : FF;
B9FF : FF;
BA00 : FF;
BA01 : FF;
BA02 : FF;
BA03 : FF;
BA04 : FF;
BA05 : FF;
BA06 : FF;
BA07 : FF;
BA08 : FF;
BA09 : FF;
BA0A : FF;
BA0B : FF;
BA0C : FF;
BA0D : FF;
BA0E : FF;
BA0F : FF;
BA10 : FF;
BA11 : FF;
BA12 : FF;
BA13 : FF;
BA14 : FF;
BA15 : FF;
BA16 : FF;
BA17 : FF;
BA18 : FF;
BA19 : FF;
BA1A : FF;
BA1B : FF;
BA1C : FF;
BA1D : FF;
BA1E : FF;
BA1F : FF;
BA20 : FF;
BA21 : FF;
BA22 : FF;
BA23 : FF;
BA24 : FF;
BA25 : FF;
BA26 : FF;
BA27 : FF;
BA28 : FF;
BA29 : FF;
BA2A : FF;
BA2B : FF;
BA2C : FF;
BA2D : FF;
BA2E : FF;
BA2F : FF;
BA30 : FF;
BA31 : FF;
BA32 : FF;
BA33 : FF;
BA34 : FF;
BA35 : FF;
BA36 : FF;
BA37 : FF;
BA38 : FF;
BA39 : FF;
BA3A : FF;
BA3B : FF;
BA3C : FF;
BA3D : FF;
BA3E : FF;
BA3F : FF;
BA40 : FF;
BA41 : FF;
BA42 : FF;
BA43 : FF;
BA44 : FF;
BA45 : FF;
BA46 : FF;
BA47 : FF;
BA48 : FF;
BA49 : FF;
BA4A : FF;
BA4B : FF;
BA4C : FF;
BA4D : FF;
BA4E : FF;
BA4F : FF;
BA50 : FF;
BA51 : FF;
BA52 : FF;
BA53 : FF;
BA54 : FF;
BA55 : FF;
BA56 : FF;
BA57 : FF;
BA58 : FF;
BA59 : FF;
BA5A : FF;
BA5B : FF;
BA5C : FF;
BA5D : FF;
BA5E : FF;
BA5F : FF;
BA60 : FF;
BA61 : FF;
BA62 : FF;
BA63 : FF;
BA64 : FF;
BA65 : FF;
BA66 : FF;
BA67 : FF;
BA68 : FF;
BA69 : FF;
BA6A : FF;
BA6B : FF;
BA6C : FF;
BA6D : FF;
BA6E : FF;
BA6F : FF;
BA70 : FF;
BA71 : FF;
BA72 : FF;
BA73 : FF;
BA74 : FF;
BA75 : FF;
BA76 : FF;
BA77 : FF;
BA78 : FF;
BA79 : FF;
BA7A : FF;
BA7B : FF;
BA7C : FF;
BA7D : FF;
BA7E : FF;
BA7F : FF;
BA80 : FF;
BA81 : FF;
BA82 : FF;
BA83 : FF;
BA84 : FF;
BA85 : FF;
BA86 : FF;
BA87 : FF;
BA88 : FF;
BA89 : FF;
BA8A : FF;
BA8B : FF;
BA8C : FF;
BA8D : FF;
BA8E : FF;
BA8F : FF;
BA90 : FF;
BA91 : FF;
BA92 : FF;
BA93 : FF;
BA94 : FF;
BA95 : FF;
BA96 : FF;
BA97 : FF;
BA98 : FF;
BA99 : FF;
BA9A : FF;
BA9B : FF;
BA9C : FF;
BA9D : FF;
BA9E : FF;
BA9F : FF;
BAA0 : FF;
BAA1 : FF;
BAA2 : FF;
BAA3 : FF;
BAA4 : FF;
BAA5 : FF;
BAA6 : FF;
BAA7 : FF;
BAA8 : FF;
BAA9 : FF;
BAAA : FF;
BAAB : FF;
BAAC : FF;
BAAD : FF;
BAAE : FF;
BAAF : FF;
BAB0 : FF;
BAB1 : FF;
BAB2 : FF;
BAB3 : FF;
BAB4 : FF;
BAB5 : FF;
BAB6 : FF;
BAB7 : FF;
BAB8 : FF;
BAB9 : FF;
BABA : FF;
BABB : FF;
BABC : FF;
BABD : FF;
BABE : FF;
BABF : FF;
BAC0 : FF;
BAC1 : FF;
BAC2 : FF;
BAC3 : FF;
BAC4 : FF;
BAC5 : FF;
BAC6 : FF;
BAC7 : FF;
BAC8 : FF;
BAC9 : FF;
BACA : FF;
BACB : FF;
BACC : FF;
BACD : FF;
BACE : FF;
BACF : FF;
BAD0 : FF;
BAD1 : FF;
BAD2 : FF;
BAD3 : FF;
BAD4 : FF;
BAD5 : FF;
BAD6 : FF;
BAD7 : FF;
BAD8 : FF;
BAD9 : FF;
BADA : FF;
BADB : FF;
BADC : FF;
BADD : FF;
BADE : FF;
BADF : FF;
BAE0 : FF;
BAE1 : FF;
BAE2 : FF;
BAE3 : FF;
BAE4 : FF;
BAE5 : FF;
BAE6 : FF;
BAE7 : FF;
BAE8 : FF;
BAE9 : FF;
BAEA : FF;
BAEB : FF;
BAEC : FF;
BAED : FF;
BAEE : FF;
BAEF : FF;
BAF0 : FF;
BAF1 : FF;
BAF2 : FF;
BAF3 : FF;
BAF4 : FF;
BAF5 : FF;
BAF6 : FF;
BAF7 : FF;
BAF8 : FF;
BAF9 : FF;
BAFA : FF;
BAFB : FF;
BAFC : FF;
BAFD : FF;
BAFE : FF;
BAFF : FF;
BB00 : FF;
BB01 : FF;
BB02 : FF;
BB03 : FF;
BB04 : FF;
BB05 : FF;
BB06 : FF;
BB07 : FF;
BB08 : FF;
BB09 : FF;
BB0A : FF;
BB0B : FF;
BB0C : FF;
BB0D : FF;
BB0E : FF;
BB0F : FF;
BB10 : FF;
BB11 : FF;
BB12 : FF;
BB13 : FF;
BB14 : FF;
BB15 : FF;
BB16 : FF;
BB17 : FF;
BB18 : FF;
BB19 : FF;
BB1A : FF;
BB1B : FF;
BB1C : FF;
BB1D : FF;
BB1E : FF;
BB1F : FF;
BB20 : FF;
BB21 : FF;
BB22 : FF;
BB23 : FF;
BB24 : FF;
BB25 : FF;
BB26 : FF;
BB27 : FF;
BB28 : FF;
BB29 : FF;
BB2A : FF;
BB2B : FF;
BB2C : FF;
BB2D : FF;
BB2E : FF;
BB2F : FF;
BB30 : FF;
BB31 : FF;
BB32 : FF;
BB33 : FF;
BB34 : FF;
BB35 : FF;
BB36 : FF;
BB37 : FF;
BB38 : FF;
BB39 : FF;
BB3A : FF;
BB3B : FF;
BB3C : FF;
BB3D : FF;
BB3E : FF;
BB3F : FF;
BB40 : FF;
BB41 : FF;
BB42 : FF;
BB43 : FF;
BB44 : FF;
BB45 : FF;
BB46 : FF;
BB47 : FF;
BB48 : FF;
BB49 : FF;
BB4A : FF;
BB4B : FF;
BB4C : FF;
BB4D : FF;
BB4E : FF;
BB4F : FF;
BB50 : FF;
BB51 : FF;
BB52 : FF;
BB53 : FF;
BB54 : FF;
BB55 : FF;
BB56 : FF;
BB57 : FF;
BB58 : FF;
BB59 : FF;
BB5A : FF;
BB5B : FF;
BB5C : FF;
BB5D : FF;
BB5E : FF;
BB5F : FF;
BB60 : FF;
BB61 : FF;
BB62 : FF;
BB63 : FF;
BB64 : FF;
BB65 : FF;
BB66 : FF;
BB67 : FF;
BB68 : FF;
BB69 : FF;
BB6A : FF;
BB6B : FF;
BB6C : FF;
BB6D : FF;
BB6E : FF;
BB6F : FF;
BB70 : FF;
BB71 : FF;
BB72 : FF;
BB73 : FF;
BB74 : FF;
BB75 : FF;
BB76 : FF;
BB77 : FF;
BB78 : FF;
BB79 : FF;
BB7A : FF;
BB7B : FF;
BB7C : FF;
BB7D : FF;
BB7E : FF;
BB7F : FF;
BB80 : FF;
BB81 : FF;
BB82 : FF;
BB83 : FF;
BB84 : FF;
BB85 : FF;
BB86 : FF;
BB87 : FF;
BB88 : FF;
BB89 : FF;
BB8A : FF;
BB8B : FF;
BB8C : FF;
BB8D : FF;
BB8E : FF;
BB8F : FF;
BB90 : FF;
BB91 : FF;
BB92 : FF;
BB93 : FF;
BB94 : FF;
BB95 : FF;
BB96 : FF;
BB97 : FF;
BB98 : FF;
BB99 : FF;
BB9A : FF;
BB9B : FF;
BB9C : FF;
BB9D : FF;
BB9E : FF;
BB9F : FF;
BBA0 : FF;
BBA1 : FF;
BBA2 : FF;
BBA3 : FF;
BBA4 : FF;
BBA5 : FF;
BBA6 : FF;
BBA7 : FF;
BBA8 : FF;
BBA9 : FF;
BBAA : FF;
BBAB : FF;
BBAC : FF;
BBAD : FF;
BBAE : FF;
BBAF : FF;
BBB0 : FF;
BBB1 : FF;
BBB2 : FF;
BBB3 : FF;
BBB4 : FF;
BBB5 : FF;
BBB6 : FF;
BBB7 : FF;
BBB8 : FF;
BBB9 : FF;
BBBA : FF;
BBBB : FF;
BBBC : FF;
BBBD : FF;
BBBE : FF;
BBBF : FF;
BBC0 : FF;
BBC1 : FF;
BBC2 : FF;
BBC3 : FF;
BBC4 : FF;
BBC5 : FF;
BBC6 : FF;
BBC7 : FF;
BBC8 : FF;
BBC9 : FF;
BBCA : FF;
BBCB : FF;
BBCC : FF;
BBCD : FF;
BBCE : FF;
BBCF : FF;
BBD0 : FF;
BBD1 : FF;
BBD2 : FF;
BBD3 : FF;
BBD4 : FF;
BBD5 : FF;
BBD6 : FF;
BBD7 : FF;
BBD8 : FF;
BBD9 : FF;
BBDA : FF;
BBDB : FF;
BBDC : FF;
BBDD : FF;
BBDE : FF;
BBDF : FF;
BBE0 : FF;
BBE1 : FF;
BBE2 : FF;
BBE3 : FF;
BBE4 : FF;
BBE5 : FF;
BBE6 : FF;
BBE7 : FF;
BBE8 : FF;
BBE9 : FF;
BBEA : FF;
BBEB : FF;
BBEC : FF;
BBED : FF;
BBEE : FF;
BBEF : FF;
BBF0 : FF;
BBF1 : FF;
BBF2 : FF;
BBF3 : FF;
BBF4 : FF;
BBF5 : FF;
BBF6 : FF;
BBF7 : FF;
BBF8 : FF;
BBF9 : FF;
BBFA : FF;
BBFB : FF;
BBFC : FF;
BBFD : FF;
BBFE : FF;
BBFF : FF;
BC00 : FF;
BC01 : FF;
BC02 : FF;
BC03 : FF;
BC04 : FF;
BC05 : FF;
BC06 : FF;
BC07 : FF;
BC08 : FF;
BC09 : FF;
BC0A : FF;
BC0B : FF;
BC0C : FF;
BC0D : FF;
BC0E : FF;
BC0F : FF;
BC10 : FF;
BC11 : FF;
BC12 : FF;
BC13 : FF;
BC14 : FF;
BC15 : FF;
BC16 : FF;
BC17 : FF;
BC18 : FF;
BC19 : FF;
BC1A : FF;
BC1B : FF;
BC1C : FF;
BC1D : FF;
BC1E : FF;
BC1F : FF;
BC20 : FF;
BC21 : FF;
BC22 : FF;
BC23 : FF;
BC24 : FF;
BC25 : FF;
BC26 : FF;
BC27 : FF;
BC28 : FF;
BC29 : FF;
BC2A : FF;
BC2B : FF;
BC2C : FF;
BC2D : FF;
BC2E : FF;
BC2F : FF;
BC30 : FF;
BC31 : FF;
BC32 : FF;
BC33 : FF;
BC34 : FF;
BC35 : FF;
BC36 : FF;
BC37 : FF;
BC38 : FF;
BC39 : FF;
BC3A : FF;
BC3B : FF;
BC3C : FF;
BC3D : FF;
BC3E : FF;
BC3F : FF;
BC40 : FF;
BC41 : FF;
BC42 : FF;
BC43 : FF;
BC44 : FF;
BC45 : FF;
BC46 : FF;
BC47 : FF;
BC48 : FF;
BC49 : FF;
BC4A : FF;
BC4B : FF;
BC4C : FF;
BC4D : FF;
BC4E : FF;
BC4F : FF;
BC50 : FF;
BC51 : FF;
BC52 : FF;
BC53 : FF;
BC54 : FF;
BC55 : FF;
BC56 : FF;
BC57 : FF;
BC58 : FF;
BC59 : FF;
BC5A : FF;
BC5B : FF;
BC5C : FF;
BC5D : FF;
BC5E : FF;
BC5F : FF;
BC60 : FF;
BC61 : FF;
BC62 : FF;
BC63 : FF;
BC64 : FF;
BC65 : FF;
BC66 : FF;
BC67 : FF;
BC68 : FF;
BC69 : FF;
BC6A : FF;
BC6B : FF;
BC6C : FF;
BC6D : FF;
BC6E : FF;
BC6F : FF;
BC70 : FF;
BC71 : FF;
BC72 : FF;
BC73 : FF;
BC74 : FF;
BC75 : FF;
BC76 : FF;
BC77 : FF;
BC78 : FF;
BC79 : FF;
BC7A : FF;
BC7B : FF;
BC7C : FF;
BC7D : FF;
BC7E : FF;
BC7F : FF;
BC80 : FF;
BC81 : FF;
BC82 : FF;
BC83 : FF;
BC84 : FF;
BC85 : FF;
BC86 : FF;
BC87 : FF;
BC88 : FF;
BC89 : FF;
BC8A : FF;
BC8B : FF;
BC8C : FF;
BC8D : FF;
BC8E : FF;
BC8F : FF;
BC90 : FF;
BC91 : FF;
BC92 : FF;
BC93 : FF;
BC94 : FF;
BC95 : FF;
BC96 : FF;
BC97 : FF;
BC98 : FF;
BC99 : FF;
BC9A : FF;
BC9B : FF;
BC9C : FF;
BC9D : FF;
BC9E : FF;
BC9F : FF;
BCA0 : FF;
BCA1 : FF;
BCA2 : FF;
BCA3 : FF;
BCA4 : FF;
BCA5 : FF;
BCA6 : FF;
BCA7 : FF;
BCA8 : FF;
BCA9 : FF;
BCAA : FF;
BCAB : FF;
BCAC : FF;
BCAD : FF;
BCAE : FF;
BCAF : FF;
BCB0 : FF;
BCB1 : FF;
BCB2 : FF;
BCB3 : FF;
BCB4 : FF;
BCB5 : FF;
BCB6 : FF;
BCB7 : FF;
BCB8 : FF;
BCB9 : FF;
BCBA : FF;
BCBB : FF;
BCBC : FF;
BCBD : FF;
BCBE : FF;
BCBF : FF;
BCC0 : FF;
BCC1 : FF;
BCC2 : FF;
BCC3 : FF;
BCC4 : FF;
BCC5 : FF;
BCC6 : FF;
BCC7 : FF;
BCC8 : FF;
BCC9 : FF;
BCCA : FF;
BCCB : FF;
BCCC : FF;
BCCD : FF;
BCCE : FF;
BCCF : FF;
BCD0 : FF;
BCD1 : FF;
BCD2 : FF;
BCD3 : FF;
BCD4 : FF;
BCD5 : FF;
BCD6 : FF;
BCD7 : FF;
BCD8 : FF;
BCD9 : FF;
BCDA : FF;
BCDB : FF;
BCDC : FF;
BCDD : FF;
BCDE : FF;
BCDF : FF;
BCE0 : FF;
BCE1 : FF;
BCE2 : FF;
BCE3 : FF;
BCE4 : FF;
BCE5 : FF;
BCE6 : FF;
BCE7 : FF;
BCE8 : FF;
BCE9 : FF;
BCEA : FF;
BCEB : FF;
BCEC : FF;
BCED : FF;
BCEE : FF;
BCEF : FF;
BCF0 : FF;
BCF1 : FF;
BCF2 : FF;
BCF3 : FF;
BCF4 : FF;
BCF5 : FF;
BCF6 : FF;
BCF7 : FF;
BCF8 : FF;
BCF9 : FF;
BCFA : FF;
BCFB : FF;
BCFC : FF;
BCFD : FF;
BCFE : FF;
BCFF : FF;
BD00 : FF;
BD01 : FF;
BD02 : FF;
BD03 : FF;
BD04 : FF;
BD05 : FF;
BD06 : FF;
BD07 : FF;
BD08 : FF;
BD09 : FF;
BD0A : FF;
BD0B : FF;
BD0C : FF;
BD0D : FF;
BD0E : FF;
BD0F : FF;
BD10 : FF;
BD11 : FF;
BD12 : FF;
BD13 : FF;
BD14 : FF;
BD15 : FF;
BD16 : FF;
BD17 : FF;
BD18 : FF;
BD19 : FF;
BD1A : FF;
BD1B : FF;
BD1C : FF;
BD1D : FF;
BD1E : FF;
BD1F : FF;
BD20 : FF;
BD21 : FF;
BD22 : FF;
BD23 : FF;
BD24 : FF;
BD25 : FF;
BD26 : FF;
BD27 : FF;
BD28 : FF;
BD29 : FF;
BD2A : FF;
BD2B : FF;
BD2C : FF;
BD2D : FF;
BD2E : FF;
BD2F : FF;
BD30 : FF;
BD31 : FF;
BD32 : FF;
BD33 : FF;
BD34 : FF;
BD35 : FF;
BD36 : FF;
BD37 : FF;
BD38 : FF;
BD39 : FF;
BD3A : FF;
BD3B : FF;
BD3C : FF;
BD3D : FF;
BD3E : FF;
BD3F : FF;
BD40 : FF;
BD41 : FF;
BD42 : FF;
BD43 : FF;
BD44 : FF;
BD45 : FF;
BD46 : FF;
BD47 : FF;
BD48 : FF;
BD49 : FF;
BD4A : FF;
BD4B : FF;
BD4C : FF;
BD4D : FF;
BD4E : FF;
BD4F : FF;
BD50 : FF;
BD51 : FF;
BD52 : FF;
BD53 : FF;
BD54 : FF;
BD55 : FF;
BD56 : FF;
BD57 : FF;
BD58 : FF;
BD59 : FF;
BD5A : FF;
BD5B : FF;
BD5C : FF;
BD5D : FF;
BD5E : FF;
BD5F : FF;
BD60 : FF;
BD61 : FF;
BD62 : FF;
BD63 : FF;
BD64 : FF;
BD65 : FF;
BD66 : FF;
BD67 : FF;
BD68 : FF;
BD69 : FF;
BD6A : FF;
BD6B : FF;
BD6C : FF;
BD6D : FF;
BD6E : FF;
BD6F : FF;
BD70 : FF;
BD71 : FF;
BD72 : FF;
BD73 : FF;
BD74 : FF;
BD75 : FF;
BD76 : FF;
BD77 : FF;
BD78 : FF;
BD79 : FF;
BD7A : FF;
BD7B : FF;
BD7C : FF;
BD7D : FF;
BD7E : FF;
BD7F : FF;
BD80 : FF;
BD81 : FF;
BD82 : FF;
BD83 : FF;
BD84 : FF;
BD85 : FF;
BD86 : FF;
BD87 : FF;
BD88 : FF;
BD89 : FF;
BD8A : FF;
BD8B : FF;
BD8C : FF;
BD8D : FF;
BD8E : FF;
BD8F : FF;
BD90 : FF;
BD91 : FF;
BD92 : FF;
BD93 : FF;
BD94 : FF;
BD95 : FF;
BD96 : FF;
BD97 : FF;
BD98 : FF;
BD99 : FF;
BD9A : FF;
BD9B : FF;
BD9C : FF;
BD9D : FF;
BD9E : FF;
BD9F : FF;
BDA0 : FF;
BDA1 : FF;
BDA2 : FF;
BDA3 : FF;
BDA4 : FF;
BDA5 : FF;
BDA6 : FF;
BDA7 : FF;
BDA8 : FF;
BDA9 : FF;
BDAA : FF;
BDAB : FF;
BDAC : FF;
BDAD : FF;
BDAE : FF;
BDAF : FF;
BDB0 : FF;
BDB1 : FF;
BDB2 : FF;
BDB3 : FF;
BDB4 : FF;
BDB5 : FF;
BDB6 : FF;
BDB7 : FF;
BDB8 : FF;
BDB9 : FF;
BDBA : FF;
BDBB : FF;
BDBC : FF;
BDBD : FF;
BDBE : FF;
BDBF : FF;
BDC0 : FF;
BDC1 : FF;
BDC2 : FF;
BDC3 : FF;
BDC4 : FF;
BDC5 : FF;
BDC6 : FF;
BDC7 : FF;
BDC8 : FF;
BDC9 : FF;
BDCA : FF;
BDCB : FF;
BDCC : FF;
BDCD : FF;
BDCE : FF;
BDCF : FF;
BDD0 : FF;
BDD1 : FF;
BDD2 : FF;
BDD3 : FF;
BDD4 : FF;
BDD5 : FF;
BDD6 : FF;
BDD7 : FF;
BDD8 : FF;
BDD9 : FF;
BDDA : FF;
BDDB : FF;
BDDC : FF;
BDDD : FF;
BDDE : FF;
BDDF : FF;
BDE0 : FF;
BDE1 : FF;
BDE2 : FF;
BDE3 : FF;
BDE4 : FF;
BDE5 : FF;
BDE6 : FF;
BDE7 : FF;
BDE8 : FF;
BDE9 : FF;
BDEA : FF;
BDEB : FF;
BDEC : FF;
BDED : FF;
BDEE : FF;
BDEF : FF;
BDF0 : FF;
BDF1 : FF;
BDF2 : FF;
BDF3 : FF;
BDF4 : FF;
BDF5 : FF;
BDF6 : FF;
BDF7 : FF;
BDF8 : FF;
BDF9 : FF;
BDFA : FF;
BDFB : FF;
BDFC : FF;
BDFD : FF;
BDFE : FF;
BDFF : FF;
BE00 : FF;
BE01 : FF;
BE02 : FF;
BE03 : FF;
BE04 : FF;
BE05 : FF;
BE06 : FF;
BE07 : FF;
BE08 : FF;
BE09 : FF;
BE0A : FF;
BE0B : FF;
BE0C : FF;
BE0D : FF;
BE0E : FF;
BE0F : FF;
BE10 : FF;
BE11 : FF;
BE12 : FF;
BE13 : FF;
BE14 : FF;
BE15 : FF;
BE16 : FF;
BE17 : FF;
BE18 : FF;
BE19 : FF;
BE1A : FF;
BE1B : FF;
BE1C : FF;
BE1D : FF;
BE1E : FF;
BE1F : FF;
BE20 : FF;
BE21 : FF;
BE22 : FF;
BE23 : FF;
BE24 : FF;
BE25 : FF;
BE26 : FF;
BE27 : FF;
BE28 : FF;
BE29 : FF;
BE2A : FF;
BE2B : FF;
BE2C : FF;
BE2D : FF;
BE2E : FF;
BE2F : FF;
BE30 : FF;
BE31 : FF;
BE32 : FF;
BE33 : FF;
BE34 : FF;
BE35 : FF;
BE36 : FF;
BE37 : FF;
BE38 : FF;
BE39 : FF;
BE3A : FF;
BE3B : FF;
BE3C : FF;
BE3D : FF;
BE3E : FF;
BE3F : FF;
BE40 : FF;
BE41 : FF;
BE42 : FF;
BE43 : FF;
BE44 : FF;
BE45 : FF;
BE46 : FF;
BE47 : FF;
BE48 : FF;
BE49 : FF;
BE4A : FF;
BE4B : FF;
BE4C : FF;
BE4D : FF;
BE4E : FF;
BE4F : FF;
BE50 : FF;
BE51 : FF;
BE52 : FF;
BE53 : FF;
BE54 : FF;
BE55 : FF;
BE56 : FF;
BE57 : FF;
BE58 : FF;
BE59 : FF;
BE5A : FF;
BE5B : FF;
BE5C : FF;
BE5D : FF;
BE5E : FF;
BE5F : FF;
BE60 : FF;
BE61 : FF;
BE62 : FF;
BE63 : FF;
BE64 : FF;
BE65 : FF;
BE66 : FF;
BE67 : FF;
BE68 : FF;
BE69 : FF;
BE6A : FF;
BE6B : FF;
BE6C : FF;
BE6D : FF;
BE6E : FF;
BE6F : FF;
BE70 : FF;
BE71 : FF;
BE72 : FF;
BE73 : FF;
BE74 : FF;
BE75 : FF;
BE76 : FF;
BE77 : FF;
BE78 : FF;
BE79 : FF;
BE7A : FF;
BE7B : FF;
BE7C : FF;
BE7D : FF;
BE7E : FF;
BE7F : FF;
BE80 : FF;
BE81 : FF;
BE82 : FF;
BE83 : FF;
BE84 : FF;
BE85 : FF;
BE86 : FF;
BE87 : FF;
BE88 : FF;
BE89 : FF;
BE8A : FF;
BE8B : FF;
BE8C : FF;
BE8D : FF;
BE8E : FF;
BE8F : FF;
BE90 : FF;
BE91 : FF;
BE92 : FF;
BE93 : FF;
BE94 : FF;
BE95 : FF;
BE96 : FF;
BE97 : FF;
BE98 : FF;
BE99 : FF;
BE9A : FF;
BE9B : FF;
BE9C : FF;
BE9D : FF;
BE9E : FF;
BE9F : FF;
BEA0 : FF;
BEA1 : FF;
BEA2 : FF;
BEA3 : FF;
BEA4 : FF;
BEA5 : FF;
BEA6 : FF;
BEA7 : FF;
BEA8 : FF;
BEA9 : FF;
BEAA : FF;
BEAB : FF;
BEAC : FF;
BEAD : FF;
BEAE : FF;
BEAF : FF;
BEB0 : FF;
BEB1 : FF;
BEB2 : FF;
BEB3 : FF;
BEB4 : FF;
BEB5 : FF;
BEB6 : FF;
BEB7 : FF;
BEB8 : FF;
BEB9 : FF;
BEBA : FF;
BEBB : FF;
BEBC : FF;
BEBD : FF;
BEBE : FF;
BEBF : FF;
BEC0 : FF;
BEC1 : FF;
BEC2 : FF;
BEC3 : FF;
BEC4 : FF;
BEC5 : FF;
BEC6 : FF;
BEC7 : FF;
BEC8 : FF;
BEC9 : FF;
BECA : FF;
BECB : FF;
BECC : FF;
BECD : FF;
BECE : FF;
BECF : FF;
BED0 : FF;
BED1 : FF;
BED2 : FF;
BED3 : FF;
BED4 : FF;
BED5 : FF;
BED6 : FF;
BED7 : FF;
BED8 : FF;
BED9 : FF;
BEDA : FF;
BEDB : FF;
BEDC : FF;
BEDD : FF;
BEDE : FF;
BEDF : FF;
BEE0 : FF;
BEE1 : FF;
BEE2 : FF;
BEE3 : FF;
BEE4 : FF;
BEE5 : FF;
BEE6 : FF;
BEE7 : FF;
BEE8 : FF;
BEE9 : FF;
BEEA : FF;
BEEB : FF;
BEEC : FF;
BEED : FF;
BEEE : FF;
BEEF : FF;
BEF0 : FF;
BEF1 : FF;
BEF2 : FF;
BEF3 : FF;
BEF4 : FF;
BEF5 : FF;
BEF6 : FF;
BEF7 : FF;
BEF8 : FF;
BEF9 : FF;
BEFA : FF;
BEFB : FF;
BEFC : FF;
BEFD : FF;
BEFE : FF;
BEFF : FF;
BF00 : FF;
BF01 : FF;
BF02 : FF;
BF03 : FF;
BF04 : FF;
BF05 : FF;
BF06 : FF;
BF07 : FF;
BF08 : FF;
BF09 : FF;
BF0A : FF;
BF0B : FF;
BF0C : FF;
BF0D : FF;
BF0E : FF;
BF0F : FF;
BF10 : FF;
BF11 : FF;
BF12 : FF;
BF13 : FF;
BF14 : FF;
BF15 : FF;
BF16 : FF;
BF17 : FF;
BF18 : FF;
BF19 : FF;
BF1A : FF;
BF1B : FF;
BF1C : FF;
BF1D : FF;
BF1E : FF;
BF1F : FF;
BF20 : FF;
BF21 : FF;
BF22 : FF;
BF23 : FF;
BF24 : FF;
BF25 : FF;
BF26 : FF;
BF27 : FF;
BF28 : FF;
BF29 : FF;
BF2A : FF;
BF2B : FF;
BF2C : FF;
BF2D : FF;
BF2E : FF;
BF2F : FF;
BF30 : FF;
BF31 : FF;
BF32 : FF;
BF33 : FF;
BF34 : FF;
BF35 : FF;
BF36 : FF;
BF37 : FF;
BF38 : FF;
BF39 : FF;
BF3A : FF;
BF3B : FF;
BF3C : FF;
BF3D : FF;
BF3E : FF;
BF3F : FF;
BF40 : FF;
BF41 : FF;
BF42 : FF;
BF43 : FF;
BF44 : FF;
BF45 : FF;
BF46 : FF;
BF47 : FF;
BF48 : FF;
BF49 : FF;
BF4A : FF;
BF4B : FF;
BF4C : FF;
BF4D : FF;
BF4E : FF;
BF4F : FF;
BF50 : FF;
BF51 : FF;
BF52 : FF;
BF53 : FF;
BF54 : FF;
BF55 : FF;
BF56 : FF;
BF57 : FF;
BF58 : FF;
BF59 : FF;
BF5A : FF;
BF5B : FF;
BF5C : FF;
BF5D : FF;
BF5E : FF;
BF5F : FF;
BF60 : FF;
BF61 : FF;
BF62 : FF;
BF63 : FF;
BF64 : FF;
BF65 : FF;
BF66 : FF;
BF67 : FF;
BF68 : FF;
BF69 : FF;
BF6A : FF;
BF6B : FF;
BF6C : FF;
BF6D : FF;
BF6E : FF;
BF6F : FF;
BF70 : FF;
BF71 : FF;
BF72 : FF;
BF73 : FF;
BF74 : FF;
BF75 : FF;
BF76 : FF;
BF77 : FF;
BF78 : FF;
BF79 : FF;
BF7A : FF;
BF7B : FF;
BF7C : FF;
BF7D : FF;
BF7E : FF;
BF7F : FF;
BF80 : FF;
BF81 : FF;
BF82 : FF;
BF83 : FF;
BF84 : FF;
BF85 : FF;
BF86 : FF;
BF87 : FF;
BF88 : FF;
BF89 : FF;
BF8A : FF;
BF8B : FF;
BF8C : FF;
BF8D : FF;
BF8E : FF;
BF8F : FF;
BF90 : FF;
BF91 : FF;
BF92 : FF;
BF93 : FF;
BF94 : FF;
BF95 : FF;
BF96 : FF;
BF97 : FF;
BF98 : FF;
BF99 : FF;
BF9A : FF;
BF9B : FF;
BF9C : FF;
BF9D : FF;
BF9E : FF;
BF9F : FF;
BFA0 : FF;
BFA1 : FF;
BFA2 : FF;
BFA3 : FF;
BFA4 : FF;
BFA5 : FF;
BFA6 : FF;
BFA7 : FF;
BFA8 : FF;
BFA9 : FF;
BFAA : FF;
BFAB : FF;
BFAC : FF;
BFAD : FF;
BFAE : FF;
BFAF : FF;
BFB0 : FF;
BFB1 : FF;
BFB2 : FF;
BFB3 : FF;
BFB4 : FF;
BFB5 : FF;
BFB6 : FF;
BFB7 : FF;
BFB8 : FF;
BFB9 : FF;
BFBA : FF;
BFBB : FF;
BFBC : FF;
BFBD : FF;
BFBE : FF;
BFBF : FF;
BFC0 : FF;
BFC1 : FF;
BFC2 : FF;
BFC3 : FF;
BFC4 : FF;
BFC5 : FF;
BFC6 : FF;
BFC7 : FF;
BFC8 : FF;
BFC9 : FF;
BFCA : FF;
BFCB : FF;
BFCC : FF;
BFCD : FF;
BFCE : FF;
BFCF : FF;
BFD0 : FF;
BFD1 : FF;
BFD2 : FF;
BFD3 : FF;
BFD4 : FF;
BFD5 : FF;
BFD6 : FF;
BFD7 : FF;
BFD8 : FF;
BFD9 : FF;
BFDA : FF;
BFDB : FF;
BFDC : FF;
BFDD : FF;
BFDE : FF;
BFDF : FF;
BFE0 : FF;
BFE1 : FF;
BFE2 : FF;
BFE3 : FF;
BFE4 : FF;
BFE5 : FF;
BFE6 : FF;
BFE7 : FF;
BFE8 : FF;
BFE9 : FF;
BFEA : FF;
BFEB : FF;
BFEC : FF;
BFED : FF;
BFEE : FF;
BFEF : FF;
BFF0 : FF;
BFF1 : FF;
BFF2 : FF;
BFF3 : FF;
BFF4 : FF;
BFF5 : FF;
BFF6 : FF;
BFF7 : FF;
BFF8 : FF;
BFF9 : FF;
BFFA : FF;
BFFB : FF;
BFFC : FF;
BFFD : FF;
BFFE : FF;
BFFF : FF;
C000 : FF;
C001 : FF;
C002 : FF;
C003 : FF;
C004 : FF;
C005 : FF;
C006 : FF;
C007 : FF;
C008 : FF;
C009 : FF;
C00A : FF;
C00B : FF;
C00C : FF;
C00D : FF;
C00E : FF;
C00F : FF;
C010 : FF;
C011 : FF;
C012 : FF;
C013 : FF;
C014 : FF;
C015 : FF;
C016 : FF;
C017 : FF;
C018 : FF;
C019 : FF;
C01A : FF;
C01B : FF;
C01C : FF;
C01D : FF;
C01E : FF;
C01F : FF;
C020 : FF;
C021 : FF;
C022 : FF;
C023 : FF;
C024 : FF;
C025 : FF;
C026 : FF;
C027 : FF;
C028 : FF;
C029 : FF;
C02A : FF;
C02B : FF;
C02C : FF;
C02D : FF;
C02E : FF;
C02F : FF;
C030 : FF;
C031 : FF;
C032 : FF;
C033 : FF;
C034 : FF;
C035 : FF;
C036 : FF;
C037 : FF;
C038 : FF;
C039 : FF;
C03A : FF;
C03B : FF;
C03C : FF;
C03D : FF;
C03E : FF;
C03F : FF;
C040 : FF;
C041 : FF;
C042 : FF;
C043 : FF;
C044 : FF;
C045 : FF;
C046 : FF;
C047 : FF;
C048 : FF;
C049 : FF;
C04A : FF;
C04B : FF;
C04C : FF;
C04D : FF;
C04E : FF;
C04F : FF;
C050 : FF;
C051 : FF;
C052 : FF;
C053 : FF;
C054 : FF;
C055 : FF;
C056 : FF;
C057 : FF;
C058 : FF;
C059 : FF;
C05A : FF;
C05B : FF;
C05C : FF;
C05D : FF;
C05E : FF;
C05F : FF;
C060 : FF;
C061 : FF;
C062 : FF;
C063 : FF;
C064 : FF;
C065 : FF;
C066 : FF;
C067 : FF;
C068 : FF;
C069 : FF;
C06A : FF;
C06B : FF;
C06C : FF;
C06D : FF;
C06E : FF;
C06F : FF;
C070 : FF;
C071 : FF;
C072 : FF;
C073 : FF;
C074 : FF;
C075 : FF;
C076 : FF;
C077 : FF;
C078 : FF;
C079 : FF;
C07A : FF;
C07B : FF;
C07C : FF;
C07D : FF;
C07E : FF;
C07F : FF;
C080 : FF;
C081 : FF;
C082 : FF;
C083 : FF;
C084 : FF;
C085 : FF;
C086 : FF;
C087 : FF;
C088 : FF;
C089 : FF;
C08A : FF;
C08B : FF;
C08C : FF;
C08D : FF;
C08E : FF;
C08F : FF;
C090 : FF;
C091 : FF;
C092 : FF;
C093 : FF;
C094 : FF;
C095 : FF;
C096 : FF;
C097 : FF;
C098 : FF;
C099 : FF;
C09A : FF;
C09B : FF;
C09C : FF;
C09D : FF;
C09E : FF;
C09F : FF;
C0A0 : FF;
C0A1 : FF;
C0A2 : FF;
C0A3 : FF;
C0A4 : FF;
C0A5 : FF;
C0A6 : FF;
C0A7 : FF;
C0A8 : FF;
C0A9 : FF;
C0AA : FF;
C0AB : FF;
C0AC : FF;
C0AD : FF;
C0AE : FF;
C0AF : FF;
C0B0 : FF;
C0B1 : FF;
C0B2 : FF;
C0B3 : FF;
C0B4 : FF;
C0B5 : FF;
C0B6 : FF;
C0B7 : FF;
C0B8 : FF;
C0B9 : FF;
C0BA : FF;
C0BB : FF;
C0BC : FF;
C0BD : FF;
C0BE : FF;
C0BF : FF;
C0C0 : FF;
C0C1 : FF;
C0C2 : FF;
C0C3 : FF;
C0C4 : FF;
C0C5 : FF;
C0C6 : FF;
C0C7 : FF;
C0C8 : FF;
C0C9 : FF;
C0CA : FF;
C0CB : FF;
C0CC : FF;
C0CD : FF;
C0CE : FF;
C0CF : FF;
C0D0 : FF;
C0D1 : FF;
C0D2 : FF;
C0D3 : FF;
C0D4 : FF;
C0D5 : FF;
C0D6 : FF;
C0D7 : FF;
C0D8 : FF;
C0D9 : FF;
C0DA : FF;
C0DB : FF;
C0DC : FF;
C0DD : FF;
C0DE : FF;
C0DF : FF;
C0E0 : FF;
C0E1 : FF;
C0E2 : FF;
C0E3 : FF;
C0E4 : FF;
C0E5 : FF;
C0E6 : FF;
C0E7 : FF;
C0E8 : FF;
C0E9 : FF;
C0EA : FF;
C0EB : FF;
C0EC : FF;
C0ED : FF;
C0EE : FF;
C0EF : FF;
C0F0 : FF;
C0F1 : FF;
C0F2 : FF;
C0F3 : FF;
C0F4 : FF;
C0F5 : FF;
C0F6 : FF;
C0F7 : FF;
C0F8 : FF;
C0F9 : FF;
C0FA : FF;
C0FB : FF;
C0FC : FF;
C0FD : FF;
C0FE : FF;
C0FF : FF;
C100 : FF;
C101 : FF;
C102 : FF;
C103 : FF;
C104 : FF;
C105 : FF;
C106 : FF;
C107 : FF;
C108 : FF;
C109 : FF;
C10A : FF;
C10B : FF;
C10C : FF;
C10D : FF;
C10E : FF;
C10F : FF;
C110 : FF;
C111 : FF;
C112 : FF;
C113 : FF;
C114 : FF;
C115 : FF;
C116 : FF;
C117 : FF;
C118 : FF;
C119 : FF;
C11A : FF;
C11B : FF;
C11C : FF;
C11D : FF;
C11E : FF;
C11F : FF;
C120 : FF;
C121 : FF;
C122 : FF;
C123 : FF;
C124 : FF;
C125 : FF;
C126 : FF;
C127 : FF;
C128 : FF;
C129 : FF;
C12A : FF;
C12B : FF;
C12C : FF;
C12D : FF;
C12E : FF;
C12F : FF;
C130 : FF;
C131 : FF;
C132 : FF;
C133 : FF;
C134 : FF;
C135 : FF;
C136 : FF;
C137 : FF;
C138 : FF;
C139 : FF;
C13A : FF;
C13B : FF;
C13C : FF;
C13D : FF;
C13E : FF;
C13F : FF;
C140 : FF;
C141 : FF;
C142 : FF;
C143 : FF;
C144 : FF;
C145 : FF;
C146 : FF;
C147 : FF;
C148 : FF;
C149 : FF;
C14A : FF;
C14B : FF;
C14C : FF;
C14D : FF;
C14E : FF;
C14F : FF;
C150 : FF;
C151 : FF;
C152 : FF;
C153 : FF;
C154 : FF;
C155 : FF;
C156 : FF;
C157 : FF;
C158 : FF;
C159 : FF;
C15A : FF;
C15B : FF;
C15C : FF;
C15D : FF;
C15E : FF;
C15F : FF;
C160 : FF;
C161 : FF;
C162 : FF;
C163 : FF;
C164 : FF;
C165 : FF;
C166 : FF;
C167 : FF;
C168 : FF;
C169 : FF;
C16A : FF;
C16B : FF;
C16C : FF;
C16D : FF;
C16E : FF;
C16F : FF;
C170 : FF;
C171 : FF;
C172 : FF;
C173 : FF;
C174 : FF;
C175 : FF;
C176 : FF;
C177 : FF;
C178 : FF;
C179 : FF;
C17A : FF;
C17B : FF;
C17C : FF;
C17D : FF;
C17E : FF;
C17F : FF;
C180 : FF;
C181 : FF;
C182 : FF;
C183 : FF;
C184 : FF;
C185 : FF;
C186 : FF;
C187 : FF;
C188 : FF;
C189 : FF;
C18A : FF;
C18B : FF;
C18C : FF;
C18D : FF;
C18E : FF;
C18F : FF;
C190 : FF;
C191 : FF;
C192 : FF;
C193 : FF;
C194 : FF;
C195 : FF;
C196 : FF;
C197 : FF;
C198 : FF;
C199 : FF;
C19A : FF;
C19B : FF;
C19C : FF;
C19D : FF;
C19E : FF;
C19F : FF;
C1A0 : FF;
C1A1 : FF;
C1A2 : FF;
C1A3 : FF;
C1A4 : FF;
C1A5 : FF;
C1A6 : FF;
C1A7 : FF;
C1A8 : FF;
C1A9 : FF;
C1AA : FF;
C1AB : FF;
C1AC : FF;
C1AD : FF;
C1AE : FF;
C1AF : FF;
C1B0 : FF;
C1B1 : FF;
C1B2 : FF;
C1B3 : FF;
C1B4 : FF;
C1B5 : FF;
C1B6 : FF;
C1B7 : FF;
C1B8 : FF;
C1B9 : FF;
C1BA : FF;
C1BB : FF;
C1BC : FF;
C1BD : FF;
C1BE : FF;
C1BF : FF;
C1C0 : FF;
C1C1 : FF;
C1C2 : FF;
C1C3 : FF;
C1C4 : FF;
C1C5 : FF;
C1C6 : FF;
C1C7 : FF;
C1C8 : FF;
C1C9 : FF;
C1CA : FF;
C1CB : FF;
C1CC : FF;
C1CD : FF;
C1CE : FF;
C1CF : FF;
C1D0 : FF;
C1D1 : FF;
C1D2 : FF;
C1D3 : FF;
C1D4 : FF;
C1D5 : FF;
C1D6 : FF;
C1D7 : FF;
C1D8 : FF;
C1D9 : FF;
C1DA : FF;
C1DB : FF;
C1DC : FF;
C1DD : FF;
C1DE : FF;
C1DF : FF;
C1E0 : FF;
C1E1 : FF;
C1E2 : FF;
C1E3 : FF;
C1E4 : FF;
C1E5 : FF;
C1E6 : FF;
C1E7 : FF;
C1E8 : FF;
C1E9 : FF;
C1EA : FF;
C1EB : FF;
C1EC : FF;
C1ED : FF;
C1EE : FF;
C1EF : FF;
C1F0 : FF;
C1F1 : FF;
C1F2 : FF;
C1F3 : FF;
C1F4 : FF;
C1F5 : FF;
C1F6 : FF;
C1F7 : FF;
C1F8 : FF;
C1F9 : FF;
C1FA : FF;
C1FB : FF;
C1FC : FF;
C1FD : FF;
C1FE : FF;
C1FF : FF;
C200 : FF;
C201 : FF;
C202 : FF;
C203 : FF;
C204 : FF;
C205 : FF;
C206 : FF;
C207 : FF;
C208 : FF;
C209 : FF;
C20A : FF;
C20B : FF;
C20C : FF;
C20D : FF;
C20E : FF;
C20F : FF;
C210 : FF;
C211 : FF;
C212 : FF;
C213 : FF;
C214 : FF;
C215 : FF;
C216 : FF;
C217 : FF;
C218 : FF;
C219 : FF;
C21A : FF;
C21B : FF;
C21C : FF;
C21D : FF;
C21E : FF;
C21F : FF;
C220 : FF;
C221 : FF;
C222 : FF;
C223 : FF;
C224 : FF;
C225 : FF;
C226 : FF;
C227 : FF;
C228 : FF;
C229 : FF;
C22A : FF;
C22B : FF;
C22C : FF;
C22D : FF;
C22E : FF;
C22F : FF;
C230 : FF;
C231 : FF;
C232 : FF;
C233 : FF;
C234 : FF;
C235 : FF;
C236 : FF;
C237 : FF;
C238 : FF;
C239 : FF;
C23A : FF;
C23B : FF;
C23C : FF;
C23D : FF;
C23E : FF;
C23F : FF;
C240 : FF;
C241 : FF;
C242 : FF;
C243 : FF;
C244 : FF;
C245 : FF;
C246 : FF;
C247 : FF;
C248 : FF;
C249 : FF;
C24A : FF;
C24B : FF;
C24C : FF;
C24D : FF;
C24E : FF;
C24F : FF;
C250 : FF;
C251 : FF;
C252 : FF;
C253 : FF;
C254 : FF;
C255 : FF;
C256 : FF;
C257 : FF;
C258 : FF;
C259 : FF;
C25A : FF;
C25B : FF;
C25C : FF;
C25D : FF;
C25E : FF;
C25F : FF;
C260 : FF;
C261 : FF;
C262 : FF;
C263 : FF;
C264 : FF;
C265 : FF;
C266 : FF;
C267 : FF;
C268 : FF;
C269 : FF;
C26A : FF;
C26B : FF;
C26C : FF;
C26D : FF;
C26E : FF;
C26F : FF;
C270 : FF;
C271 : FF;
C272 : FF;
C273 : FF;
C274 : FF;
C275 : FF;
C276 : FF;
C277 : FF;
C278 : FF;
C279 : FF;
C27A : FF;
C27B : FF;
C27C : FF;
C27D : FF;
C27E : FF;
C27F : FF;
C280 : FF;
C281 : FF;
C282 : FF;
C283 : FF;
C284 : FF;
C285 : FF;
C286 : FF;
C287 : FF;
C288 : FF;
C289 : FF;
C28A : FF;
C28B : FF;
C28C : FF;
C28D : FF;
C28E : FF;
C28F : FF;
C290 : FF;
C291 : FF;
C292 : FF;
C293 : FF;
C294 : FF;
C295 : FF;
C296 : FF;
C297 : FF;
C298 : FF;
C299 : FF;
C29A : FF;
C29B : FF;
C29C : FF;
C29D : FF;
C29E : FF;
C29F : FF;
C2A0 : FF;
C2A1 : FF;
C2A2 : FF;
C2A3 : FF;
C2A4 : FF;
C2A5 : FF;
C2A6 : FF;
C2A7 : FF;
C2A8 : FF;
C2A9 : FF;
C2AA : FF;
C2AB : FF;
C2AC : FF;
C2AD : FF;
C2AE : FF;
C2AF : FF;
C2B0 : FF;
C2B1 : FF;
C2B2 : FF;
C2B3 : FF;
C2B4 : FF;
C2B5 : FF;
C2B6 : FF;
C2B7 : FF;
C2B8 : FF;
C2B9 : FF;
C2BA : FF;
C2BB : FF;
C2BC : FF;
C2BD : FF;
C2BE : FF;
C2BF : FF;
C2C0 : FF;
C2C1 : FF;
C2C2 : FF;
C2C3 : FF;
C2C4 : FF;
C2C5 : FF;
C2C6 : FF;
C2C7 : FF;
C2C8 : FF;
C2C9 : FF;
C2CA : FF;
C2CB : FF;
C2CC : FF;
C2CD : FF;
C2CE : FF;
C2CF : FF;
C2D0 : FF;
C2D1 : FF;
C2D2 : FF;
C2D3 : FF;
C2D4 : FF;
C2D5 : FF;
C2D6 : FF;
C2D7 : FF;
C2D8 : FF;
C2D9 : FF;
C2DA : FF;
C2DB : FF;
C2DC : FF;
C2DD : FF;
C2DE : FF;
C2DF : FF;
C2E0 : FF;
C2E1 : FF;
C2E2 : FF;
C2E3 : FF;
C2E4 : FF;
C2E5 : FF;
C2E6 : FF;
C2E7 : FF;
C2E8 : FF;
C2E9 : FF;
C2EA : FF;
C2EB : FF;
C2EC : FF;
C2ED : FF;
C2EE : FF;
C2EF : FF;
C2F0 : FF;
C2F1 : FF;
C2F2 : FF;
C2F3 : FF;
C2F4 : FF;
C2F5 : FF;
C2F6 : FF;
C2F7 : FF;
C2F8 : FF;
C2F9 : FF;
C2FA : FF;
C2FB : FF;
C2FC : FF;
C2FD : FF;
C2FE : FF;
C2FF : FF;
C300 : FF;
C301 : FF;
C302 : FF;
C303 : FF;
C304 : FF;
C305 : FF;
C306 : FF;
C307 : FF;
C308 : FF;
C309 : FF;
C30A : FF;
C30B : FF;
C30C : FF;
C30D : FF;
C30E : FF;
C30F : FF;
C310 : FF;
C311 : FF;
C312 : FF;
C313 : FF;
C314 : FF;
C315 : FF;
C316 : FF;
C317 : FF;
C318 : FF;
C319 : FF;
C31A : FF;
C31B : FF;
C31C : FF;
C31D : FF;
C31E : FF;
C31F : FF;
C320 : FF;
C321 : FF;
C322 : FF;
C323 : FF;
C324 : FF;
C325 : FF;
C326 : FF;
C327 : FF;
C328 : FF;
C329 : FF;
C32A : FF;
C32B : FF;
C32C : FF;
C32D : FF;
C32E : FF;
C32F : FF;
C330 : FF;
C331 : FF;
C332 : FF;
C333 : FF;
C334 : FF;
C335 : FF;
C336 : FF;
C337 : FF;
C338 : FF;
C339 : FF;
C33A : FF;
C33B : FF;
C33C : FF;
C33D : FF;
C33E : FF;
C33F : FF;
C340 : FF;
C341 : FF;
C342 : FF;
C343 : FF;
C344 : FF;
C345 : FF;
C346 : FF;
C347 : FF;
C348 : FF;
C349 : FF;
C34A : FF;
C34B : FF;
C34C : FF;
C34D : FF;
C34E : FF;
C34F : FF;
C350 : FF;
C351 : FF;
C352 : FF;
C353 : FF;
C354 : FF;
C355 : FF;
C356 : FF;
C357 : FF;
C358 : FF;
C359 : FF;
C35A : FF;
C35B : FF;
C35C : FF;
C35D : FF;
C35E : FF;
C35F : FF;
C360 : FF;
C361 : FF;
C362 : FF;
C363 : FF;
C364 : FF;
C365 : FF;
C366 : FF;
C367 : FF;
C368 : FF;
C369 : FF;
C36A : FF;
C36B : FF;
C36C : FF;
C36D : FF;
C36E : FF;
C36F : FF;
C370 : FF;
C371 : FF;
C372 : FF;
C373 : FF;
C374 : FF;
C375 : FF;
C376 : FF;
C377 : FF;
C378 : FF;
C379 : FF;
C37A : FF;
C37B : FF;
C37C : FF;
C37D : FF;
C37E : FF;
C37F : FF;
C380 : FF;
C381 : FF;
C382 : FF;
C383 : FF;
C384 : FF;
C385 : FF;
C386 : FF;
C387 : FF;
C388 : FF;
C389 : FF;
C38A : FF;
C38B : FF;
C38C : FF;
C38D : FF;
C38E : FF;
C38F : FF;
C390 : FF;
C391 : FF;
C392 : FF;
C393 : FF;
C394 : FF;
C395 : FF;
C396 : FF;
C397 : FF;
C398 : FF;
C399 : FF;
C39A : FF;
C39B : FF;
C39C : FF;
C39D : FF;
C39E : FF;
C39F : FF;
C3A0 : FF;
C3A1 : FF;
C3A2 : FF;
C3A3 : FF;
C3A4 : FF;
C3A5 : FF;
C3A6 : FF;
C3A7 : FF;
C3A8 : FF;
C3A9 : FF;
C3AA : FF;
C3AB : FF;
C3AC : FF;
C3AD : FF;
C3AE : FF;
C3AF : FF;
C3B0 : FF;
C3B1 : FF;
C3B2 : FF;
C3B3 : FF;
C3B4 : FF;
C3B5 : FF;
C3B6 : FF;
C3B7 : FF;
C3B8 : FF;
C3B9 : FF;
C3BA : FF;
C3BB : FF;
C3BC : FF;
C3BD : FF;
C3BE : FF;
C3BF : FF;
C3C0 : FF;
C3C1 : FF;
C3C2 : FF;
C3C3 : FF;
C3C4 : FF;
C3C5 : FF;
C3C6 : FF;
C3C7 : FF;
C3C8 : FF;
C3C9 : FF;
C3CA : FF;
C3CB : FF;
C3CC : FF;
C3CD : FF;
C3CE : FF;
C3CF : FF;
C3D0 : FF;
C3D1 : FF;
C3D2 : FF;
C3D3 : FF;
C3D4 : FF;
C3D5 : FF;
C3D6 : FF;
C3D7 : FF;
C3D8 : FF;
C3D9 : FF;
C3DA : FF;
C3DB : FF;
C3DC : FF;
C3DD : FF;
C3DE : FF;
C3DF : FF;
C3E0 : FF;
C3E1 : FF;
C3E2 : FF;
C3E3 : FF;
C3E4 : FF;
C3E5 : FF;
C3E6 : FF;
C3E7 : FF;
C3E8 : FF;
C3E9 : FF;
C3EA : FF;
C3EB : FF;
C3EC : FF;
C3ED : FF;
C3EE : FF;
C3EF : FF;
C3F0 : FF;
C3F1 : FF;
C3F2 : FF;
C3F3 : FF;
C3F4 : FF;
C3F5 : FF;
C3F6 : FF;
C3F7 : FF;
C3F8 : FF;
C3F9 : FF;
C3FA : FF;
C3FB : FF;
C3FC : FF;
C3FD : FF;
C3FE : FF;
C3FF : FF;
C400 : FF;
C401 : FF;
C402 : FF;
C403 : FF;
C404 : FF;
C405 : FF;
C406 : FF;
C407 : FF;
C408 : FF;
C409 : FF;
C40A : FF;
C40B : FF;
C40C : FF;
C40D : FF;
C40E : FF;
C40F : FF;
C410 : FF;
C411 : FF;
C412 : FF;
C413 : FF;
C414 : FF;
C415 : FF;
C416 : FF;
C417 : FF;
C418 : FF;
C419 : FF;
C41A : FF;
C41B : FF;
C41C : FF;
C41D : FF;
C41E : FF;
C41F : FF;
C420 : FF;
C421 : FF;
C422 : FF;
C423 : FF;
C424 : FF;
C425 : FF;
C426 : FF;
C427 : FF;
C428 : FF;
C429 : FF;
C42A : FF;
C42B : FF;
C42C : FF;
C42D : FF;
C42E : FF;
C42F : FF;
C430 : FF;
C431 : FF;
C432 : FF;
C433 : FF;
C434 : FF;
C435 : FF;
C436 : FF;
C437 : FF;
C438 : FF;
C439 : FF;
C43A : FF;
C43B : FF;
C43C : FF;
C43D : FF;
C43E : FF;
C43F : FF;
C440 : FF;
C441 : FF;
C442 : FF;
C443 : FF;
C444 : FF;
C445 : FF;
C446 : FF;
C447 : FF;
C448 : FF;
C449 : FF;
C44A : FF;
C44B : FF;
C44C : FF;
C44D : FF;
C44E : FF;
C44F : FF;
C450 : FF;
C451 : FF;
C452 : FF;
C453 : FF;
C454 : FF;
C455 : FF;
C456 : FF;
C457 : FF;
C458 : FF;
C459 : FF;
C45A : FF;
C45B : FF;
C45C : FF;
C45D : FF;
C45E : FF;
C45F : FF;
C460 : FF;
C461 : FF;
C462 : FF;
C463 : FF;
C464 : FF;
C465 : FF;
C466 : FF;
C467 : FF;
C468 : FF;
C469 : FF;
C46A : FF;
C46B : FF;
C46C : FF;
C46D : FF;
C46E : FF;
C46F : FF;
C470 : FF;
C471 : FF;
C472 : FF;
C473 : FF;
C474 : FF;
C475 : FF;
C476 : FF;
C477 : FF;
C478 : FF;
C479 : FF;
C47A : FF;
C47B : FF;
C47C : FF;
C47D : FF;
C47E : FF;
C47F : FF;
C480 : FF;
C481 : FF;
C482 : FF;
C483 : FF;
C484 : FF;
C485 : FF;
C486 : FF;
C487 : FF;
C488 : FF;
C489 : FF;
C48A : FF;
C48B : FF;
C48C : FF;
C48D : FF;
C48E : FF;
C48F : FF;
C490 : FF;
C491 : FF;
C492 : FF;
C493 : FF;
C494 : FF;
C495 : FF;
C496 : FF;
C497 : FF;
C498 : FF;
C499 : FF;
C49A : FF;
C49B : FF;
C49C : FF;
C49D : FF;
C49E : FF;
C49F : FF;
C4A0 : FF;
C4A1 : FF;
C4A2 : FF;
C4A3 : FF;
C4A4 : FF;
C4A5 : FF;
C4A6 : FF;
C4A7 : FF;
C4A8 : FF;
C4A9 : FF;
C4AA : FF;
C4AB : FF;
C4AC : FF;
C4AD : FF;
C4AE : FF;
C4AF : FF;
C4B0 : FF;
C4B1 : FF;
C4B2 : FF;
C4B3 : FF;
C4B4 : FF;
C4B5 : FF;
C4B6 : FF;
C4B7 : FF;
C4B8 : FF;
C4B9 : FF;
C4BA : FF;
C4BB : FF;
C4BC : FF;
C4BD : FF;
C4BE : FF;
C4BF : FF;
C4C0 : FF;
C4C1 : FF;
C4C2 : FF;
C4C3 : FF;
C4C4 : FF;
C4C5 : FF;
C4C6 : FF;
C4C7 : FF;
C4C8 : FF;
C4C9 : FF;
C4CA : FF;
C4CB : FF;
C4CC : FF;
C4CD : FF;
C4CE : FF;
C4CF : FF;
C4D0 : FF;
C4D1 : FF;
C4D2 : FF;
C4D3 : FF;
C4D4 : FF;
C4D5 : FF;
C4D6 : FF;
C4D7 : FF;
C4D8 : FF;
C4D9 : FF;
C4DA : FF;
C4DB : FF;
C4DC : FF;
C4DD : FF;
C4DE : FF;
C4DF : FF;
C4E0 : FF;
C4E1 : FF;
C4E2 : FF;
C4E3 : FF;
C4E4 : FF;
C4E5 : FF;
C4E6 : FF;
C4E7 : FF;
C4E8 : FF;
C4E9 : FF;
C4EA : FF;
C4EB : FF;
C4EC : FF;
C4ED : FF;
C4EE : FF;
C4EF : FF;
C4F0 : FF;
C4F1 : FF;
C4F2 : FF;
C4F3 : FF;
C4F4 : FF;
C4F5 : FF;
C4F6 : FF;
C4F7 : FF;
C4F8 : FF;
C4F9 : FF;
C4FA : FF;
C4FB : FF;
C4FC : FF;
C4FD : FF;
C4FE : FF;
C4FF : FF;
C500 : FF;
C501 : FF;
C502 : FF;
C503 : FF;
C504 : FF;
C505 : FF;
C506 : FF;
C507 : FF;
C508 : FF;
C509 : FF;
C50A : FF;
C50B : FF;
C50C : FF;
C50D : FF;
C50E : FF;
C50F : FF;
C510 : FF;
C511 : FF;
C512 : FF;
C513 : FF;
C514 : FF;
C515 : FF;
C516 : FF;
C517 : FF;
C518 : FF;
C519 : FF;
C51A : FF;
C51B : FF;
C51C : FF;
C51D : FF;
C51E : FF;
C51F : FF;
C520 : FF;
C521 : FF;
C522 : FF;
C523 : FF;
C524 : FF;
C525 : FF;
C526 : FF;
C527 : FF;
C528 : FF;
C529 : FF;
C52A : FF;
C52B : FF;
C52C : FF;
C52D : FF;
C52E : FF;
C52F : FF;
C530 : FF;
C531 : FF;
C532 : FF;
C533 : FF;
C534 : FF;
C535 : FF;
C536 : FF;
C537 : FF;
C538 : FF;
C539 : FF;
C53A : FF;
C53B : FF;
C53C : FF;
C53D : FF;
C53E : FF;
C53F : FF;
C540 : FF;
C541 : FF;
C542 : FF;
C543 : FF;
C544 : FF;
C545 : FF;
C546 : FF;
C547 : FF;
C548 : FF;
C549 : FF;
C54A : FF;
C54B : FF;
C54C : FF;
C54D : FF;
C54E : FF;
C54F : FF;
C550 : FF;
C551 : FF;
C552 : FF;
C553 : FF;
C554 : FF;
C555 : FF;
C556 : FF;
C557 : FF;
C558 : FF;
C559 : FF;
C55A : FF;
C55B : FF;
C55C : FF;
C55D : FF;
C55E : FF;
C55F : FF;
C560 : FF;
C561 : FF;
C562 : FF;
C563 : FF;
C564 : FF;
C565 : FF;
C566 : FF;
C567 : FF;
C568 : FF;
C569 : FF;
C56A : FF;
C56B : FF;
C56C : FF;
C56D : FF;
C56E : FF;
C56F : FF;
C570 : FF;
C571 : FF;
C572 : FF;
C573 : FF;
C574 : FF;
C575 : FF;
C576 : FF;
C577 : FF;
C578 : FF;
C579 : FF;
C57A : FF;
C57B : FF;
C57C : FF;
C57D : FF;
C57E : FF;
C57F : FF;
C580 : FF;
C581 : FF;
C582 : FF;
C583 : FF;
C584 : FF;
C585 : FF;
C586 : FF;
C587 : FF;
C588 : FF;
C589 : FF;
C58A : FF;
C58B : FF;
C58C : FF;
C58D : FF;
C58E : FF;
C58F : FF;
C590 : FF;
C591 : FF;
C592 : FF;
C593 : FF;
C594 : FF;
C595 : FF;
C596 : FF;
C597 : FF;
C598 : FF;
C599 : FF;
C59A : FF;
C59B : FF;
C59C : FF;
C59D : FF;
C59E : FF;
C59F : FF;
C5A0 : FF;
C5A1 : FF;
C5A2 : FF;
C5A3 : FF;
C5A4 : FF;
C5A5 : FF;
C5A6 : FF;
C5A7 : FF;
C5A8 : FF;
C5A9 : FF;
C5AA : FF;
C5AB : FF;
C5AC : FF;
C5AD : FF;
C5AE : FF;
C5AF : FF;
C5B0 : FF;
C5B1 : FF;
C5B2 : FF;
C5B3 : FF;
C5B4 : FF;
C5B5 : FF;
C5B6 : FF;
C5B7 : FF;
C5B8 : FF;
C5B9 : FF;
C5BA : FF;
C5BB : FF;
C5BC : FF;
C5BD : FF;
C5BE : FF;
C5BF : FF;
C5C0 : FF;
C5C1 : FF;
C5C2 : FF;
C5C3 : FF;
C5C4 : FF;
C5C5 : FF;
C5C6 : FF;
C5C7 : FF;
C5C8 : FF;
C5C9 : FF;
C5CA : FF;
C5CB : FF;
C5CC : FF;
C5CD : FF;
C5CE : FF;
C5CF : FF;
C5D0 : FF;
C5D1 : FF;
C5D2 : FF;
C5D3 : FF;
C5D4 : FF;
C5D5 : FF;
C5D6 : FF;
C5D7 : FF;
C5D8 : FF;
C5D9 : FF;
C5DA : FF;
C5DB : FF;
C5DC : FF;
C5DD : FF;
C5DE : FF;
C5DF : FF;
C5E0 : FF;
C5E1 : FF;
C5E2 : FF;
C5E3 : FF;
C5E4 : FF;
C5E5 : FF;
C5E6 : FF;
C5E7 : FF;
C5E8 : FF;
C5E9 : FF;
C5EA : FF;
C5EB : FF;
C5EC : FF;
C5ED : FF;
C5EE : FF;
C5EF : FF;
C5F0 : FF;
C5F1 : FF;
C5F2 : FF;
C5F3 : FF;
C5F4 : FF;
C5F5 : FF;
C5F6 : FF;
C5F7 : FF;
C5F8 : FF;
C5F9 : FF;
C5FA : FF;
C5FB : FF;
C5FC : FF;
C5FD : FF;
C5FE : FF;
C5FF : FF;
C600 : FF;
C601 : FF;
C602 : FF;
C603 : FF;
C604 : FF;
C605 : FF;
C606 : FF;
C607 : FF;
C608 : FF;
C609 : FF;
C60A : FF;
C60B : FF;
C60C : FF;
C60D : FF;
C60E : FF;
C60F : FF;
C610 : FF;
C611 : FF;
C612 : FF;
C613 : FF;
C614 : FF;
C615 : FF;
C616 : FF;
C617 : FF;
C618 : FF;
C619 : FF;
C61A : FF;
C61B : FF;
C61C : FF;
C61D : FF;
C61E : FF;
C61F : FF;
C620 : FF;
C621 : FF;
C622 : FF;
C623 : FF;
C624 : FF;
C625 : FF;
C626 : FF;
C627 : FF;
C628 : FF;
C629 : FF;
C62A : FF;
C62B : FF;
C62C : FF;
C62D : FF;
C62E : FF;
C62F : FF;
C630 : FF;
C631 : FF;
C632 : FF;
C633 : FF;
C634 : FF;
C635 : FF;
C636 : FF;
C637 : FF;
C638 : FF;
C639 : FF;
C63A : FF;
C63B : FF;
C63C : FF;
C63D : FF;
C63E : FF;
C63F : FF;
C640 : FF;
C641 : FF;
C642 : FF;
C643 : FF;
C644 : FF;
C645 : FF;
C646 : FF;
C647 : FF;
C648 : FF;
C649 : FF;
C64A : FF;
C64B : FF;
C64C : FF;
C64D : FF;
C64E : FF;
C64F : FF;
C650 : FF;
C651 : FF;
C652 : FF;
C653 : FF;
C654 : FF;
C655 : FF;
C656 : FF;
C657 : FF;
C658 : FF;
C659 : FF;
C65A : FF;
C65B : FF;
C65C : FF;
C65D : FF;
C65E : FF;
C65F : FF;
C660 : FF;
C661 : FF;
C662 : FF;
C663 : FF;
C664 : FF;
C665 : FF;
C666 : FF;
C667 : FF;
C668 : FF;
C669 : FF;
C66A : FF;
C66B : FF;
C66C : FF;
C66D : FF;
C66E : FF;
C66F : FF;
C670 : FF;
C671 : FF;
C672 : FF;
C673 : FF;
C674 : FF;
C675 : FF;
C676 : FF;
C677 : FF;
C678 : FF;
C679 : FF;
C67A : FF;
C67B : FF;
C67C : FF;
C67D : FF;
C67E : FF;
C67F : FF;
C680 : FF;
C681 : FF;
C682 : FF;
C683 : FF;
C684 : FF;
C685 : FF;
C686 : FF;
C687 : FF;
C688 : FF;
C689 : FF;
C68A : FF;
C68B : FF;
C68C : FF;
C68D : FF;
C68E : FF;
C68F : FF;
C690 : FF;
C691 : FF;
C692 : FF;
C693 : FF;
C694 : FF;
C695 : FF;
C696 : FF;
C697 : FF;
C698 : FF;
C699 : FF;
C69A : FF;
C69B : FF;
C69C : FF;
C69D : FF;
C69E : FF;
C69F : FF;
C6A0 : FF;
C6A1 : FF;
C6A2 : FF;
C6A3 : FF;
C6A4 : FF;
C6A5 : FF;
C6A6 : FF;
C6A7 : FF;
C6A8 : FF;
C6A9 : FF;
C6AA : FF;
C6AB : FF;
C6AC : FF;
C6AD : FF;
C6AE : FF;
C6AF : FF;
C6B0 : FF;
C6B1 : FF;
C6B2 : FF;
C6B3 : FF;
C6B4 : FF;
C6B5 : FF;
C6B6 : FF;
C6B7 : FF;
C6B8 : FF;
C6B9 : FF;
C6BA : FF;
C6BB : FF;
C6BC : FF;
C6BD : FF;
C6BE : FF;
C6BF : FF;
C6C0 : FF;
C6C1 : FF;
C6C2 : FF;
C6C3 : FF;
C6C4 : FF;
C6C5 : FF;
C6C6 : FF;
C6C7 : FF;
C6C8 : FF;
C6C9 : FF;
C6CA : FF;
C6CB : FF;
C6CC : FF;
C6CD : FF;
C6CE : FF;
C6CF : FF;
C6D0 : FF;
C6D1 : FF;
C6D2 : FF;
C6D3 : FF;
C6D4 : FF;
C6D5 : FF;
C6D6 : FF;
C6D7 : FF;
C6D8 : FF;
C6D9 : FF;
C6DA : FF;
C6DB : FF;
C6DC : FF;
C6DD : FF;
C6DE : FF;
C6DF : FF;
C6E0 : FF;
C6E1 : FF;
C6E2 : FF;
C6E3 : FF;
C6E4 : FF;
C6E5 : FF;
C6E6 : FF;
C6E7 : FF;
C6E8 : FF;
C6E9 : FF;
C6EA : FF;
C6EB : FF;
C6EC : FF;
C6ED : FF;
C6EE : FF;
C6EF : FF;
C6F0 : FF;
C6F1 : FF;
C6F2 : FF;
C6F3 : FF;
C6F4 : FF;
C6F5 : FF;
C6F6 : FF;
C6F7 : FF;
C6F8 : FF;
C6F9 : FF;
C6FA : FF;
C6FB : FF;
C6FC : FF;
C6FD : FF;
C6FE : FF;
C6FF : FF;
C700 : FF;
C701 : FF;
C702 : FF;
C703 : FF;
C704 : FF;
C705 : FF;
C706 : FF;
C707 : FF;
C708 : FF;
C709 : FF;
C70A : FF;
C70B : FF;
C70C : FF;
C70D : FF;
C70E : FF;
C70F : FF;
C710 : FF;
C711 : FF;
C712 : FF;
C713 : FF;
C714 : FF;
C715 : FF;
C716 : FF;
C717 : FF;
C718 : FF;
C719 : FF;
C71A : FF;
C71B : FF;
C71C : FF;
C71D : FF;
C71E : FF;
C71F : FF;
C720 : FF;
C721 : FF;
C722 : FF;
C723 : FF;
C724 : FF;
C725 : FF;
C726 : FF;
C727 : FF;
C728 : FF;
C729 : FF;
C72A : FF;
C72B : FF;
C72C : FF;
C72D : FF;
C72E : FF;
C72F : FF;
C730 : FF;
C731 : FF;
C732 : FF;
C733 : FF;
C734 : FF;
C735 : FF;
C736 : FF;
C737 : FF;
C738 : FF;
C739 : FF;
C73A : FF;
C73B : FF;
C73C : FF;
C73D : FF;
C73E : FF;
C73F : FF;
C740 : FF;
C741 : FF;
C742 : FF;
C743 : FF;
C744 : FF;
C745 : FF;
C746 : FF;
C747 : FF;
C748 : FF;
C749 : FF;
C74A : FF;
C74B : FF;
C74C : FF;
C74D : FF;
C74E : FF;
C74F : FF;
C750 : FF;
C751 : FF;
C752 : FF;
C753 : FF;
C754 : FF;
C755 : FF;
C756 : FF;
C757 : FF;
C758 : FF;
C759 : FF;
C75A : FF;
C75B : FF;
C75C : FF;
C75D : FF;
C75E : FF;
C75F : FF;
C760 : FF;
C761 : FF;
C762 : FF;
C763 : FF;
C764 : FF;
C765 : FF;
C766 : FF;
C767 : FF;
C768 : FF;
C769 : FF;
C76A : FF;
C76B : FF;
C76C : FF;
C76D : FF;
C76E : FF;
C76F : FF;
C770 : FF;
C771 : FF;
C772 : FF;
C773 : FF;
C774 : FF;
C775 : FF;
C776 : FF;
C777 : FF;
C778 : FF;
C779 : FF;
C77A : FF;
C77B : FF;
C77C : FF;
C77D : FF;
C77E : FF;
C77F : FF;
C780 : FF;
C781 : FF;
C782 : FF;
C783 : FF;
C784 : FF;
C785 : FF;
C786 : FF;
C787 : FF;
C788 : FF;
C789 : FF;
C78A : FF;
C78B : FF;
C78C : FF;
C78D : FF;
C78E : FF;
C78F : FF;
C790 : FF;
C791 : FF;
C792 : FF;
C793 : FF;
C794 : FF;
C795 : FF;
C796 : FF;
C797 : FF;
C798 : FF;
C799 : FF;
C79A : FF;
C79B : FF;
C79C : FF;
C79D : FF;
C79E : FF;
C79F : FF;
C7A0 : FF;
C7A1 : FF;
C7A2 : FF;
C7A3 : FF;
C7A4 : FF;
C7A5 : FF;
C7A6 : FF;
C7A7 : FF;
C7A8 : FF;
C7A9 : FF;
C7AA : FF;
C7AB : FF;
C7AC : FF;
C7AD : FF;
C7AE : FF;
C7AF : FF;
C7B0 : FF;
C7B1 : FF;
C7B2 : FF;
C7B3 : FF;
C7B4 : FF;
C7B5 : FF;
C7B6 : FF;
C7B7 : FF;
C7B8 : FF;
C7B9 : FF;
C7BA : FF;
C7BB : FF;
C7BC : FF;
C7BD : FF;
C7BE : FF;
C7BF : FF;
C7C0 : FF;
C7C1 : FF;
C7C2 : FF;
C7C3 : FF;
C7C4 : FF;
C7C5 : FF;
C7C6 : FF;
C7C7 : FF;
C7C8 : FF;
C7C9 : FF;
C7CA : FF;
C7CB : FF;
C7CC : FF;
C7CD : FF;
C7CE : FF;
C7CF : FF;
C7D0 : FF;
C7D1 : FF;
C7D2 : FF;
C7D3 : FF;
C7D4 : FF;
C7D5 : FF;
C7D6 : FF;
C7D7 : FF;
C7D8 : FF;
C7D9 : FF;
C7DA : FF;
C7DB : FF;
C7DC : FF;
C7DD : FF;
C7DE : FF;
C7DF : FF;
C7E0 : FF;
C7E1 : FF;
C7E2 : FF;
C7E3 : FF;
C7E4 : FF;
C7E5 : FF;
C7E6 : FF;
C7E7 : FF;
C7E8 : FF;
C7E9 : FF;
C7EA : FF;
C7EB : FF;
C7EC : FF;
C7ED : FF;
C7EE : FF;
C7EF : FF;
C7F0 : FF;
C7F1 : FF;
C7F2 : FF;
C7F3 : FF;
C7F4 : FF;
C7F5 : FF;
C7F6 : FF;
C7F7 : FF;
C7F8 : FF;
C7F9 : FF;
C7FA : FF;
C7FB : FF;
C7FC : FF;
C7FD : FF;
C7FE : FF;
C7FF : FF;
C800 : FF;
C801 : FF;
C802 : FF;
C803 : FF;
C804 : FF;
C805 : FF;
C806 : FF;
C807 : FF;
C808 : FF;
C809 : FF;
C80A : FF;
C80B : FF;
C80C : FF;
C80D : FF;
C80E : FF;
C80F : FF;
C810 : FF;
C811 : FF;
C812 : FF;
C813 : FF;
C814 : FF;
C815 : FF;
C816 : FF;
C817 : FF;
C818 : FF;
C819 : FF;
C81A : FF;
C81B : FF;
C81C : FF;
C81D : FF;
C81E : FF;
C81F : FF;
C820 : FF;
C821 : FF;
C822 : FF;
C823 : FF;
C824 : FF;
C825 : FF;
C826 : FF;
C827 : FF;
C828 : FF;
C829 : FF;
C82A : FF;
C82B : FF;
C82C : FF;
C82D : FF;
C82E : FF;
C82F : FF;
C830 : FF;
C831 : FF;
C832 : FF;
C833 : FF;
C834 : FF;
C835 : FF;
C836 : FF;
C837 : FF;
C838 : FF;
C839 : FF;
C83A : FF;
C83B : FF;
C83C : FF;
C83D : FF;
C83E : FF;
C83F : FF;
C840 : FF;
C841 : FF;
C842 : FF;
C843 : FF;
C844 : FF;
C845 : FF;
C846 : FF;
C847 : FF;
C848 : FF;
C849 : FF;
C84A : FF;
C84B : FF;
C84C : FF;
C84D : FF;
C84E : FF;
C84F : FF;
C850 : FF;
C851 : FF;
C852 : FF;
C853 : FF;
C854 : FF;
C855 : FF;
C856 : FF;
C857 : FF;
C858 : FF;
C859 : FF;
C85A : FF;
C85B : FF;
C85C : FF;
C85D : FF;
C85E : FF;
C85F : FF;
C860 : FF;
C861 : FF;
C862 : FF;
C863 : FF;
C864 : FF;
C865 : FF;
C866 : FF;
C867 : FF;
C868 : FF;
C869 : FF;
C86A : FF;
C86B : FF;
C86C : FF;
C86D : FF;
C86E : FF;
C86F : FF;
C870 : FF;
C871 : FF;
C872 : FF;
C873 : FF;
C874 : FF;
C875 : FF;
C876 : FF;
C877 : FF;
C878 : FF;
C879 : FF;
C87A : FF;
C87B : FF;
C87C : FF;
C87D : FF;
C87E : FF;
C87F : FF;
C880 : FF;
C881 : FF;
C882 : FF;
C883 : FF;
C884 : FF;
C885 : FF;
C886 : FF;
C887 : FF;
C888 : FF;
C889 : FF;
C88A : FF;
C88B : FF;
C88C : FF;
C88D : FF;
C88E : FF;
C88F : FF;
C890 : FF;
C891 : FF;
C892 : FF;
C893 : FF;
C894 : FF;
C895 : FF;
C896 : FF;
C897 : FF;
C898 : FF;
C899 : FF;
C89A : FF;
C89B : FF;
C89C : FF;
C89D : FF;
C89E : FF;
C89F : FF;
C8A0 : FF;
C8A1 : FF;
C8A2 : FF;
C8A3 : FF;
C8A4 : FF;
C8A5 : FF;
C8A6 : FF;
C8A7 : FF;
C8A8 : FF;
C8A9 : FF;
C8AA : FF;
C8AB : FF;
C8AC : FF;
C8AD : FF;
C8AE : FF;
C8AF : FF;
C8B0 : FF;
C8B1 : FF;
C8B2 : FF;
C8B3 : FF;
C8B4 : FF;
C8B5 : FF;
C8B6 : FF;
C8B7 : FF;
C8B8 : FF;
C8B9 : FF;
C8BA : FF;
C8BB : FF;
C8BC : FF;
C8BD : FF;
C8BE : FF;
C8BF : FF;
C8C0 : FF;
C8C1 : FF;
C8C2 : FF;
C8C3 : FF;
C8C4 : FF;
C8C5 : FF;
C8C6 : FF;
C8C7 : FF;
C8C8 : FF;
C8C9 : FF;
C8CA : FF;
C8CB : FF;
C8CC : FF;
C8CD : FF;
C8CE : FF;
C8CF : FF;
C8D0 : FF;
C8D1 : FF;
C8D2 : FF;
C8D3 : FF;
C8D4 : FF;
C8D5 : FF;
C8D6 : FF;
C8D7 : FF;
C8D8 : FF;
C8D9 : FF;
C8DA : FF;
C8DB : FF;
C8DC : FF;
C8DD : FF;
C8DE : FF;
C8DF : FF;
C8E0 : FF;
C8E1 : FF;
C8E2 : FF;
C8E3 : FF;
C8E4 : FF;
C8E5 : FF;
C8E6 : FF;
C8E7 : FF;
C8E8 : FF;
C8E9 : FF;
C8EA : FF;
C8EB : FF;
C8EC : FF;
C8ED : FF;
C8EE : FF;
C8EF : FF;
C8F0 : FF;
C8F1 : FF;
C8F2 : FF;
C8F3 : FF;
C8F4 : FF;
C8F5 : FF;
C8F6 : FF;
C8F7 : FF;
C8F8 : FF;
C8F9 : FF;
C8FA : FF;
C8FB : FF;
C8FC : FF;
C8FD : FF;
C8FE : FF;
C8FF : FF;
C900 : FF;
C901 : FF;
C902 : FF;
C903 : FF;
C904 : FF;
C905 : FF;
C906 : FF;
C907 : FF;
C908 : FF;
C909 : FF;
C90A : FF;
C90B : FF;
C90C : FF;
C90D : FF;
C90E : FF;
C90F : FF;
C910 : FF;
C911 : FF;
C912 : FF;
C913 : FF;
C914 : FF;
C915 : FF;
C916 : FF;
C917 : FF;
C918 : FF;
C919 : FF;
C91A : FF;
C91B : FF;
C91C : FF;
C91D : FF;
C91E : FF;
C91F : FF;
C920 : FF;
C921 : FF;
C922 : FF;
C923 : FF;
C924 : FF;
C925 : FF;
C926 : FF;
C927 : FF;
C928 : FF;
C929 : FF;
C92A : FF;
C92B : FF;
C92C : FF;
C92D : FF;
C92E : FF;
C92F : FF;
C930 : FF;
C931 : FF;
C932 : FF;
C933 : FF;
C934 : FF;
C935 : FF;
C936 : FF;
C937 : FF;
C938 : FF;
C939 : FF;
C93A : FF;
C93B : FF;
C93C : FF;
C93D : FF;
C93E : FF;
C93F : FF;
C940 : FF;
C941 : FF;
C942 : FF;
C943 : FF;
C944 : FF;
C945 : FF;
C946 : FF;
C947 : FF;
C948 : FF;
C949 : FF;
C94A : FF;
C94B : FF;
C94C : FF;
C94D : FF;
C94E : FF;
C94F : FF;
C950 : FF;
C951 : FF;
C952 : FF;
C953 : FF;
C954 : FF;
C955 : FF;
C956 : FF;
C957 : FF;
C958 : FF;
C959 : FF;
C95A : FF;
C95B : FF;
C95C : FF;
C95D : FF;
C95E : FF;
C95F : FF;
C960 : FF;
C961 : FF;
C962 : FF;
C963 : FF;
C964 : FF;
C965 : FF;
C966 : FF;
C967 : FF;
C968 : FF;
C969 : FF;
C96A : FF;
C96B : FF;
C96C : FF;
C96D : FF;
C96E : FF;
C96F : FF;
C970 : FF;
C971 : FF;
C972 : FF;
C973 : FF;
C974 : FF;
C975 : FF;
C976 : FF;
C977 : FF;
C978 : FF;
C979 : FF;
C97A : FF;
C97B : FF;
C97C : FF;
C97D : FF;
C97E : FF;
C97F : FF;
C980 : FF;
C981 : FF;
C982 : FF;
C983 : FF;
C984 : FF;
C985 : FF;
C986 : FF;
C987 : FF;
C988 : FF;
C989 : FF;
C98A : FF;
C98B : FF;
C98C : FF;
C98D : FF;
C98E : FF;
C98F : FF;
C990 : FF;
C991 : FF;
C992 : FF;
C993 : FF;
C994 : FF;
C995 : FF;
C996 : FF;
C997 : FF;
C998 : FF;
C999 : FF;
C99A : FF;
C99B : FF;
C99C : FF;
C99D : FF;
C99E : FF;
C99F : FF;
C9A0 : FF;
C9A1 : FF;
C9A2 : FF;
C9A3 : FF;
C9A4 : FF;
C9A5 : FF;
C9A6 : FF;
C9A7 : FF;
C9A8 : FF;
C9A9 : FF;
C9AA : FF;
C9AB : FF;
C9AC : FF;
C9AD : FF;
C9AE : FF;
C9AF : FF;
C9B0 : FF;
C9B1 : FF;
C9B2 : FF;
C9B3 : FF;
C9B4 : FF;
C9B5 : FF;
C9B6 : FF;
C9B7 : FF;
C9B8 : FF;
C9B9 : FF;
C9BA : FF;
C9BB : FF;
C9BC : FF;
C9BD : FF;
C9BE : FF;
C9BF : FF;
C9C0 : FF;
C9C1 : FF;
C9C2 : FF;
C9C3 : FF;
C9C4 : FF;
C9C5 : FF;
C9C6 : FF;
C9C7 : FF;
C9C8 : FF;
C9C9 : FF;
C9CA : FF;
C9CB : FF;
C9CC : FF;
C9CD : FF;
C9CE : FF;
C9CF : FF;
C9D0 : FF;
C9D1 : FF;
C9D2 : FF;
C9D3 : FF;
C9D4 : FF;
C9D5 : FF;
C9D6 : FF;
C9D7 : FF;
C9D8 : FF;
C9D9 : FF;
C9DA : FF;
C9DB : FF;
C9DC : FF;
C9DD : FF;
C9DE : FF;
C9DF : FF;
C9E0 : FF;
C9E1 : FF;
C9E2 : FF;
C9E3 : FF;
C9E4 : FF;
C9E5 : FF;
C9E6 : FF;
C9E7 : FF;
C9E8 : FF;
C9E9 : FF;
C9EA : FF;
C9EB : FF;
C9EC : FF;
C9ED : FF;
C9EE : FF;
C9EF : FF;
C9F0 : FF;
C9F1 : FF;
C9F2 : FF;
C9F3 : FF;
C9F4 : FF;
C9F5 : FF;
C9F6 : FF;
C9F7 : FF;
C9F8 : FF;
C9F9 : FF;
C9FA : FF;
C9FB : FF;
C9FC : FF;
C9FD : FF;
C9FE : FF;
C9FF : FF;
CA00 : FF;
CA01 : FF;
CA02 : FF;
CA03 : FF;
CA04 : FF;
CA05 : FF;
CA06 : FF;
CA07 : FF;
CA08 : FF;
CA09 : FF;
CA0A : FF;
CA0B : FF;
CA0C : FF;
CA0D : FF;
CA0E : FF;
CA0F : FF;
CA10 : FF;
CA11 : FF;
CA12 : FF;
CA13 : FF;
CA14 : FF;
CA15 : FF;
CA16 : FF;
CA17 : FF;
CA18 : FF;
CA19 : FF;
CA1A : FF;
CA1B : FF;
CA1C : FF;
CA1D : FF;
CA1E : FF;
CA1F : FF;
CA20 : FF;
CA21 : FF;
CA22 : FF;
CA23 : FF;
CA24 : FF;
CA25 : FF;
CA26 : FF;
CA27 : FF;
CA28 : FF;
CA29 : FF;
CA2A : FF;
CA2B : FF;
CA2C : FF;
CA2D : FF;
CA2E : FF;
CA2F : FF;
CA30 : FF;
CA31 : FF;
CA32 : FF;
CA33 : FF;
CA34 : FF;
CA35 : FF;
CA36 : FF;
CA37 : FF;
CA38 : FF;
CA39 : FF;
CA3A : FF;
CA3B : FF;
CA3C : FF;
CA3D : FF;
CA3E : FF;
CA3F : FF;
CA40 : FF;
CA41 : FF;
CA42 : FF;
CA43 : FF;
CA44 : FF;
CA45 : FF;
CA46 : FF;
CA47 : FF;
CA48 : FF;
CA49 : FF;
CA4A : FF;
CA4B : FF;
CA4C : FF;
CA4D : FF;
CA4E : FF;
CA4F : FF;
CA50 : FF;
CA51 : FF;
CA52 : FF;
CA53 : FF;
CA54 : FF;
CA55 : FF;
CA56 : FF;
CA57 : FF;
CA58 : FF;
CA59 : FF;
CA5A : FF;
CA5B : FF;
CA5C : FF;
CA5D : FF;
CA5E : FF;
CA5F : FF;
CA60 : FF;
CA61 : FF;
CA62 : FF;
CA63 : FF;
CA64 : FF;
CA65 : FF;
CA66 : FF;
CA67 : FF;
CA68 : FF;
CA69 : FF;
CA6A : FF;
CA6B : FF;
CA6C : FF;
CA6D : FF;
CA6E : FF;
CA6F : FF;
CA70 : FF;
CA71 : FF;
CA72 : FF;
CA73 : FF;
CA74 : FF;
CA75 : FF;
CA76 : FF;
CA77 : FF;
CA78 : FF;
CA79 : FF;
CA7A : FF;
CA7B : FF;
CA7C : FF;
CA7D : FF;
CA7E : FF;
CA7F : FF;
CA80 : FF;
CA81 : FF;
CA82 : FF;
CA83 : FF;
CA84 : FF;
CA85 : FF;
CA86 : FF;
CA87 : FF;
CA88 : FF;
CA89 : FF;
CA8A : FF;
CA8B : FF;
CA8C : FF;
CA8D : FF;
CA8E : FF;
CA8F : FF;
CA90 : FF;
CA91 : FF;
CA92 : FF;
CA93 : FF;
CA94 : FF;
CA95 : FF;
CA96 : FF;
CA97 : FF;
CA98 : FF;
CA99 : FF;
CA9A : FF;
CA9B : FF;
CA9C : FF;
CA9D : FF;
CA9E : FF;
CA9F : FF;
CAA0 : FF;
CAA1 : FF;
CAA2 : FF;
CAA3 : FF;
CAA4 : FF;
CAA5 : FF;
CAA6 : FF;
CAA7 : FF;
CAA8 : FF;
CAA9 : FF;
CAAA : FF;
CAAB : FF;
CAAC : FF;
CAAD : FF;
CAAE : FF;
CAAF : FF;
CAB0 : FF;
CAB1 : FF;
CAB2 : FF;
CAB3 : FF;
CAB4 : FF;
CAB5 : FF;
CAB6 : FF;
CAB7 : FF;
CAB8 : FF;
CAB9 : FF;
CABA : FF;
CABB : FF;
CABC : FF;
CABD : FF;
CABE : FF;
CABF : FF;
CAC0 : FF;
CAC1 : FF;
CAC2 : FF;
CAC3 : FF;
CAC4 : FF;
CAC5 : FF;
CAC6 : FF;
CAC7 : FF;
CAC8 : FF;
CAC9 : FF;
CACA : FF;
CACB : FF;
CACC : FF;
CACD : FF;
CACE : FF;
CACF : FF;
CAD0 : FF;
CAD1 : FF;
CAD2 : FF;
CAD3 : FF;
CAD4 : FF;
CAD5 : FF;
CAD6 : FF;
CAD7 : FF;
CAD8 : FF;
CAD9 : FF;
CADA : FF;
CADB : FF;
CADC : FF;
CADD : FF;
CADE : FF;
CADF : FF;
CAE0 : FF;
CAE1 : FF;
CAE2 : FF;
CAE3 : FF;
CAE4 : FF;
CAE5 : FF;
CAE6 : FF;
CAE7 : FF;
CAE8 : FF;
CAE9 : FF;
CAEA : FF;
CAEB : FF;
CAEC : FF;
CAED : FF;
CAEE : FF;
CAEF : FF;
CAF0 : FF;
CAF1 : FF;
CAF2 : FF;
CAF3 : FF;
CAF4 : FF;
CAF5 : FF;
CAF6 : FF;
CAF7 : FF;
CAF8 : FF;
CAF9 : FF;
CAFA : FF;
CAFB : FF;
CAFC : FF;
CAFD : FF;
CAFE : FF;
CAFF : FF;
CB00 : FF;
CB01 : FF;
CB02 : FF;
CB03 : FF;
CB04 : FF;
CB05 : FF;
CB06 : FF;
CB07 : FF;
CB08 : FF;
CB09 : FF;
CB0A : FF;
CB0B : FF;
CB0C : FF;
CB0D : FF;
CB0E : FF;
CB0F : FF;
CB10 : FF;
CB11 : FF;
CB12 : FF;
CB13 : FF;
CB14 : FF;
CB15 : FF;
CB16 : FF;
CB17 : FF;
CB18 : FF;
CB19 : FF;
CB1A : FF;
CB1B : FF;
CB1C : FF;
CB1D : FF;
CB1E : FF;
CB1F : FF;
CB20 : FF;
CB21 : FF;
CB22 : FF;
CB23 : FF;
CB24 : FF;
CB25 : FF;
CB26 : FF;
CB27 : FF;
CB28 : FF;
CB29 : FF;
CB2A : FF;
CB2B : FF;
CB2C : FF;
CB2D : FF;
CB2E : FF;
CB2F : FF;
CB30 : FF;
CB31 : FF;
CB32 : FF;
CB33 : FF;
CB34 : FF;
CB35 : FF;
CB36 : FF;
CB37 : FF;
CB38 : FF;
CB39 : FF;
CB3A : FF;
CB3B : FF;
CB3C : FF;
CB3D : FF;
CB3E : FF;
CB3F : FF;
CB40 : FF;
CB41 : FF;
CB42 : FF;
CB43 : FF;
CB44 : FF;
CB45 : FF;
CB46 : FF;
CB47 : FF;
CB48 : FF;
CB49 : FF;
CB4A : FF;
CB4B : FF;
CB4C : FF;
CB4D : FF;
CB4E : FF;
CB4F : FF;
CB50 : FF;
CB51 : FF;
CB52 : FF;
CB53 : FF;
CB54 : FF;
CB55 : FF;
CB56 : FF;
CB57 : FF;
CB58 : FF;
CB59 : FF;
CB5A : FF;
CB5B : FF;
CB5C : FF;
CB5D : FF;
CB5E : FF;
CB5F : FF;
CB60 : FF;
CB61 : FF;
CB62 : FF;
CB63 : FF;
CB64 : FF;
CB65 : FF;
CB66 : FF;
CB67 : FF;
CB68 : FF;
CB69 : FF;
CB6A : FF;
CB6B : FF;
CB6C : FF;
CB6D : FF;
CB6E : FF;
CB6F : FF;
CB70 : FF;
CB71 : FF;
CB72 : FF;
CB73 : FF;
CB74 : FF;
CB75 : FF;
CB76 : FF;
CB77 : FF;
CB78 : FF;
CB79 : FF;
CB7A : FF;
CB7B : FF;
CB7C : FF;
CB7D : FF;
CB7E : FF;
CB7F : FF;
CB80 : FF;
CB81 : FF;
CB82 : FF;
CB83 : FF;
CB84 : FF;
CB85 : FF;
CB86 : FF;
CB87 : FF;
CB88 : FF;
CB89 : FF;
CB8A : FF;
CB8B : FF;
CB8C : FF;
CB8D : FF;
CB8E : FF;
CB8F : FF;
CB90 : FF;
CB91 : FF;
CB92 : FF;
CB93 : FF;
CB94 : FF;
CB95 : FF;
CB96 : FF;
CB97 : FF;
CB98 : FF;
CB99 : FF;
CB9A : FF;
CB9B : FF;
CB9C : FF;
CB9D : FF;
CB9E : FF;
CB9F : FF;
CBA0 : FF;
CBA1 : FF;
CBA2 : FF;
CBA3 : FF;
CBA4 : FF;
CBA5 : FF;
CBA6 : FF;
CBA7 : FF;
CBA8 : FF;
CBA9 : FF;
CBAA : FF;
CBAB : FF;
CBAC : FF;
CBAD : FF;
CBAE : FF;
CBAF : FF;
CBB0 : FF;
CBB1 : FF;
CBB2 : FF;
CBB3 : FF;
CBB4 : FF;
CBB5 : FF;
CBB6 : FF;
CBB7 : FF;
CBB8 : FF;
CBB9 : FF;
CBBA : FF;
CBBB : FF;
CBBC : FF;
CBBD : FF;
CBBE : FF;
CBBF : FF;
CBC0 : FF;
CBC1 : FF;
CBC2 : FF;
CBC3 : FF;
CBC4 : FF;
CBC5 : FF;
CBC6 : FF;
CBC7 : FF;
CBC8 : FF;
CBC9 : FF;
CBCA : FF;
CBCB : FF;
CBCC : FF;
CBCD : FF;
CBCE : FF;
CBCF : FF;
CBD0 : FF;
CBD1 : FF;
CBD2 : FF;
CBD3 : FF;
CBD4 : FF;
CBD5 : FF;
CBD6 : FF;
CBD7 : FF;
CBD8 : FF;
CBD9 : FF;
CBDA : FF;
CBDB : FF;
CBDC : FF;
CBDD : FF;
CBDE : FF;
CBDF : FF;
CBE0 : FF;
CBE1 : FF;
CBE2 : FF;
CBE3 : FF;
CBE4 : FF;
CBE5 : FF;
CBE6 : FF;
CBE7 : FF;
CBE8 : FF;
CBE9 : FF;
CBEA : FF;
CBEB : FF;
CBEC : FF;
CBED : FF;
CBEE : FF;
CBEF : FF;
CBF0 : FF;
CBF1 : FF;
CBF2 : FF;
CBF3 : FF;
CBF4 : FF;
CBF5 : FF;
CBF6 : FF;
CBF7 : FF;
CBF8 : FF;
CBF9 : FF;
CBFA : FF;
CBFB : FF;
CBFC : FF;
CBFD : FF;
CBFE : FF;
CBFF : FF;
CC00 : FF;
CC01 : FF;
CC02 : FF;
CC03 : FF;
CC04 : FF;
CC05 : FF;
CC06 : FF;
CC07 : FF;
CC08 : FF;
CC09 : FF;
CC0A : FF;
CC0B : FF;
CC0C : FF;
CC0D : FF;
CC0E : FF;
CC0F : FF;
CC10 : FF;
CC11 : FF;
CC12 : FF;
CC13 : FF;
CC14 : FF;
CC15 : FF;
CC16 : FF;
CC17 : FF;
CC18 : FF;
CC19 : FF;
CC1A : FF;
CC1B : FF;
CC1C : FF;
CC1D : FF;
CC1E : FF;
CC1F : FF;
CC20 : FF;
CC21 : FF;
CC22 : FF;
CC23 : FF;
CC24 : FF;
CC25 : FF;
CC26 : FF;
CC27 : FF;
CC28 : FF;
CC29 : FF;
CC2A : FF;
CC2B : FF;
CC2C : FF;
CC2D : FF;
CC2E : FF;
CC2F : FF;
CC30 : FF;
CC31 : FF;
CC32 : FF;
CC33 : FF;
CC34 : FF;
CC35 : FF;
CC36 : FF;
CC37 : FF;
CC38 : FF;
CC39 : FF;
CC3A : FF;
CC3B : FF;
CC3C : FF;
CC3D : FF;
CC3E : FF;
CC3F : FF;
CC40 : FF;
CC41 : FF;
CC42 : FF;
CC43 : FF;
CC44 : FF;
CC45 : FF;
CC46 : FF;
CC47 : FF;
CC48 : FF;
CC49 : FF;
CC4A : FF;
CC4B : FF;
CC4C : FF;
CC4D : FF;
CC4E : FF;
CC4F : FF;
CC50 : FF;
CC51 : FF;
CC52 : FF;
CC53 : FF;
CC54 : FF;
CC55 : FF;
CC56 : FF;
CC57 : FF;
CC58 : FF;
CC59 : FF;
CC5A : FF;
CC5B : FF;
CC5C : FF;
CC5D : FF;
CC5E : FF;
CC5F : FF;
CC60 : FF;
CC61 : FF;
CC62 : FF;
CC63 : FF;
CC64 : FF;
CC65 : FF;
CC66 : FF;
CC67 : FF;
CC68 : FF;
CC69 : FF;
CC6A : FF;
CC6B : FF;
CC6C : FF;
CC6D : FF;
CC6E : FF;
CC6F : FF;
CC70 : FF;
CC71 : FF;
CC72 : FF;
CC73 : FF;
CC74 : FF;
CC75 : FF;
CC76 : FF;
CC77 : FF;
CC78 : FF;
CC79 : FF;
CC7A : FF;
CC7B : FF;
CC7C : FF;
CC7D : FF;
CC7E : FF;
CC7F : FF;
CC80 : FF;
CC81 : FF;
CC82 : FF;
CC83 : FF;
CC84 : FF;
CC85 : FF;
CC86 : FF;
CC87 : FF;
CC88 : FF;
CC89 : FF;
CC8A : FF;
CC8B : FF;
CC8C : FF;
CC8D : FF;
CC8E : FF;
CC8F : FF;
CC90 : FF;
CC91 : FF;
CC92 : FF;
CC93 : FF;
CC94 : FF;
CC95 : FF;
CC96 : FF;
CC97 : FF;
CC98 : FF;
CC99 : FF;
CC9A : FF;
CC9B : FF;
CC9C : FF;
CC9D : FF;
CC9E : FF;
CC9F : FF;
CCA0 : FF;
CCA1 : FF;
CCA2 : FF;
CCA3 : FF;
CCA4 : FF;
CCA5 : FF;
CCA6 : FF;
CCA7 : FF;
CCA8 : FF;
CCA9 : FF;
CCAA : FF;
CCAB : FF;
CCAC : FF;
CCAD : FF;
CCAE : FF;
CCAF : FF;
CCB0 : FF;
CCB1 : FF;
CCB2 : FF;
CCB3 : FF;
CCB4 : FF;
CCB5 : FF;
CCB6 : FF;
CCB7 : FF;
CCB8 : FF;
CCB9 : FF;
CCBA : FF;
CCBB : FF;
CCBC : FF;
CCBD : FF;
CCBE : FF;
CCBF : FF;
CCC0 : FF;
CCC1 : FF;
CCC2 : FF;
CCC3 : FF;
CCC4 : FF;
CCC5 : FF;
CCC6 : FF;
CCC7 : FF;
CCC8 : FF;
CCC9 : FF;
CCCA : FF;
CCCB : FF;
CCCC : FF;
CCCD : FF;
CCCE : FF;
CCCF : FF;
CCD0 : FF;
CCD1 : FF;
CCD2 : FF;
CCD3 : FF;
CCD4 : FF;
CCD5 : FF;
CCD6 : FF;
CCD7 : FF;
CCD8 : FF;
CCD9 : FF;
CCDA : FF;
CCDB : FF;
CCDC : FF;
CCDD : FF;
CCDE : FF;
CCDF : FF;
CCE0 : FF;
CCE1 : FF;
CCE2 : FF;
CCE3 : FF;
CCE4 : FF;
CCE5 : FF;
CCE6 : FF;
CCE7 : FF;
CCE8 : FF;
CCE9 : FF;
CCEA : FF;
CCEB : FF;
CCEC : FF;
CCED : FF;
CCEE : FF;
CCEF : FF;
CCF0 : FF;
CCF1 : FF;
CCF2 : FF;
CCF3 : FF;
CCF4 : FF;
CCF5 : FF;
CCF6 : FF;
CCF7 : FF;
CCF8 : FF;
CCF9 : FF;
CCFA : FF;
CCFB : FF;
CCFC : FF;
CCFD : FF;
CCFE : FF;
CCFF : FF;
CD00 : FF;
CD01 : FF;
CD02 : FF;
CD03 : FF;
CD04 : FF;
CD05 : FF;
CD06 : FF;
CD07 : FF;
CD08 : FF;
CD09 : FF;
CD0A : FF;
CD0B : FF;
CD0C : FF;
CD0D : FF;
CD0E : FF;
CD0F : FF;
CD10 : FF;
CD11 : FF;
CD12 : FF;
CD13 : FF;
CD14 : FF;
CD15 : FF;
CD16 : FF;
CD17 : FF;
CD18 : FF;
CD19 : FF;
CD1A : FF;
CD1B : FF;
CD1C : FF;
CD1D : FF;
CD1E : FF;
CD1F : FF;
CD20 : FF;
CD21 : FF;
CD22 : FF;
CD23 : FF;
CD24 : FF;
CD25 : FF;
CD26 : FF;
CD27 : FF;
CD28 : FF;
CD29 : FF;
CD2A : FF;
CD2B : FF;
CD2C : FF;
CD2D : FF;
CD2E : FF;
CD2F : FF;
CD30 : FF;
CD31 : FF;
CD32 : FF;
CD33 : FF;
CD34 : FF;
CD35 : FF;
CD36 : FF;
CD37 : FF;
CD38 : FF;
CD39 : FF;
CD3A : FF;
CD3B : FF;
CD3C : FF;
CD3D : FF;
CD3E : FF;
CD3F : FF;
CD40 : FF;
CD41 : FF;
CD42 : FF;
CD43 : FF;
CD44 : FF;
CD45 : FF;
CD46 : FF;
CD47 : FF;
CD48 : FF;
CD49 : FF;
CD4A : FF;
CD4B : FF;
CD4C : FF;
CD4D : FF;
CD4E : FF;
CD4F : FF;
CD50 : FF;
CD51 : FF;
CD52 : FF;
CD53 : FF;
CD54 : FF;
CD55 : FF;
CD56 : FF;
CD57 : FF;
CD58 : FF;
CD59 : FF;
CD5A : FF;
CD5B : FF;
CD5C : FF;
CD5D : FF;
CD5E : FF;
CD5F : FF;
CD60 : FF;
CD61 : FF;
CD62 : FF;
CD63 : FF;
CD64 : FF;
CD65 : FF;
CD66 : FF;
CD67 : FF;
CD68 : FF;
CD69 : FF;
CD6A : FF;
CD6B : FF;
CD6C : FF;
CD6D : FF;
CD6E : FF;
CD6F : FF;
CD70 : FF;
CD71 : FF;
CD72 : FF;
CD73 : FF;
CD74 : FF;
CD75 : FF;
CD76 : FF;
CD77 : FF;
CD78 : FF;
CD79 : FF;
CD7A : FF;
CD7B : FF;
CD7C : FF;
CD7D : FF;
CD7E : FF;
CD7F : FF;
CD80 : FF;
CD81 : FF;
CD82 : FF;
CD83 : FF;
CD84 : FF;
CD85 : FF;
CD86 : FF;
CD87 : FF;
CD88 : FF;
CD89 : FF;
CD8A : FF;
CD8B : FF;
CD8C : FF;
CD8D : FF;
CD8E : FF;
CD8F : FF;
CD90 : FF;
CD91 : FF;
CD92 : FF;
CD93 : FF;
CD94 : FF;
CD95 : FF;
CD96 : FF;
CD97 : FF;
CD98 : FF;
CD99 : FF;
CD9A : FF;
CD9B : FF;
CD9C : FF;
CD9D : FF;
CD9E : FF;
CD9F : FF;
CDA0 : FF;
CDA1 : FF;
CDA2 : FF;
CDA3 : FF;
CDA4 : FF;
CDA5 : FF;
CDA6 : FF;
CDA7 : FF;
CDA8 : FF;
CDA9 : FF;
CDAA : FF;
CDAB : FF;
CDAC : FF;
CDAD : FF;
CDAE : FF;
CDAF : FF;
CDB0 : FF;
CDB1 : FF;
CDB2 : FF;
CDB3 : FF;
CDB4 : FF;
CDB5 : FF;
CDB6 : FF;
CDB7 : FF;
CDB8 : FF;
CDB9 : FF;
CDBA : FF;
CDBB : FF;
CDBC : FF;
CDBD : FF;
CDBE : FF;
CDBF : FF;
CDC0 : FF;
CDC1 : FF;
CDC2 : FF;
CDC3 : FF;
CDC4 : FF;
CDC5 : FF;
CDC6 : FF;
CDC7 : FF;
CDC8 : FF;
CDC9 : FF;
CDCA : FF;
CDCB : FF;
CDCC : FF;
CDCD : FF;
CDCE : FF;
CDCF : FF;
CDD0 : FF;
CDD1 : FF;
CDD2 : FF;
CDD3 : FF;
CDD4 : FF;
CDD5 : FF;
CDD6 : FF;
CDD7 : FF;
CDD8 : FF;
CDD9 : FF;
CDDA : FF;
CDDB : FF;
CDDC : FF;
CDDD : FF;
CDDE : FF;
CDDF : FF;
CDE0 : FF;
CDE1 : FF;
CDE2 : FF;
CDE3 : FF;
CDE4 : FF;
CDE5 : FF;
CDE6 : FF;
CDE7 : FF;
CDE8 : FF;
CDE9 : FF;
CDEA : FF;
CDEB : FF;
CDEC : FF;
CDED : FF;
CDEE : FF;
CDEF : FF;
CDF0 : FF;
CDF1 : FF;
CDF2 : FF;
CDF3 : FF;
CDF4 : FF;
CDF5 : FF;
CDF6 : FF;
CDF7 : FF;
CDF8 : FF;
CDF9 : FF;
CDFA : FF;
CDFB : FF;
CDFC : FF;
CDFD : FF;
CDFE : FF;
CDFF : FF;
CE00 : FF;
CE01 : FF;
CE02 : FF;
CE03 : FF;
CE04 : FF;
CE05 : FF;
CE06 : FF;
CE07 : FF;
CE08 : FF;
CE09 : FF;
CE0A : FF;
CE0B : FF;
CE0C : FF;
CE0D : FF;
CE0E : FF;
CE0F : FF;
CE10 : FF;
CE11 : FF;
CE12 : FF;
CE13 : FF;
CE14 : FF;
CE15 : FF;
CE16 : FF;
CE17 : FF;
CE18 : FF;
CE19 : FF;
CE1A : FF;
CE1B : FF;
CE1C : FF;
CE1D : FF;
CE1E : FF;
CE1F : FF;
CE20 : FF;
CE21 : FF;
CE22 : FF;
CE23 : FF;
CE24 : FF;
CE25 : FF;
CE26 : FF;
CE27 : FF;
CE28 : FF;
CE29 : FF;
CE2A : FF;
CE2B : FF;
CE2C : FF;
CE2D : FF;
CE2E : FF;
CE2F : FF;
CE30 : FF;
CE31 : FF;
CE32 : FF;
CE33 : FF;
CE34 : FF;
CE35 : FF;
CE36 : FF;
CE37 : FF;
CE38 : FF;
CE39 : FF;
CE3A : FF;
CE3B : FF;
CE3C : FF;
CE3D : FF;
CE3E : FF;
CE3F : FF;
CE40 : FF;
CE41 : FF;
CE42 : FF;
CE43 : FF;
CE44 : FF;
CE45 : FF;
CE46 : FF;
CE47 : FF;
CE48 : FF;
CE49 : FF;
CE4A : FF;
CE4B : FF;
CE4C : FF;
CE4D : FF;
CE4E : FF;
CE4F : FF;
CE50 : FF;
CE51 : FF;
CE52 : FF;
CE53 : FF;
CE54 : FF;
CE55 : FF;
CE56 : FF;
CE57 : FF;
CE58 : FF;
CE59 : FF;
CE5A : FF;
CE5B : FF;
CE5C : FF;
CE5D : FF;
CE5E : FF;
CE5F : FF;
CE60 : FF;
CE61 : FF;
CE62 : FF;
CE63 : FF;
CE64 : FF;
CE65 : FF;
CE66 : FF;
CE67 : FF;
CE68 : FF;
CE69 : FF;
CE6A : FF;
CE6B : FF;
CE6C : FF;
CE6D : FF;
CE6E : FF;
CE6F : FF;
CE70 : FF;
CE71 : FF;
CE72 : FF;
CE73 : FF;
CE74 : FF;
CE75 : FF;
CE76 : FF;
CE77 : FF;
CE78 : FF;
CE79 : FF;
CE7A : FF;
CE7B : FF;
CE7C : FF;
CE7D : FF;
CE7E : FF;
CE7F : FF;
CE80 : FF;
CE81 : FF;
CE82 : FF;
CE83 : FF;
CE84 : FF;
CE85 : FF;
CE86 : FF;
CE87 : FF;
CE88 : FF;
CE89 : FF;
CE8A : FF;
CE8B : FF;
CE8C : FF;
CE8D : FF;
CE8E : FF;
CE8F : FF;
CE90 : FF;
CE91 : FF;
CE92 : FF;
CE93 : FF;
CE94 : FF;
CE95 : FF;
CE96 : FF;
CE97 : FF;
CE98 : FF;
CE99 : FF;
CE9A : FF;
CE9B : FF;
CE9C : FF;
CE9D : FF;
CE9E : FF;
CE9F : FF;
CEA0 : FF;
CEA1 : FF;
CEA2 : FF;
CEA3 : FF;
CEA4 : FF;
CEA5 : FF;
CEA6 : FF;
CEA7 : FF;
CEA8 : FF;
CEA9 : FF;
CEAA : FF;
CEAB : FF;
CEAC : FF;
CEAD : FF;
CEAE : FF;
CEAF : FF;
CEB0 : FF;
CEB1 : FF;
CEB2 : FF;
CEB3 : FF;
CEB4 : FF;
CEB5 : FF;
CEB6 : FF;
CEB7 : FF;
CEB8 : FF;
CEB9 : FF;
CEBA : FF;
CEBB : FF;
CEBC : FF;
CEBD : FF;
CEBE : FF;
CEBF : FF;
CEC0 : FF;
CEC1 : FF;
CEC2 : FF;
CEC3 : FF;
CEC4 : FF;
CEC5 : FF;
CEC6 : FF;
CEC7 : FF;
CEC8 : FF;
CEC9 : FF;
CECA : FF;
CECB : FF;
CECC : FF;
CECD : FF;
CECE : FF;
CECF : FF;
CED0 : FF;
CED1 : FF;
CED2 : FF;
CED3 : FF;
CED4 : FF;
CED5 : FF;
CED6 : FF;
CED7 : FF;
CED8 : FF;
CED9 : FF;
CEDA : FF;
CEDB : FF;
CEDC : FF;
CEDD : FF;
CEDE : FF;
CEDF : FF;
CEE0 : FF;
CEE1 : FF;
CEE2 : FF;
CEE3 : FF;
CEE4 : FF;
CEE5 : FF;
CEE6 : FF;
CEE7 : FF;
CEE8 : FF;
CEE9 : FF;
CEEA : FF;
CEEB : FF;
CEEC : FF;
CEED : FF;
CEEE : FF;
CEEF : FF;
CEF0 : FF;
CEF1 : FF;
CEF2 : FF;
CEF3 : FF;
CEF4 : FF;
CEF5 : FF;
CEF6 : FF;
CEF7 : FF;
CEF8 : FF;
CEF9 : FF;
CEFA : FF;
CEFB : FF;
CEFC : FF;
CEFD : FF;
CEFE : FF;
CEFF : FF;
CF00 : FF;
CF01 : FF;
CF02 : FF;
CF03 : FF;
CF04 : FF;
CF05 : FF;
CF06 : FF;
CF07 : FF;
CF08 : FF;
CF09 : FF;
CF0A : FF;
CF0B : FF;
CF0C : FF;
CF0D : FF;
CF0E : FF;
CF0F : FF;
CF10 : FF;
CF11 : FF;
CF12 : FF;
CF13 : FF;
CF14 : FF;
CF15 : FF;
CF16 : FF;
CF17 : FF;
CF18 : FF;
CF19 : FF;
CF1A : FF;
CF1B : FF;
CF1C : FF;
CF1D : FF;
CF1E : FF;
CF1F : FF;
CF20 : FF;
CF21 : FF;
CF22 : FF;
CF23 : FF;
CF24 : FF;
CF25 : FF;
CF26 : FF;
CF27 : FF;
CF28 : FF;
CF29 : FF;
CF2A : FF;
CF2B : FF;
CF2C : FF;
CF2D : FF;
CF2E : FF;
CF2F : FF;
CF30 : FF;
CF31 : FF;
CF32 : FF;
CF33 : FF;
CF34 : FF;
CF35 : FF;
CF36 : FF;
CF37 : FF;
CF38 : FF;
CF39 : FF;
CF3A : FF;
CF3B : FF;
CF3C : FF;
CF3D : FF;
CF3E : FF;
CF3F : FF;
CF40 : FF;
CF41 : FF;
CF42 : FF;
CF43 : FF;
CF44 : FF;
CF45 : FF;
CF46 : FF;
CF47 : FF;
CF48 : FF;
CF49 : FF;
CF4A : FF;
CF4B : FF;
CF4C : FF;
CF4D : FF;
CF4E : FF;
CF4F : FF;
CF50 : FF;
CF51 : FF;
CF52 : FF;
CF53 : FF;
CF54 : FF;
CF55 : FF;
CF56 : FF;
CF57 : FF;
CF58 : FF;
CF59 : FF;
CF5A : FF;
CF5B : FF;
CF5C : FF;
CF5D : FF;
CF5E : FF;
CF5F : FF;
CF60 : FF;
CF61 : FF;
CF62 : FF;
CF63 : FF;
CF64 : FF;
CF65 : FF;
CF66 : FF;
CF67 : FF;
CF68 : FF;
CF69 : FF;
CF6A : FF;
CF6B : FF;
CF6C : FF;
CF6D : FF;
CF6E : FF;
CF6F : FF;
CF70 : FF;
CF71 : FF;
CF72 : FF;
CF73 : FF;
CF74 : FF;
CF75 : FF;
CF76 : FF;
CF77 : FF;
CF78 : FF;
CF79 : FF;
CF7A : FF;
CF7B : FF;
CF7C : FF;
CF7D : FF;
CF7E : FF;
CF7F : FF;
CF80 : FF;
CF81 : FF;
CF82 : FF;
CF83 : FF;
CF84 : FF;
CF85 : FF;
CF86 : FF;
CF87 : FF;
CF88 : FF;
CF89 : FF;
CF8A : FF;
CF8B : FF;
CF8C : FF;
CF8D : FF;
CF8E : FF;
CF8F : FF;
CF90 : FF;
CF91 : FF;
CF92 : FF;
CF93 : FF;
CF94 : FF;
CF95 : FF;
CF96 : FF;
CF97 : FF;
CF98 : FF;
CF99 : FF;
CF9A : FF;
CF9B : FF;
CF9C : FF;
CF9D : FF;
CF9E : FF;
CF9F : FF;
CFA0 : FF;
CFA1 : FF;
CFA2 : FF;
CFA3 : FF;
CFA4 : FF;
CFA5 : FF;
CFA6 : FF;
CFA7 : FF;
CFA8 : FF;
CFA9 : FF;
CFAA : FF;
CFAB : FF;
CFAC : FF;
CFAD : FF;
CFAE : FF;
CFAF : FF;
CFB0 : FF;
CFB1 : FF;
CFB2 : FF;
CFB3 : FF;
CFB4 : FF;
CFB5 : FF;
CFB6 : FF;
CFB7 : FF;
CFB8 : FF;
CFB9 : FF;
CFBA : FF;
CFBB : FF;
CFBC : FF;
CFBD : FF;
CFBE : FF;
CFBF : FF;
CFC0 : FF;
CFC1 : FF;
CFC2 : FF;
CFC3 : FF;
CFC4 : FF;
CFC5 : FF;
CFC6 : FF;
CFC7 : FF;
CFC8 : FF;
CFC9 : FF;
CFCA : FF;
CFCB : FF;
CFCC : FF;
CFCD : FF;
CFCE : FF;
CFCF : FF;
CFD0 : FF;
CFD1 : FF;
CFD2 : FF;
CFD3 : FF;
CFD4 : FF;
CFD5 : FF;
CFD6 : FF;
CFD7 : FF;
CFD8 : FF;
CFD9 : FF;
CFDA : FF;
CFDB : FF;
CFDC : FF;
CFDD : FF;
CFDE : FF;
CFDF : FF;
CFE0 : FF;
CFE1 : FF;
CFE2 : FF;
CFE3 : FF;
CFE4 : FF;
CFE5 : FF;
CFE6 : FF;
CFE7 : FF;
CFE8 : FF;
CFE9 : FF;
CFEA : FF;
CFEB : FF;
CFEC : FF;
CFED : FF;
CFEE : FF;
CFEF : FF;
CFF0 : FF;
CFF1 : FF;
CFF2 : FF;
CFF3 : FF;
CFF4 : FF;
CFF5 : FF;
CFF6 : FF;
CFF7 : FF;
CFF8 : FF;
CFF9 : FF;
CFFA : FF;
CFFB : FF;
CFFC : FF;
CFFD : FF;
CFFE : FF;
CFFF : FF;
D000 : FF;
D001 : FF;
D002 : FF;
D003 : FF;
D004 : FF;
D005 : FF;
D006 : FF;
D007 : FF;
D008 : FF;
D009 : FF;
D00A : FF;
D00B : FF;
D00C : FF;
D00D : FF;
D00E : FF;
D00F : FF;
D010 : FF;
D011 : FF;
D012 : FF;
D013 : FF;
D014 : FF;
D015 : FF;
D016 : FF;
D017 : FF;
D018 : FF;
D019 : FF;
D01A : FF;
D01B : FF;
D01C : FF;
D01D : FF;
D01E : FF;
D01F : FF;
D020 : FF;
D021 : FF;
D022 : FF;
D023 : FF;
D024 : FF;
D025 : FF;
D026 : FF;
D027 : FF;
D028 : FF;
D029 : FF;
D02A : FF;
D02B : FF;
D02C : FF;
D02D : FF;
D02E : FF;
D02F : FF;
D030 : FF;
D031 : FF;
D032 : FF;
D033 : FF;
D034 : FF;
D035 : FF;
D036 : FF;
D037 : FF;
D038 : FF;
D039 : FF;
D03A : FF;
D03B : FF;
D03C : FF;
D03D : FF;
D03E : FF;
D03F : FF;
D040 : FF;
D041 : FF;
D042 : FF;
D043 : FF;
D044 : FF;
D045 : FF;
D046 : FF;
D047 : FF;
D048 : FF;
D049 : FF;
D04A : FF;
D04B : FF;
D04C : FF;
D04D : FF;
D04E : FF;
D04F : FF;
D050 : FF;
D051 : FF;
D052 : FF;
D053 : FF;
D054 : FF;
D055 : FF;
D056 : FF;
D057 : FF;
D058 : FF;
D059 : FF;
D05A : FF;
D05B : FF;
D05C : FF;
D05D : FF;
D05E : FF;
D05F : FF;
D060 : FF;
D061 : FF;
D062 : FF;
D063 : FF;
D064 : FF;
D065 : FF;
D066 : FF;
D067 : FF;
D068 : FF;
D069 : FF;
D06A : FF;
D06B : FF;
D06C : FF;
D06D : FF;
D06E : FF;
D06F : FF;
D070 : FF;
D071 : FF;
D072 : FF;
D073 : FF;
D074 : FF;
D075 : FF;
D076 : FF;
D077 : FF;
D078 : FF;
D079 : FF;
D07A : FF;
D07B : FF;
D07C : FF;
D07D : FF;
D07E : FF;
D07F : FF;
D080 : FF;
D081 : FF;
D082 : FF;
D083 : FF;
D084 : FF;
D085 : FF;
D086 : FF;
D087 : FF;
D088 : FF;
D089 : FF;
D08A : FF;
D08B : FF;
D08C : FF;
D08D : FF;
D08E : FF;
D08F : FF;
D090 : FF;
D091 : FF;
D092 : FF;
D093 : FF;
D094 : FF;
D095 : FF;
D096 : FF;
D097 : FF;
D098 : FF;
D099 : FF;
D09A : FF;
D09B : FF;
D09C : FF;
D09D : FF;
D09E : FF;
D09F : FF;
D0A0 : FF;
D0A1 : FF;
D0A2 : FF;
D0A3 : FF;
D0A4 : FF;
D0A5 : FF;
D0A6 : FF;
D0A7 : FF;
D0A8 : FF;
D0A9 : FF;
D0AA : FF;
D0AB : FF;
D0AC : FF;
D0AD : FF;
D0AE : FF;
D0AF : FF;
D0B0 : FF;
D0B1 : FF;
D0B2 : FF;
D0B3 : FF;
D0B4 : FF;
D0B5 : FF;
D0B6 : FF;
D0B7 : FF;
D0B8 : FF;
D0B9 : FF;
D0BA : FF;
D0BB : FF;
D0BC : FF;
D0BD : FF;
D0BE : FF;
D0BF : FF;
D0C0 : FF;
D0C1 : FF;
D0C2 : FF;
D0C3 : FF;
D0C4 : FF;
D0C5 : FF;
D0C6 : FF;
D0C7 : FF;
D0C8 : FF;
D0C9 : FF;
D0CA : FF;
D0CB : FF;
D0CC : FF;
D0CD : FF;
D0CE : FF;
D0CF : FF;
D0D0 : FF;
D0D1 : FF;
D0D2 : FF;
D0D3 : FF;
D0D4 : FF;
D0D5 : FF;
D0D6 : FF;
D0D7 : FF;
D0D8 : FF;
D0D9 : FF;
D0DA : FF;
D0DB : FF;
D0DC : FF;
D0DD : FF;
D0DE : FF;
D0DF : FF;
D0E0 : FF;
D0E1 : FF;
D0E2 : FF;
D0E3 : FF;
D0E4 : FF;
D0E5 : FF;
D0E6 : FF;
D0E7 : FF;
D0E8 : FF;
D0E9 : FF;
D0EA : FF;
D0EB : FF;
D0EC : FF;
D0ED : FF;
D0EE : FF;
D0EF : FF;
D0F0 : FF;
D0F1 : FF;
D0F2 : FF;
D0F3 : FF;
D0F4 : FF;
D0F5 : FF;
D0F6 : FF;
D0F7 : FF;
D0F8 : FF;
D0F9 : FF;
D0FA : FF;
D0FB : FF;
D0FC : FF;
D0FD : FF;
D0FE : FF;
D0FF : FF;
D100 : FF;
D101 : FF;
D102 : FF;
D103 : FF;
D104 : FF;
D105 : FF;
D106 : FF;
D107 : FF;
D108 : FF;
D109 : FF;
D10A : FF;
D10B : FF;
D10C : FF;
D10D : FF;
D10E : FF;
D10F : FF;
D110 : FF;
D111 : FF;
D112 : FF;
D113 : FF;
D114 : FF;
D115 : FF;
D116 : FF;
D117 : FF;
D118 : FF;
D119 : FF;
D11A : FF;
D11B : FF;
D11C : FF;
D11D : FF;
D11E : FF;
D11F : FF;
D120 : FF;
D121 : FF;
D122 : FF;
D123 : FF;
D124 : FF;
D125 : FF;
D126 : FF;
D127 : FF;
D128 : FF;
D129 : FF;
D12A : FF;
D12B : FF;
D12C : FF;
D12D : FF;
D12E : FF;
D12F : FF;
D130 : FF;
D131 : FF;
D132 : FF;
D133 : FF;
D134 : FF;
D135 : FF;
D136 : FF;
D137 : FF;
D138 : FF;
D139 : FF;
D13A : FF;
D13B : FF;
D13C : FF;
D13D : FF;
D13E : FF;
D13F : FF;
D140 : FF;
D141 : FF;
D142 : FF;
D143 : FF;
D144 : FF;
D145 : FF;
D146 : FF;
D147 : FF;
D148 : FF;
D149 : FF;
D14A : FF;
D14B : FF;
D14C : FF;
D14D : FF;
D14E : FF;
D14F : FF;
D150 : FF;
D151 : FF;
D152 : FF;
D153 : FF;
D154 : FF;
D155 : FF;
D156 : FF;
D157 : FF;
D158 : FF;
D159 : FF;
D15A : FF;
D15B : FF;
D15C : FF;
D15D : FF;
D15E : FF;
D15F : FF;
D160 : FF;
D161 : FF;
D162 : FF;
D163 : FF;
D164 : FF;
D165 : FF;
D166 : FF;
D167 : FF;
D168 : FF;
D169 : FF;
D16A : FF;
D16B : FF;
D16C : FF;
D16D : FF;
D16E : FF;
D16F : FF;
D170 : FF;
D171 : FF;
D172 : FF;
D173 : FF;
D174 : FF;
D175 : FF;
D176 : FF;
D177 : FF;
D178 : FF;
D179 : FF;
D17A : FF;
D17B : FF;
D17C : FF;
D17D : FF;
D17E : FF;
D17F : FF;
D180 : FF;
D181 : FF;
D182 : FF;
D183 : FF;
D184 : FF;
D185 : FF;
D186 : FF;
D187 : FF;
D188 : FF;
D189 : FF;
D18A : FF;
D18B : FF;
D18C : FF;
D18D : FF;
D18E : FF;
D18F : FF;
D190 : FF;
D191 : FF;
D192 : FF;
D193 : FF;
D194 : FF;
D195 : FF;
D196 : FF;
D197 : FF;
D198 : FF;
D199 : FF;
D19A : FF;
D19B : FF;
D19C : FF;
D19D : FF;
D19E : FF;
D19F : FF;
D1A0 : FF;
D1A1 : FF;
D1A2 : FF;
D1A3 : FF;
D1A4 : FF;
D1A5 : FF;
D1A6 : FF;
D1A7 : FF;
D1A8 : FF;
D1A9 : FF;
D1AA : FF;
D1AB : FF;
D1AC : FF;
D1AD : FF;
D1AE : FF;
D1AF : FF;
D1B0 : FF;
D1B1 : FF;
D1B2 : FF;
D1B3 : FF;
D1B4 : FF;
D1B5 : FF;
D1B6 : FF;
D1B7 : FF;
D1B8 : FF;
D1B9 : FF;
D1BA : FF;
D1BB : FF;
D1BC : FF;
D1BD : FF;
D1BE : FF;
D1BF : FF;
D1C0 : FF;
D1C1 : FF;
D1C2 : FF;
D1C3 : FF;
D1C4 : FF;
D1C5 : FF;
D1C6 : FF;
D1C7 : FF;
D1C8 : FF;
D1C9 : FF;
D1CA : FF;
D1CB : FF;
D1CC : FF;
D1CD : FF;
D1CE : FF;
D1CF : FF;
D1D0 : FF;
D1D1 : FF;
D1D2 : FF;
D1D3 : FF;
D1D4 : FF;
D1D5 : FF;
D1D6 : FF;
D1D7 : FF;
D1D8 : FF;
D1D9 : FF;
D1DA : FF;
D1DB : FF;
D1DC : FF;
D1DD : FF;
D1DE : FF;
D1DF : FF;
D1E0 : FF;
D1E1 : FF;
D1E2 : FF;
D1E3 : FF;
D1E4 : FF;
D1E5 : FF;
D1E6 : FF;
D1E7 : FF;
D1E8 : FF;
D1E9 : FF;
D1EA : FF;
D1EB : FF;
D1EC : FF;
D1ED : FF;
D1EE : FF;
D1EF : FF;
D1F0 : FF;
D1F1 : FF;
D1F2 : FF;
D1F3 : FF;
D1F4 : FF;
D1F5 : FF;
D1F6 : FF;
D1F7 : FF;
D1F8 : FF;
D1F9 : FF;
D1FA : FF;
D1FB : FF;
D1FC : FF;
D1FD : FF;
D1FE : FF;
D1FF : FF;
D200 : FF;
D201 : FF;
D202 : FF;
D203 : FF;
D204 : FF;
D205 : FF;
D206 : FF;
D207 : FF;
D208 : FF;
D209 : FF;
D20A : FF;
D20B : FF;
D20C : FF;
D20D : FF;
D20E : FF;
D20F : FF;
D210 : FF;
D211 : FF;
D212 : FF;
D213 : FF;
D214 : FF;
D215 : FF;
D216 : FF;
D217 : FF;
D218 : FF;
D219 : FF;
D21A : FF;
D21B : FF;
D21C : FF;
D21D : FF;
D21E : FF;
D21F : FF;
D220 : FF;
D221 : FF;
D222 : FF;
D223 : FF;
D224 : FF;
D225 : FF;
D226 : FF;
D227 : FF;
D228 : FF;
D229 : FF;
D22A : FF;
D22B : FF;
D22C : FF;
D22D : FF;
D22E : FF;
D22F : FF;
D230 : FF;
D231 : FF;
D232 : FF;
D233 : FF;
D234 : FF;
D235 : FF;
D236 : FF;
D237 : FF;
D238 : FF;
D239 : FF;
D23A : FF;
D23B : FF;
D23C : FF;
D23D : FF;
D23E : FF;
D23F : FF;
D240 : FF;
D241 : FF;
D242 : FF;
D243 : FF;
D244 : FF;
D245 : FF;
D246 : FF;
D247 : FF;
D248 : FF;
D249 : FF;
D24A : FF;
D24B : FF;
D24C : FF;
D24D : FF;
D24E : FF;
D24F : FF;
D250 : FF;
D251 : FF;
D252 : FF;
D253 : FF;
D254 : FF;
D255 : FF;
D256 : FF;
D257 : FF;
D258 : FF;
D259 : FF;
D25A : FF;
D25B : FF;
D25C : FF;
D25D : FF;
D25E : FF;
D25F : FF;
D260 : FF;
D261 : FF;
D262 : FF;
D263 : FF;
D264 : FF;
D265 : FF;
D266 : FF;
D267 : FF;
D268 : FF;
D269 : FF;
D26A : FF;
D26B : FF;
D26C : FF;
D26D : FF;
D26E : FF;
D26F : FF;
D270 : FF;
D271 : FF;
D272 : FF;
D273 : FF;
D274 : FF;
D275 : FF;
D276 : FF;
D277 : FF;
D278 : FF;
D279 : FF;
D27A : FF;
D27B : FF;
D27C : FF;
D27D : FF;
D27E : FF;
D27F : FF;
D280 : FF;
D281 : FF;
D282 : FF;
D283 : FF;
D284 : FF;
D285 : FF;
D286 : FF;
D287 : FF;
D288 : FF;
D289 : FF;
D28A : FF;
D28B : FF;
D28C : FF;
D28D : FF;
D28E : FF;
D28F : FF;
D290 : FF;
D291 : FF;
D292 : FF;
D293 : FF;
D294 : FF;
D295 : FF;
D296 : FF;
D297 : FF;
D298 : FF;
D299 : FF;
D29A : FF;
D29B : FF;
D29C : FF;
D29D : FF;
D29E : FF;
D29F : FF;
D2A0 : FF;
D2A1 : FF;
D2A2 : FF;
D2A3 : FF;
D2A4 : FF;
D2A5 : FF;
D2A6 : FF;
D2A7 : FF;
D2A8 : FF;
D2A9 : FF;
D2AA : FF;
D2AB : FF;
D2AC : FF;
D2AD : FF;
D2AE : FF;
D2AF : FF;
D2B0 : FF;
D2B1 : FF;
D2B2 : FF;
D2B3 : FF;
D2B4 : FF;
D2B5 : FF;
D2B6 : FF;
D2B7 : FF;
D2B8 : FF;
D2B9 : FF;
D2BA : FF;
D2BB : FF;
D2BC : FF;
D2BD : FF;
D2BE : FF;
D2BF : FF;
D2C0 : FF;
D2C1 : FF;
D2C2 : FF;
D2C3 : FF;
D2C4 : FF;
D2C5 : FF;
D2C6 : FF;
D2C7 : FF;
D2C8 : FF;
D2C9 : FF;
D2CA : FF;
D2CB : FF;
D2CC : FF;
D2CD : FF;
D2CE : FF;
D2CF : FF;
D2D0 : FF;
D2D1 : FF;
D2D2 : FF;
D2D3 : FF;
D2D4 : FF;
D2D5 : FF;
D2D6 : FF;
D2D7 : FF;
D2D8 : FF;
D2D9 : FF;
D2DA : FF;
D2DB : FF;
D2DC : FF;
D2DD : FF;
D2DE : FF;
D2DF : FF;
D2E0 : FF;
D2E1 : FF;
D2E2 : FF;
D2E3 : FF;
D2E4 : FF;
D2E5 : FF;
D2E6 : FF;
D2E7 : FF;
D2E8 : FF;
D2E9 : FF;
D2EA : FF;
D2EB : FF;
D2EC : FF;
D2ED : FF;
D2EE : FF;
D2EF : FF;
D2F0 : FF;
D2F1 : FF;
D2F2 : FF;
D2F3 : FF;
D2F4 : FF;
D2F5 : FF;
D2F6 : FF;
D2F7 : FF;
D2F8 : FF;
D2F9 : FF;
D2FA : FF;
D2FB : FF;
D2FC : FF;
D2FD : FF;
D2FE : FF;
D2FF : FF;
D300 : FF;
D301 : FF;
D302 : FF;
D303 : FF;
D304 : FF;
D305 : FF;
D306 : FF;
D307 : FF;
D308 : FF;
D309 : FF;
D30A : FF;
D30B : FF;
D30C : FF;
D30D : FF;
D30E : FF;
D30F : FF;
D310 : FF;
D311 : FF;
D312 : FF;
D313 : FF;
D314 : FF;
D315 : FF;
D316 : FF;
D317 : FF;
D318 : FF;
D319 : FF;
D31A : FF;
D31B : FF;
D31C : FF;
D31D : FF;
D31E : FF;
D31F : FF;
D320 : FF;
D321 : FF;
D322 : FF;
D323 : FF;
D324 : FF;
D325 : FF;
D326 : FF;
D327 : FF;
D328 : FF;
D329 : FF;
D32A : FF;
D32B : FF;
D32C : FF;
D32D : FF;
D32E : FF;
D32F : FF;
D330 : FF;
D331 : FF;
D332 : FF;
D333 : FF;
D334 : FF;
D335 : FF;
D336 : FF;
D337 : FF;
D338 : FF;
D339 : FF;
D33A : FF;
D33B : FF;
D33C : FF;
D33D : FF;
D33E : FF;
D33F : FF;
D340 : FF;
D341 : FF;
D342 : FF;
D343 : FF;
D344 : FF;
D345 : FF;
D346 : FF;
D347 : FF;
D348 : FF;
D349 : FF;
D34A : FF;
D34B : FF;
D34C : FF;
D34D : FF;
D34E : FF;
D34F : FF;
D350 : FF;
D351 : FF;
D352 : FF;
D353 : FF;
D354 : FF;
D355 : FF;
D356 : FF;
D357 : FF;
D358 : FF;
D359 : FF;
D35A : FF;
D35B : FF;
D35C : FF;
D35D : FF;
D35E : FF;
D35F : FF;
D360 : FF;
D361 : FF;
D362 : FF;
D363 : FF;
D364 : FF;
D365 : FF;
D366 : FF;
D367 : FF;
D368 : FF;
D369 : FF;
D36A : FF;
D36B : FF;
D36C : FF;
D36D : FF;
D36E : FF;
D36F : FF;
D370 : FF;
D371 : FF;
D372 : FF;
D373 : FF;
D374 : FF;
D375 : FF;
D376 : FF;
D377 : FF;
D378 : FF;
D379 : FF;
D37A : FF;
D37B : FF;
D37C : FF;
D37D : FF;
D37E : FF;
D37F : FF;
D380 : FF;
D381 : FF;
D382 : FF;
D383 : FF;
D384 : FF;
D385 : FF;
D386 : FF;
D387 : FF;
D388 : FF;
D389 : FF;
D38A : FF;
D38B : FF;
D38C : FF;
D38D : FF;
D38E : FF;
D38F : FF;
D390 : FF;
D391 : FF;
D392 : FF;
D393 : FF;
D394 : FF;
D395 : FF;
D396 : FF;
D397 : FF;
D398 : FF;
D399 : FF;
D39A : FF;
D39B : FF;
D39C : FF;
D39D : FF;
D39E : FF;
D39F : FF;
D3A0 : FF;
D3A1 : FF;
D3A2 : FF;
D3A3 : FF;
D3A4 : FF;
D3A5 : FF;
D3A6 : FF;
D3A7 : FF;
D3A8 : FF;
D3A9 : FF;
D3AA : FF;
D3AB : FF;
D3AC : FF;
D3AD : FF;
D3AE : FF;
D3AF : FF;
D3B0 : FF;
D3B1 : FF;
D3B2 : FF;
D3B3 : FF;
D3B4 : FF;
D3B5 : FF;
D3B6 : FF;
D3B7 : FF;
D3B8 : FF;
D3B9 : FF;
D3BA : FF;
D3BB : FF;
D3BC : FF;
D3BD : FF;
D3BE : FF;
D3BF : FF;
D3C0 : FF;
D3C1 : FF;
D3C2 : FF;
D3C3 : FF;
D3C4 : FF;
D3C5 : FF;
D3C6 : FF;
D3C7 : FF;
D3C8 : FF;
D3C9 : FF;
D3CA : FF;
D3CB : FF;
D3CC : FF;
D3CD : FF;
D3CE : FF;
D3CF : FF;
D3D0 : FF;
D3D1 : FF;
D3D2 : FF;
D3D3 : FF;
D3D4 : FF;
D3D5 : FF;
D3D6 : FF;
D3D7 : FF;
D3D8 : FF;
D3D9 : FF;
D3DA : FF;
D3DB : FF;
D3DC : FF;
D3DD : FF;
D3DE : FF;
D3DF : FF;
D3E0 : FF;
D3E1 : FF;
D3E2 : FF;
D3E3 : FF;
D3E4 : FF;
D3E5 : FF;
D3E6 : FF;
D3E7 : FF;
D3E8 : FF;
D3E9 : FF;
D3EA : FF;
D3EB : FF;
D3EC : FF;
D3ED : FF;
D3EE : FF;
D3EF : FF;
D3F0 : FF;
D3F1 : FF;
D3F2 : FF;
D3F3 : FF;
D3F4 : FF;
D3F5 : FF;
D3F6 : FF;
D3F7 : FF;
D3F8 : FF;
D3F9 : FF;
D3FA : FF;
D3FB : FF;
D3FC : FF;
D3FD : FF;
D3FE : FF;
D3FF : FF;
D400 : FF;
D401 : FF;
D402 : FF;
D403 : FF;
D404 : FF;
D405 : FF;
D406 : FF;
D407 : FF;
D408 : FF;
D409 : FF;
D40A : FF;
D40B : FF;
D40C : FF;
D40D : FF;
D40E : FF;
D40F : FF;
D410 : FF;
D411 : FF;
D412 : FF;
D413 : FF;
D414 : FF;
D415 : FF;
D416 : FF;
D417 : FF;
D418 : FF;
D419 : FF;
D41A : FF;
D41B : FF;
D41C : FF;
D41D : FF;
D41E : FF;
D41F : FF;
D420 : FF;
D421 : FF;
D422 : FF;
D423 : FF;
D424 : FF;
D425 : FF;
D426 : FF;
D427 : FF;
D428 : FF;
D429 : FF;
D42A : FF;
D42B : FF;
D42C : FF;
D42D : FF;
D42E : FF;
D42F : FF;
D430 : FF;
D431 : FF;
D432 : FF;
D433 : FF;
D434 : FF;
D435 : FF;
D436 : FF;
D437 : FF;
D438 : FF;
D439 : FF;
D43A : FF;
D43B : FF;
D43C : FF;
D43D : FF;
D43E : FF;
D43F : FF;
D440 : FF;
D441 : FF;
D442 : FF;
D443 : FF;
D444 : FF;
D445 : FF;
D446 : FF;
D447 : FF;
D448 : FF;
D449 : FF;
D44A : FF;
D44B : FF;
D44C : FF;
D44D : FF;
D44E : FF;
D44F : FF;
D450 : FF;
D451 : FF;
D452 : FF;
D453 : FF;
D454 : FF;
D455 : FF;
D456 : FF;
D457 : FF;
D458 : FF;
D459 : FF;
D45A : FF;
D45B : FF;
D45C : FF;
D45D : FF;
D45E : FF;
D45F : FF;
D460 : FF;
D461 : FF;
D462 : FF;
D463 : FF;
D464 : FF;
D465 : FF;
D466 : FF;
D467 : FF;
D468 : FF;
D469 : FF;
D46A : FF;
D46B : FF;
D46C : FF;
D46D : FF;
D46E : FF;
D46F : FF;
D470 : FF;
D471 : FF;
D472 : FF;
D473 : FF;
D474 : FF;
D475 : FF;
D476 : FF;
D477 : FF;
D478 : FF;
D479 : FF;
D47A : FF;
D47B : FF;
D47C : FF;
D47D : FF;
D47E : FF;
D47F : FF;
D480 : FF;
D481 : FF;
D482 : FF;
D483 : FF;
D484 : FF;
D485 : FF;
D486 : FF;
D487 : FF;
D488 : FF;
D489 : FF;
D48A : FF;
D48B : FF;
D48C : FF;
D48D : FF;
D48E : FF;
D48F : FF;
D490 : FF;
D491 : FF;
D492 : FF;
D493 : FF;
D494 : FF;
D495 : FF;
D496 : FF;
D497 : FF;
D498 : FF;
D499 : FF;
D49A : FF;
D49B : FF;
D49C : FF;
D49D : FF;
D49E : FF;
D49F : FF;
D4A0 : FF;
D4A1 : FF;
D4A2 : FF;
D4A3 : FF;
D4A4 : FF;
D4A5 : FF;
D4A6 : FF;
D4A7 : FF;
D4A8 : FF;
D4A9 : FF;
D4AA : FF;
D4AB : FF;
D4AC : FF;
D4AD : FF;
D4AE : FF;
D4AF : FF;
D4B0 : FF;
D4B1 : FF;
D4B2 : FF;
D4B3 : FF;
D4B4 : FF;
D4B5 : FF;
D4B6 : FF;
D4B7 : FF;
D4B8 : FF;
D4B9 : FF;
D4BA : FF;
D4BB : FF;
D4BC : FF;
D4BD : FF;
D4BE : FF;
D4BF : FF;
D4C0 : FF;
D4C1 : FF;
D4C2 : FF;
D4C3 : FF;
D4C4 : FF;
D4C5 : FF;
D4C6 : FF;
D4C7 : FF;
D4C8 : FF;
D4C9 : FF;
D4CA : FF;
D4CB : FF;
D4CC : FF;
D4CD : FF;
D4CE : FF;
D4CF : FF;
D4D0 : FF;
D4D1 : FF;
D4D2 : FF;
D4D3 : FF;
D4D4 : FF;
D4D5 : FF;
D4D6 : FF;
D4D7 : FF;
D4D8 : FF;
D4D9 : FF;
D4DA : FF;
D4DB : FF;
D4DC : FF;
D4DD : FF;
D4DE : FF;
D4DF : FF;
D4E0 : FF;
D4E1 : FF;
D4E2 : FF;
D4E3 : FF;
D4E4 : FF;
D4E5 : FF;
D4E6 : FF;
D4E7 : FF;
D4E8 : FF;
D4E9 : FF;
D4EA : FF;
D4EB : FF;
D4EC : FF;
D4ED : FF;
D4EE : FF;
D4EF : FF;
D4F0 : FF;
D4F1 : FF;
D4F2 : FF;
D4F3 : FF;
D4F4 : FF;
D4F5 : FF;
D4F6 : FF;
D4F7 : FF;
D4F8 : FF;
D4F9 : FF;
D4FA : FF;
D4FB : FF;
D4FC : FF;
D4FD : FF;
D4FE : FF;
D4FF : FF;
D500 : FF;
D501 : FF;
D502 : FF;
D503 : FF;
D504 : FF;
D505 : FF;
D506 : FF;
D507 : FF;
D508 : FF;
D509 : FF;
D50A : FF;
D50B : FF;
D50C : FF;
D50D : FF;
D50E : FF;
D50F : FF;
D510 : FF;
D511 : FF;
D512 : FF;
D513 : FF;
D514 : FF;
D515 : FF;
D516 : FF;
D517 : FF;
D518 : FF;
D519 : FF;
D51A : FF;
D51B : FF;
D51C : FF;
D51D : FF;
D51E : FF;
D51F : FF;
D520 : FF;
D521 : FF;
D522 : FF;
D523 : FF;
D524 : FF;
D525 : FF;
D526 : FF;
D527 : FF;
D528 : FF;
D529 : FF;
D52A : FF;
D52B : FF;
D52C : FF;
D52D : FF;
D52E : FF;
D52F : FF;
D530 : FF;
D531 : FF;
D532 : FF;
D533 : FF;
D534 : FF;
D535 : FF;
D536 : FF;
D537 : FF;
D538 : FF;
D539 : FF;
D53A : FF;
D53B : FF;
D53C : FF;
D53D : FF;
D53E : FF;
D53F : FF;
D540 : FF;
D541 : FF;
D542 : FF;
D543 : FF;
D544 : FF;
D545 : FF;
D546 : FF;
D547 : FF;
D548 : FF;
D549 : FF;
D54A : FF;
D54B : FF;
D54C : FF;
D54D : FF;
D54E : FF;
D54F : FF;
D550 : FF;
D551 : FF;
D552 : FF;
D553 : FF;
D554 : FF;
D555 : FF;
D556 : FF;
D557 : FF;
D558 : FF;
D559 : FF;
D55A : FF;
D55B : FF;
D55C : FF;
D55D : FF;
D55E : FF;
D55F : FF;
D560 : FF;
D561 : FF;
D562 : FF;
D563 : FF;
D564 : FF;
D565 : FF;
D566 : FF;
D567 : FF;
D568 : FF;
D569 : FF;
D56A : FF;
D56B : FF;
D56C : FF;
D56D : FF;
D56E : FF;
D56F : FF;
D570 : FF;
D571 : FF;
D572 : FF;
D573 : FF;
D574 : FF;
D575 : FF;
D576 : FF;
D577 : FF;
D578 : FF;
D579 : FF;
D57A : FF;
D57B : FF;
D57C : FF;
D57D : FF;
D57E : FF;
D57F : FF;
D580 : FF;
D581 : FF;
D582 : FF;
D583 : FF;
D584 : FF;
D585 : FF;
D586 : FF;
D587 : FF;
D588 : FF;
D589 : FF;
D58A : FF;
D58B : FF;
D58C : FF;
D58D : FF;
D58E : FF;
D58F : FF;
D590 : FF;
D591 : FF;
D592 : FF;
D593 : FF;
D594 : FF;
D595 : FF;
D596 : FF;
D597 : FF;
D598 : FF;
D599 : FF;
D59A : FF;
D59B : FF;
D59C : FF;
D59D : FF;
D59E : FF;
D59F : FF;
D5A0 : FF;
D5A1 : FF;
D5A2 : FF;
D5A3 : FF;
D5A4 : FF;
D5A5 : FF;
D5A6 : FF;
D5A7 : FF;
D5A8 : FF;
D5A9 : FF;
D5AA : FF;
D5AB : FF;
D5AC : FF;
D5AD : FF;
D5AE : FF;
D5AF : FF;
D5B0 : FF;
D5B1 : FF;
D5B2 : FF;
D5B3 : FF;
D5B4 : FF;
D5B5 : FF;
D5B6 : FF;
D5B7 : FF;
D5B8 : FF;
D5B9 : FF;
D5BA : FF;
D5BB : FF;
D5BC : FF;
D5BD : FF;
D5BE : FF;
D5BF : FF;
D5C0 : FF;
D5C1 : FF;
D5C2 : FF;
D5C3 : FF;
D5C4 : FF;
D5C5 : FF;
D5C6 : FF;
D5C7 : FF;
D5C8 : FF;
D5C9 : FF;
D5CA : FF;
D5CB : FF;
D5CC : FF;
D5CD : FF;
D5CE : FF;
D5CF : FF;
D5D0 : FF;
D5D1 : FF;
D5D2 : FF;
D5D3 : FF;
D5D4 : FF;
D5D5 : FF;
D5D6 : FF;
D5D7 : FF;
D5D8 : FF;
D5D9 : FF;
D5DA : FF;
D5DB : FF;
D5DC : FF;
D5DD : FF;
D5DE : FF;
D5DF : FF;
D5E0 : FF;
D5E1 : FF;
D5E2 : FF;
D5E3 : FF;
D5E4 : FF;
D5E5 : FF;
D5E6 : FF;
D5E7 : FF;
D5E8 : FF;
D5E9 : FF;
D5EA : FF;
D5EB : FF;
D5EC : FF;
D5ED : FF;
D5EE : FF;
D5EF : FF;
D5F0 : FF;
D5F1 : FF;
D5F2 : FF;
D5F3 : FF;
D5F4 : FF;
D5F5 : FF;
D5F6 : FF;
D5F7 : FF;
D5F8 : FF;
D5F9 : FF;
D5FA : FF;
D5FB : FF;
D5FC : FF;
D5FD : FF;
D5FE : FF;
D5FF : FF;
D600 : FF;
D601 : FF;
D602 : FF;
D603 : FF;
D604 : FF;
D605 : FF;
D606 : FF;
D607 : FF;
D608 : FF;
D609 : FF;
D60A : FF;
D60B : FF;
D60C : FF;
D60D : FF;
D60E : FF;
D60F : FF;
D610 : FF;
D611 : FF;
D612 : FF;
D613 : FF;
D614 : FF;
D615 : FF;
D616 : FF;
D617 : FF;
D618 : FF;
D619 : FF;
D61A : FF;
D61B : FF;
D61C : FF;
D61D : FF;
D61E : FF;
D61F : FF;
D620 : FF;
D621 : FF;
D622 : FF;
D623 : FF;
D624 : FF;
D625 : FF;
D626 : FF;
D627 : FF;
D628 : FF;
D629 : FF;
D62A : FF;
D62B : FF;
D62C : FF;
D62D : FF;
D62E : FF;
D62F : FF;
D630 : FF;
D631 : FF;
D632 : FF;
D633 : FF;
D634 : FF;
D635 : FF;
D636 : FF;
D637 : FF;
D638 : FF;
D639 : FF;
D63A : FF;
D63B : FF;
D63C : FF;
D63D : FF;
D63E : FF;
D63F : FF;
D640 : FF;
D641 : FF;
D642 : FF;
D643 : FF;
D644 : FF;
D645 : FF;
D646 : FF;
D647 : FF;
D648 : FF;
D649 : FF;
D64A : FF;
D64B : FF;
D64C : FF;
D64D : FF;
D64E : FF;
D64F : FF;
D650 : FF;
D651 : FF;
D652 : FF;
D653 : FF;
D654 : FF;
D655 : FF;
D656 : FF;
D657 : FF;
D658 : FF;
D659 : FF;
D65A : FF;
D65B : FF;
D65C : FF;
D65D : FF;
D65E : FF;
D65F : FF;
D660 : FF;
D661 : FF;
D662 : FF;
D663 : FF;
D664 : FF;
D665 : FF;
D666 : FF;
D667 : FF;
D668 : FF;
D669 : FF;
D66A : FF;
D66B : FF;
D66C : FF;
D66D : FF;
D66E : FF;
D66F : FF;
D670 : FF;
D671 : FF;
D672 : FF;
D673 : FF;
D674 : FF;
D675 : FF;
D676 : FF;
D677 : FF;
D678 : FF;
D679 : FF;
D67A : FF;
D67B : FF;
D67C : FF;
D67D : FF;
D67E : FF;
D67F : FF;
D680 : FF;
D681 : FF;
D682 : FF;
D683 : FF;
D684 : FF;
D685 : FF;
D686 : FF;
D687 : FF;
D688 : FF;
D689 : FF;
D68A : FF;
D68B : FF;
D68C : FF;
D68D : FF;
D68E : FF;
D68F : FF;
D690 : FF;
D691 : FF;
D692 : FF;
D693 : FF;
D694 : FF;
D695 : FF;
D696 : FF;
D697 : FF;
D698 : FF;
D699 : FF;
D69A : FF;
D69B : FF;
D69C : FF;
D69D : FF;
D69E : FF;
D69F : FF;
D6A0 : FF;
D6A1 : FF;
D6A2 : FF;
D6A3 : FF;
D6A4 : FF;
D6A5 : FF;
D6A6 : FF;
D6A7 : FF;
D6A8 : FF;
D6A9 : FF;
D6AA : FF;
D6AB : FF;
D6AC : FF;
D6AD : FF;
D6AE : FF;
D6AF : FF;
D6B0 : FF;
D6B1 : FF;
D6B2 : FF;
D6B3 : FF;
D6B4 : FF;
D6B5 : FF;
D6B6 : FF;
D6B7 : FF;
D6B8 : FF;
D6B9 : FF;
D6BA : FF;
D6BB : FF;
D6BC : FF;
D6BD : FF;
D6BE : FF;
D6BF : FF;
D6C0 : FF;
D6C1 : FF;
D6C2 : FF;
D6C3 : FF;
D6C4 : FF;
D6C5 : FF;
D6C6 : FF;
D6C7 : FF;
D6C8 : FF;
D6C9 : FF;
D6CA : FF;
D6CB : FF;
D6CC : FF;
D6CD : FF;
D6CE : FF;
D6CF : FF;
D6D0 : FF;
D6D1 : FF;
D6D2 : FF;
D6D3 : FF;
D6D4 : FF;
D6D5 : FF;
D6D6 : FF;
D6D7 : FF;
D6D8 : FF;
D6D9 : FF;
D6DA : FF;
D6DB : FF;
D6DC : FF;
D6DD : FF;
D6DE : FF;
D6DF : FF;
D6E0 : FF;
D6E1 : FF;
D6E2 : FF;
D6E3 : FF;
D6E4 : FF;
D6E5 : FF;
D6E6 : FF;
D6E7 : FF;
D6E8 : FF;
D6E9 : FF;
D6EA : FF;
D6EB : FF;
D6EC : FF;
D6ED : FF;
D6EE : FF;
D6EF : FF;
D6F0 : FF;
D6F1 : FF;
D6F2 : FF;
D6F3 : FF;
D6F4 : FF;
D6F5 : FF;
D6F6 : FF;
D6F7 : FF;
D6F8 : FF;
D6F9 : FF;
D6FA : FF;
D6FB : FF;
D6FC : FF;
D6FD : FF;
D6FE : FF;
D6FF : FF;
D700 : FF;
D701 : FF;
D702 : FF;
D703 : FF;
D704 : FF;
D705 : FF;
D706 : FF;
D707 : FF;
D708 : FF;
D709 : FF;
D70A : FF;
D70B : FF;
D70C : FF;
D70D : FF;
D70E : FF;
D70F : FF;
D710 : FF;
D711 : FF;
D712 : FF;
D713 : FF;
D714 : FF;
D715 : FF;
D716 : FF;
D717 : FF;
D718 : FF;
D719 : FF;
D71A : FF;
D71B : FF;
D71C : FF;
D71D : FF;
D71E : FF;
D71F : FF;
D720 : FF;
D721 : FF;
D722 : FF;
D723 : FF;
D724 : FF;
D725 : FF;
D726 : FF;
D727 : FF;
D728 : FF;
D729 : FF;
D72A : FF;
D72B : FF;
D72C : FF;
D72D : FF;
D72E : FF;
D72F : FF;
D730 : FF;
D731 : FF;
D732 : FF;
D733 : FF;
D734 : FF;
D735 : FF;
D736 : FF;
D737 : FF;
D738 : FF;
D739 : FF;
D73A : FF;
D73B : FF;
D73C : FF;
D73D : FF;
D73E : FF;
D73F : FF;
D740 : FF;
D741 : FF;
D742 : FF;
D743 : FF;
D744 : FF;
D745 : FF;
D746 : FF;
D747 : FF;
D748 : FF;
D749 : FF;
D74A : FF;
D74B : FF;
D74C : FF;
D74D : FF;
D74E : FF;
D74F : FF;
D750 : FF;
D751 : FF;
D752 : FF;
D753 : FF;
D754 : FF;
D755 : FF;
D756 : FF;
D757 : FF;
D758 : FF;
D759 : FF;
D75A : FF;
D75B : FF;
D75C : FF;
D75D : FF;
D75E : FF;
D75F : FF;
D760 : FF;
D761 : FF;
D762 : FF;
D763 : FF;
D764 : FF;
D765 : FF;
D766 : FF;
D767 : FF;
D768 : FF;
D769 : FF;
D76A : FF;
D76B : FF;
D76C : FF;
D76D : FF;
D76E : FF;
D76F : FF;
D770 : FF;
D771 : FF;
D772 : FF;
D773 : FF;
D774 : FF;
D775 : FF;
D776 : FF;
D777 : FF;
D778 : FF;
D779 : FF;
D77A : FF;
D77B : FF;
D77C : FF;
D77D : FF;
D77E : FF;
D77F : FF;
D780 : FF;
D781 : FF;
D782 : FF;
D783 : FF;
D784 : FF;
D785 : FF;
D786 : FF;
D787 : FF;
D788 : FF;
D789 : FF;
D78A : FF;
D78B : FF;
D78C : FF;
D78D : FF;
D78E : FF;
D78F : FF;
D790 : FF;
D791 : FF;
D792 : FF;
D793 : FF;
D794 : FF;
D795 : FF;
D796 : FF;
D797 : FF;
D798 : FF;
D799 : FF;
D79A : FF;
D79B : FF;
D79C : FF;
D79D : FF;
D79E : FF;
D79F : FF;
D7A0 : FF;
D7A1 : FF;
D7A2 : FF;
D7A3 : FF;
D7A4 : FF;
D7A5 : FF;
D7A6 : FF;
D7A7 : FF;
D7A8 : FF;
D7A9 : FF;
D7AA : FF;
D7AB : FF;
D7AC : FF;
D7AD : FF;
D7AE : FF;
D7AF : FF;
D7B0 : FF;
D7B1 : FF;
D7B2 : FF;
D7B3 : FF;
D7B4 : FF;
D7B5 : FF;
D7B6 : FF;
D7B7 : FF;
D7B8 : FF;
D7B9 : FF;
D7BA : FF;
D7BB : FF;
D7BC : FF;
D7BD : FF;
D7BE : FF;
D7BF : FF;
D7C0 : FF;
D7C1 : FF;
D7C2 : FF;
D7C3 : FF;
D7C4 : FF;
D7C5 : FF;
D7C6 : FF;
D7C7 : FF;
D7C8 : FF;
D7C9 : FF;
D7CA : FF;
D7CB : FF;
D7CC : FF;
D7CD : FF;
D7CE : FF;
D7CF : FF;
D7D0 : FF;
D7D1 : FF;
D7D2 : FF;
D7D3 : FF;
D7D4 : FF;
D7D5 : FF;
D7D6 : FF;
D7D7 : FF;
D7D8 : FF;
D7D9 : FF;
D7DA : FF;
D7DB : FF;
D7DC : FF;
D7DD : FF;
D7DE : FF;
D7DF : FF;
D7E0 : FF;
D7E1 : FF;
D7E2 : FF;
D7E3 : FF;
D7E4 : FF;
D7E5 : FF;
D7E6 : FF;
D7E7 : FF;
D7E8 : FF;
D7E9 : FF;
D7EA : FF;
D7EB : FF;
D7EC : FF;
D7ED : FF;
D7EE : FF;
D7EF : FF;
D7F0 : FF;
D7F1 : FF;
D7F2 : FF;
D7F3 : FF;
D7F4 : FF;
D7F5 : FF;
D7F6 : FF;
D7F7 : FF;
D7F8 : FF;
D7F9 : FF;
D7FA : FF;
D7FB : FF;
D7FC : FF;
D7FD : FF;
D7FE : FF;
D7FF : FF;
D800 : FF;
D801 : FF;
D802 : FF;
D803 : FF;
D804 : FF;
D805 : FF;
D806 : FF;
D807 : FF;
D808 : FF;
D809 : FF;
D80A : FF;
D80B : FF;
D80C : FF;
D80D : FF;
D80E : FF;
D80F : FF;
D810 : FF;
D811 : FF;
D812 : FF;
D813 : FF;
D814 : FF;
D815 : FF;
D816 : FF;
D817 : FF;
D818 : FF;
D819 : FF;
D81A : FF;
D81B : FF;
D81C : FF;
D81D : FF;
D81E : FF;
D81F : FF;
D820 : FF;
D821 : FF;
D822 : FF;
D823 : FF;
D824 : FF;
D825 : FF;
D826 : FF;
D827 : FF;
D828 : FF;
D829 : FF;
D82A : FF;
D82B : FF;
D82C : FF;
D82D : FF;
D82E : FF;
D82F : FF;
D830 : FF;
D831 : FF;
D832 : FF;
D833 : FF;
D834 : FF;
D835 : FF;
D836 : FF;
D837 : FF;
D838 : FF;
D839 : FF;
D83A : FF;
D83B : FF;
D83C : FF;
D83D : FF;
D83E : FF;
D83F : FF;
D840 : FF;
D841 : FF;
D842 : FF;
D843 : FF;
D844 : FF;
D845 : FF;
D846 : FF;
D847 : FF;
D848 : FF;
D849 : FF;
D84A : FF;
D84B : FF;
D84C : FF;
D84D : FF;
D84E : FF;
D84F : FF;
D850 : FF;
D851 : FF;
D852 : FF;
D853 : FF;
D854 : FF;
D855 : FF;
D856 : FF;
D857 : FF;
D858 : FF;
D859 : FF;
D85A : FF;
D85B : FF;
D85C : FF;
D85D : FF;
D85E : FF;
D85F : FF;
D860 : FF;
D861 : FF;
D862 : FF;
D863 : FF;
D864 : FF;
D865 : FF;
D866 : FF;
D867 : FF;
D868 : FF;
D869 : FF;
D86A : FF;
D86B : FF;
D86C : FF;
D86D : FF;
D86E : FF;
D86F : FF;
D870 : FF;
D871 : FF;
D872 : FF;
D873 : FF;
D874 : FF;
D875 : FF;
D876 : FF;
D877 : FF;
D878 : FF;
D879 : FF;
D87A : FF;
D87B : FF;
D87C : FF;
D87D : FF;
D87E : FF;
D87F : FF;
D880 : FF;
D881 : FF;
D882 : FF;
D883 : FF;
D884 : FF;
D885 : FF;
D886 : FF;
D887 : FF;
D888 : FF;
D889 : FF;
D88A : FF;
D88B : FF;
D88C : FF;
D88D : FF;
D88E : FF;
D88F : FF;
D890 : FF;
D891 : FF;
D892 : FF;
D893 : FF;
D894 : FF;
D895 : FF;
D896 : FF;
D897 : FF;
D898 : FF;
D899 : FF;
D89A : FF;
D89B : FF;
D89C : FF;
D89D : FF;
D89E : FF;
D89F : FF;
D8A0 : FF;
D8A1 : FF;
D8A2 : FF;
D8A3 : FF;
D8A4 : FF;
D8A5 : FF;
D8A6 : FF;
D8A7 : FF;
D8A8 : FF;
D8A9 : FF;
D8AA : FF;
D8AB : FF;
D8AC : FF;
D8AD : FF;
D8AE : FF;
D8AF : FF;
D8B0 : FF;
D8B1 : FF;
D8B2 : FF;
D8B3 : FF;
D8B4 : FF;
D8B5 : FF;
D8B6 : FF;
D8B7 : FF;
D8B8 : FF;
D8B9 : FF;
D8BA : FF;
D8BB : FF;
D8BC : FF;
D8BD : FF;
D8BE : FF;
D8BF : FF;
D8C0 : FF;
D8C1 : FF;
D8C2 : FF;
D8C3 : FF;
D8C4 : FF;
D8C5 : FF;
D8C6 : FF;
D8C7 : FF;
D8C8 : FF;
D8C9 : FF;
D8CA : FF;
D8CB : FF;
D8CC : FF;
D8CD : FF;
D8CE : FF;
D8CF : FF;
D8D0 : FF;
D8D1 : FF;
D8D2 : FF;
D8D3 : FF;
D8D4 : FF;
D8D5 : FF;
D8D6 : FF;
D8D7 : FF;
D8D8 : FF;
D8D9 : FF;
D8DA : FF;
D8DB : FF;
D8DC : FF;
D8DD : FF;
D8DE : FF;
D8DF : FF;
D8E0 : FF;
D8E1 : FF;
D8E2 : FF;
D8E3 : FF;
D8E4 : FF;
D8E5 : FF;
D8E6 : FF;
D8E7 : FF;
D8E8 : FF;
D8E9 : FF;
D8EA : FF;
D8EB : FF;
D8EC : FF;
D8ED : FF;
D8EE : FF;
D8EF : FF;
D8F0 : FF;
D8F1 : FF;
D8F2 : FF;
D8F3 : FF;
D8F4 : FF;
D8F5 : FF;
D8F6 : FF;
D8F7 : FF;
D8F8 : FF;
D8F9 : FF;
D8FA : FF;
D8FB : FF;
D8FC : FF;
D8FD : FF;
D8FE : FF;
D8FF : FF;
D900 : FF;
D901 : FF;
D902 : FF;
D903 : FF;
D904 : FF;
D905 : FF;
D906 : FF;
D907 : FF;
D908 : FF;
D909 : FF;
D90A : FF;
D90B : FF;
D90C : FF;
D90D : FF;
D90E : FF;
D90F : FF;
D910 : FF;
D911 : FF;
D912 : FF;
D913 : FF;
D914 : FF;
D915 : FF;
D916 : FF;
D917 : FF;
D918 : FF;
D919 : FF;
D91A : FF;
D91B : FF;
D91C : FF;
D91D : FF;
D91E : FF;
D91F : FF;
D920 : FF;
D921 : FF;
D922 : FF;
D923 : FF;
D924 : FF;
D925 : FF;
D926 : FF;
D927 : FF;
D928 : FF;
D929 : FF;
D92A : FF;
D92B : FF;
D92C : FF;
D92D : FF;
D92E : FF;
D92F : FF;
D930 : FF;
D931 : FF;
D932 : FF;
D933 : FF;
D934 : FF;
D935 : FF;
D936 : FF;
D937 : FF;
D938 : FF;
D939 : FF;
D93A : FF;
D93B : FF;
D93C : FF;
D93D : FF;
D93E : FF;
D93F : FF;
D940 : FF;
D941 : FF;
D942 : FF;
D943 : FF;
D944 : FF;
D945 : FF;
D946 : FF;
D947 : FF;
D948 : FF;
D949 : FF;
D94A : FF;
D94B : FF;
D94C : FF;
D94D : FF;
D94E : FF;
D94F : FF;
D950 : FF;
D951 : FF;
D952 : FF;
D953 : FF;
D954 : FF;
D955 : FF;
D956 : FF;
D957 : FF;
D958 : FF;
D959 : FF;
D95A : FF;
D95B : FF;
D95C : FF;
D95D : FF;
D95E : FF;
D95F : FF;
D960 : FF;
D961 : FF;
D962 : FF;
D963 : FF;
D964 : FF;
D965 : FF;
D966 : FF;
D967 : FF;
D968 : FF;
D969 : FF;
D96A : FF;
D96B : FF;
D96C : FF;
D96D : FF;
D96E : FF;
D96F : FF;
D970 : FF;
D971 : FF;
D972 : FF;
D973 : FF;
D974 : FF;
D975 : FF;
D976 : FF;
D977 : FF;
D978 : FF;
D979 : FF;
D97A : FF;
D97B : FF;
D97C : FF;
D97D : FF;
D97E : FF;
D97F : FF;
D980 : FF;
D981 : FF;
D982 : FF;
D983 : FF;
D984 : FF;
D985 : FF;
D986 : FF;
D987 : FF;
D988 : FF;
D989 : FF;
D98A : FF;
D98B : FF;
D98C : FF;
D98D : FF;
D98E : FF;
D98F : FF;
D990 : FF;
D991 : FF;
D992 : FF;
D993 : FF;
D994 : FF;
D995 : FF;
D996 : FF;
D997 : FF;
D998 : FF;
D999 : FF;
D99A : FF;
D99B : FF;
D99C : FF;
D99D : FF;
D99E : FF;
D99F : FF;
D9A0 : FF;
D9A1 : FF;
D9A2 : FF;
D9A3 : FF;
D9A4 : FF;
D9A5 : FF;
D9A6 : FF;
D9A7 : FF;
D9A8 : FF;
D9A9 : FF;
D9AA : FF;
D9AB : FF;
D9AC : FF;
D9AD : FF;
D9AE : FF;
D9AF : FF;
D9B0 : FF;
D9B1 : FF;
D9B2 : FF;
D9B3 : FF;
D9B4 : FF;
D9B5 : FF;
D9B6 : FF;
D9B7 : FF;
D9B8 : FF;
D9B9 : FF;
D9BA : FF;
D9BB : FF;
D9BC : FF;
D9BD : FF;
D9BE : FF;
D9BF : FF;
D9C0 : FF;
D9C1 : FF;
D9C2 : FF;
D9C3 : FF;
D9C4 : FF;
D9C5 : FF;
D9C6 : FF;
D9C7 : FF;
D9C8 : FF;
D9C9 : FF;
D9CA : FF;
D9CB : FF;
D9CC : FF;
D9CD : FF;
D9CE : FF;
D9CF : FF;
D9D0 : FF;
D9D1 : FF;
D9D2 : FF;
D9D3 : FF;
D9D4 : FF;
D9D5 : FF;
D9D6 : FF;
D9D7 : FF;
D9D8 : FF;
D9D9 : FF;
D9DA : FF;
D9DB : FF;
D9DC : FF;
D9DD : FF;
D9DE : FF;
D9DF : FF;
D9E0 : FF;
D9E1 : FF;
D9E2 : FF;
D9E3 : FF;
D9E4 : FF;
D9E5 : FF;
D9E6 : FF;
D9E7 : FF;
D9E8 : FF;
D9E9 : FF;
D9EA : FF;
D9EB : FF;
D9EC : FF;
D9ED : FF;
D9EE : FF;
D9EF : FF;
D9F0 : FF;
D9F1 : FF;
D9F2 : FF;
D9F3 : FF;
D9F4 : FF;
D9F5 : FF;
D9F6 : FF;
D9F7 : FF;
D9F8 : FF;
D9F9 : FF;
D9FA : FF;
D9FB : FF;
D9FC : FF;
D9FD : FF;
D9FE : FF;
D9FF : FF;
DA00 : FF;
DA01 : FF;
DA02 : FF;
DA03 : FF;
DA04 : FF;
DA05 : FF;
DA06 : FF;
DA07 : FF;
DA08 : FF;
DA09 : FF;
DA0A : FF;
DA0B : FF;
DA0C : FF;
DA0D : FF;
DA0E : FF;
DA0F : FF;
DA10 : FF;
DA11 : FF;
DA12 : FF;
DA13 : FF;
DA14 : FF;
DA15 : FF;
DA16 : FF;
DA17 : FF;
DA18 : FF;
DA19 : FF;
DA1A : FF;
DA1B : FF;
DA1C : FF;
DA1D : FF;
DA1E : FF;
DA1F : FF;
DA20 : FF;
DA21 : FF;
DA22 : FF;
DA23 : FF;
DA24 : FF;
DA25 : FF;
DA26 : FF;
DA27 : FF;
DA28 : FF;
DA29 : FF;
DA2A : FF;
DA2B : FF;
DA2C : FF;
DA2D : FF;
DA2E : FF;
DA2F : FF;
DA30 : FF;
DA31 : FF;
DA32 : FF;
DA33 : FF;
DA34 : FF;
DA35 : FF;
DA36 : FF;
DA37 : FF;
DA38 : FF;
DA39 : FF;
DA3A : FF;
DA3B : FF;
DA3C : FF;
DA3D : FF;
DA3E : FF;
DA3F : FF;
DA40 : FF;
DA41 : FF;
DA42 : FF;
DA43 : FF;
DA44 : FF;
DA45 : FF;
DA46 : FF;
DA47 : FF;
DA48 : FF;
DA49 : FF;
DA4A : FF;
DA4B : FF;
DA4C : FF;
DA4D : FF;
DA4E : FF;
DA4F : FF;
DA50 : FF;
DA51 : FF;
DA52 : FF;
DA53 : FF;
DA54 : FF;
DA55 : FF;
DA56 : FF;
DA57 : FF;
DA58 : FF;
DA59 : FF;
DA5A : FF;
DA5B : FF;
DA5C : FF;
DA5D : FF;
DA5E : FF;
DA5F : FF;
DA60 : FF;
DA61 : FF;
DA62 : FF;
DA63 : FF;
DA64 : FF;
DA65 : FF;
DA66 : FF;
DA67 : FF;
DA68 : FF;
DA69 : FF;
DA6A : FF;
DA6B : FF;
DA6C : FF;
DA6D : FF;
DA6E : FF;
DA6F : FF;
DA70 : FF;
DA71 : FF;
DA72 : FF;
DA73 : FF;
DA74 : FF;
DA75 : FF;
DA76 : FF;
DA77 : FF;
DA78 : FF;
DA79 : FF;
DA7A : FF;
DA7B : FF;
DA7C : FF;
DA7D : FF;
DA7E : FF;
DA7F : FF;
DA80 : FF;
DA81 : FF;
DA82 : FF;
DA83 : FF;
DA84 : FF;
DA85 : FF;
DA86 : FF;
DA87 : FF;
DA88 : FF;
DA89 : FF;
DA8A : FF;
DA8B : FF;
DA8C : FF;
DA8D : FF;
DA8E : FF;
DA8F : FF;
DA90 : FF;
DA91 : FF;
DA92 : FF;
DA93 : FF;
DA94 : FF;
DA95 : FF;
DA96 : FF;
DA97 : FF;
DA98 : FF;
DA99 : FF;
DA9A : FF;
DA9B : FF;
DA9C : FF;
DA9D : FF;
DA9E : FF;
DA9F : FF;
DAA0 : FF;
DAA1 : FF;
DAA2 : FF;
DAA3 : FF;
DAA4 : FF;
DAA5 : FF;
DAA6 : FF;
DAA7 : FF;
DAA8 : FF;
DAA9 : FF;
DAAA : FF;
DAAB : FF;
DAAC : FF;
DAAD : FF;
DAAE : FF;
DAAF : FF;
DAB0 : FF;
DAB1 : FF;
DAB2 : FF;
DAB3 : FF;
DAB4 : FF;
DAB5 : FF;
DAB6 : FF;
DAB7 : FF;
DAB8 : FF;
DAB9 : FF;
DABA : FF;
DABB : FF;
DABC : FF;
DABD : FF;
DABE : FF;
DABF : FF;
DAC0 : FF;
DAC1 : FF;
DAC2 : FF;
DAC3 : FF;
DAC4 : FF;
DAC5 : FF;
DAC6 : FF;
DAC7 : FF;
DAC8 : FF;
DAC9 : FF;
DACA : FF;
DACB : FF;
DACC : FF;
DACD : FF;
DACE : FF;
DACF : FF;
DAD0 : FF;
DAD1 : FF;
DAD2 : FF;
DAD3 : FF;
DAD4 : FF;
DAD5 : FF;
DAD6 : FF;
DAD7 : FF;
DAD8 : FF;
DAD9 : FF;
DADA : FF;
DADB : FF;
DADC : FF;
DADD : FF;
DADE : FF;
DADF : FF;
DAE0 : FF;
DAE1 : FF;
DAE2 : FF;
DAE3 : FF;
DAE4 : FF;
DAE5 : FF;
DAE6 : FF;
DAE7 : FF;
DAE8 : FF;
DAE9 : FF;
DAEA : FF;
DAEB : FF;
DAEC : FF;
DAED : FF;
DAEE : FF;
DAEF : FF;
DAF0 : FF;
DAF1 : FF;
DAF2 : FF;
DAF3 : FF;
DAF4 : FF;
DAF5 : FF;
DAF6 : FF;
DAF7 : FF;
DAF8 : FF;
DAF9 : FF;
DAFA : FF;
DAFB : FF;
DAFC : FF;
DAFD : FF;
DAFE : FF;
DAFF : FF;
DB00 : FF;
DB01 : FF;
DB02 : FF;
DB03 : FF;
DB04 : FF;
DB05 : FF;
DB06 : FF;
DB07 : FF;
DB08 : FF;
DB09 : FF;
DB0A : FF;
DB0B : FF;
DB0C : FF;
DB0D : FF;
DB0E : FF;
DB0F : FF;
DB10 : FF;
DB11 : FF;
DB12 : FF;
DB13 : FF;
DB14 : FF;
DB15 : FF;
DB16 : FF;
DB17 : FF;
DB18 : FF;
DB19 : FF;
DB1A : FF;
DB1B : FF;
DB1C : FF;
DB1D : FF;
DB1E : FF;
DB1F : FF;
DB20 : FF;
DB21 : FF;
DB22 : FF;
DB23 : FF;
DB24 : FF;
DB25 : FF;
DB26 : FF;
DB27 : FF;
DB28 : FF;
DB29 : FF;
DB2A : FF;
DB2B : FF;
DB2C : FF;
DB2D : FF;
DB2E : FF;
DB2F : FF;
DB30 : FF;
DB31 : FF;
DB32 : FF;
DB33 : FF;
DB34 : FF;
DB35 : FF;
DB36 : FF;
DB37 : FF;
DB38 : FF;
DB39 : FF;
DB3A : FF;
DB3B : FF;
DB3C : FF;
DB3D : FF;
DB3E : FF;
DB3F : FF;
DB40 : FF;
DB41 : FF;
DB42 : FF;
DB43 : FF;
DB44 : FF;
DB45 : FF;
DB46 : FF;
DB47 : FF;
DB48 : FF;
DB49 : FF;
DB4A : FF;
DB4B : FF;
DB4C : FF;
DB4D : FF;
DB4E : FF;
DB4F : FF;
DB50 : FF;
DB51 : FF;
DB52 : FF;
DB53 : FF;
DB54 : FF;
DB55 : FF;
DB56 : FF;
DB57 : FF;
DB58 : FF;
DB59 : FF;
DB5A : FF;
DB5B : FF;
DB5C : FF;
DB5D : FF;
DB5E : FF;
DB5F : FF;
DB60 : FF;
DB61 : FF;
DB62 : FF;
DB63 : FF;
DB64 : FF;
DB65 : FF;
DB66 : FF;
DB67 : FF;
DB68 : FF;
DB69 : FF;
DB6A : FF;
DB6B : FF;
DB6C : FF;
DB6D : FF;
DB6E : FF;
DB6F : FF;
DB70 : FF;
DB71 : FF;
DB72 : FF;
DB73 : FF;
DB74 : FF;
DB75 : FF;
DB76 : FF;
DB77 : FF;
DB78 : FF;
DB79 : FF;
DB7A : FF;
DB7B : FF;
DB7C : FF;
DB7D : FF;
DB7E : FF;
DB7F : FF;
DB80 : FF;
DB81 : FF;
DB82 : FF;
DB83 : FF;
DB84 : FF;
DB85 : FF;
DB86 : FF;
DB87 : FF;
DB88 : FF;
DB89 : FF;
DB8A : FF;
DB8B : FF;
DB8C : FF;
DB8D : FF;
DB8E : FF;
DB8F : FF;
DB90 : FF;
DB91 : FF;
DB92 : FF;
DB93 : FF;
DB94 : FF;
DB95 : FF;
DB96 : FF;
DB97 : FF;
DB98 : FF;
DB99 : FF;
DB9A : FF;
DB9B : FF;
DB9C : FF;
DB9D : FF;
DB9E : FF;
DB9F : FF;
DBA0 : FF;
DBA1 : FF;
DBA2 : FF;
DBA3 : FF;
DBA4 : FF;
DBA5 : FF;
DBA6 : FF;
DBA7 : FF;
DBA8 : FF;
DBA9 : FF;
DBAA : FF;
DBAB : FF;
DBAC : FF;
DBAD : FF;
DBAE : FF;
DBAF : FF;
DBB0 : FF;
DBB1 : FF;
DBB2 : FF;
DBB3 : FF;
DBB4 : FF;
DBB5 : FF;
DBB6 : FF;
DBB7 : FF;
DBB8 : FF;
DBB9 : FF;
DBBA : FF;
DBBB : FF;
DBBC : FF;
DBBD : FF;
DBBE : FF;
DBBF : FF;
DBC0 : FF;
DBC1 : FF;
DBC2 : FF;
DBC3 : FF;
DBC4 : FF;
DBC5 : FF;
DBC6 : FF;
DBC7 : FF;
DBC8 : FF;
DBC9 : FF;
DBCA : FF;
DBCB : FF;
DBCC : FF;
DBCD : FF;
DBCE : FF;
DBCF : FF;
DBD0 : FF;
DBD1 : FF;
DBD2 : FF;
DBD3 : FF;
DBD4 : FF;
DBD5 : FF;
DBD6 : FF;
DBD7 : FF;
DBD8 : FF;
DBD9 : FF;
DBDA : FF;
DBDB : FF;
DBDC : FF;
DBDD : FF;
DBDE : FF;
DBDF : FF;
DBE0 : FF;
DBE1 : FF;
DBE2 : FF;
DBE3 : FF;
DBE4 : FF;
DBE5 : FF;
DBE6 : FF;
DBE7 : FF;
DBE8 : FF;
DBE9 : FF;
DBEA : FF;
DBEB : FF;
DBEC : FF;
DBED : FF;
DBEE : FF;
DBEF : FF;
DBF0 : FF;
DBF1 : FF;
DBF2 : FF;
DBF3 : FF;
DBF4 : FF;
DBF5 : FF;
DBF6 : FF;
DBF7 : FF;
DBF8 : FF;
DBF9 : FF;
DBFA : FF;
DBFB : FF;
DBFC : FF;
DBFD : FF;
DBFE : FF;
DBFF : FF;
DC00 : FF;
DC01 : FF;
DC02 : FF;
DC03 : FF;
DC04 : FF;
DC05 : FF;
DC06 : FF;
DC07 : FF;
DC08 : FF;
DC09 : FF;
DC0A : FF;
DC0B : FF;
DC0C : FF;
DC0D : FF;
DC0E : FF;
DC0F : FF;
DC10 : FF;
DC11 : FF;
DC12 : FF;
DC13 : FF;
DC14 : FF;
DC15 : FF;
DC16 : FF;
DC17 : FF;
DC18 : FF;
DC19 : FF;
DC1A : FF;
DC1B : FF;
DC1C : FF;
DC1D : FF;
DC1E : FF;
DC1F : FF;
DC20 : FF;
DC21 : FF;
DC22 : FF;
DC23 : FF;
DC24 : FF;
DC25 : FF;
DC26 : FF;
DC27 : FF;
DC28 : FF;
DC29 : FF;
DC2A : FF;
DC2B : FF;
DC2C : FF;
DC2D : FF;
DC2E : FF;
DC2F : FF;
DC30 : FF;
DC31 : FF;
DC32 : FF;
DC33 : FF;
DC34 : FF;
DC35 : FF;
DC36 : FF;
DC37 : FF;
DC38 : FF;
DC39 : FF;
DC3A : FF;
DC3B : FF;
DC3C : FF;
DC3D : FF;
DC3E : FF;
DC3F : FF;
DC40 : FF;
DC41 : FF;
DC42 : FF;
DC43 : FF;
DC44 : FF;
DC45 : FF;
DC46 : FF;
DC47 : FF;
DC48 : FF;
DC49 : FF;
DC4A : FF;
DC4B : FF;
DC4C : FF;
DC4D : FF;
DC4E : FF;
DC4F : FF;
DC50 : FF;
DC51 : FF;
DC52 : FF;
DC53 : FF;
DC54 : FF;
DC55 : FF;
DC56 : FF;
DC57 : FF;
DC58 : FF;
DC59 : FF;
DC5A : FF;
DC5B : FF;
DC5C : FF;
DC5D : FF;
DC5E : FF;
DC5F : FF;
DC60 : FF;
DC61 : FF;
DC62 : FF;
DC63 : FF;
DC64 : FF;
DC65 : FF;
DC66 : FF;
DC67 : FF;
DC68 : FF;
DC69 : FF;
DC6A : FF;
DC6B : FF;
DC6C : FF;
DC6D : FF;
DC6E : FF;
DC6F : FF;
DC70 : FF;
DC71 : FF;
DC72 : FF;
DC73 : FF;
DC74 : FF;
DC75 : FF;
DC76 : FF;
DC77 : FF;
DC78 : FF;
DC79 : FF;
DC7A : FF;
DC7B : FF;
DC7C : FF;
DC7D : FF;
DC7E : FF;
DC7F : FF;
DC80 : FF;
DC81 : FF;
DC82 : FF;
DC83 : FF;
DC84 : FF;
DC85 : FF;
DC86 : FF;
DC87 : FF;
DC88 : FF;
DC89 : FF;
DC8A : FF;
DC8B : FF;
DC8C : FF;
DC8D : FF;
DC8E : FF;
DC8F : FF;
DC90 : FF;
DC91 : FF;
DC92 : FF;
DC93 : FF;
DC94 : FF;
DC95 : FF;
DC96 : FF;
DC97 : FF;
DC98 : FF;
DC99 : FF;
DC9A : FF;
DC9B : FF;
DC9C : FF;
DC9D : FF;
DC9E : FF;
DC9F : FF;
DCA0 : FF;
DCA1 : FF;
DCA2 : FF;
DCA3 : FF;
DCA4 : FF;
DCA5 : FF;
DCA6 : FF;
DCA7 : FF;
DCA8 : FF;
DCA9 : FF;
DCAA : FF;
DCAB : FF;
DCAC : FF;
DCAD : FF;
DCAE : FF;
DCAF : FF;
DCB0 : FF;
DCB1 : FF;
DCB2 : FF;
DCB3 : FF;
DCB4 : FF;
DCB5 : FF;
DCB6 : FF;
DCB7 : FF;
DCB8 : FF;
DCB9 : FF;
DCBA : FF;
DCBB : FF;
DCBC : FF;
DCBD : FF;
DCBE : FF;
DCBF : FF;
DCC0 : FF;
DCC1 : FF;
DCC2 : FF;
DCC3 : FF;
DCC4 : FF;
DCC5 : FF;
DCC6 : FF;
DCC7 : FF;
DCC8 : FF;
DCC9 : FF;
DCCA : FF;
DCCB : FF;
DCCC : FF;
DCCD : FF;
DCCE : FF;
DCCF : FF;
DCD0 : FF;
DCD1 : FF;
DCD2 : FF;
DCD3 : FF;
DCD4 : FF;
DCD5 : FF;
DCD6 : FF;
DCD7 : FF;
DCD8 : FF;
DCD9 : FF;
DCDA : FF;
DCDB : FF;
DCDC : FF;
DCDD : FF;
DCDE : FF;
DCDF : FF;
DCE0 : FF;
DCE1 : FF;
DCE2 : FF;
DCE3 : FF;
DCE4 : FF;
DCE5 : FF;
DCE6 : FF;
DCE7 : FF;
DCE8 : FF;
DCE9 : FF;
DCEA : FF;
DCEB : FF;
DCEC : FF;
DCED : FF;
DCEE : FF;
DCEF : FF;
DCF0 : FF;
DCF1 : FF;
DCF2 : FF;
DCF3 : FF;
DCF4 : FF;
DCF5 : FF;
DCF6 : FF;
DCF7 : FF;
DCF8 : FF;
DCF9 : FF;
DCFA : FF;
DCFB : FF;
DCFC : FF;
DCFD : FF;
DCFE : FF;
DCFF : FF;
DD00 : FF;
DD01 : FF;
DD02 : FF;
DD03 : FF;
DD04 : FF;
DD05 : FF;
DD06 : FF;
DD07 : FF;
DD08 : FF;
DD09 : FF;
DD0A : FF;
DD0B : FF;
DD0C : FF;
DD0D : FF;
DD0E : FF;
DD0F : FF;
DD10 : FF;
DD11 : FF;
DD12 : FF;
DD13 : FF;
DD14 : FF;
DD15 : FF;
DD16 : FF;
DD17 : FF;
DD18 : FF;
DD19 : FF;
DD1A : FF;
DD1B : FF;
DD1C : FF;
DD1D : FF;
DD1E : FF;
DD1F : FF;
DD20 : FF;
DD21 : FF;
DD22 : FF;
DD23 : FF;
DD24 : FF;
DD25 : FF;
DD26 : FF;
DD27 : FF;
DD28 : FF;
DD29 : FF;
DD2A : FF;
DD2B : FF;
DD2C : FF;
DD2D : FF;
DD2E : FF;
DD2F : FF;
DD30 : FF;
DD31 : FF;
DD32 : FF;
DD33 : FF;
DD34 : FF;
DD35 : FF;
DD36 : FF;
DD37 : FF;
DD38 : FF;
DD39 : FF;
DD3A : FF;
DD3B : FF;
DD3C : FF;
DD3D : FF;
DD3E : FF;
DD3F : FF;
DD40 : FF;
DD41 : FF;
DD42 : FF;
DD43 : FF;
DD44 : FF;
DD45 : FF;
DD46 : FF;
DD47 : FF;
DD48 : FF;
DD49 : FF;
DD4A : FF;
DD4B : FF;
DD4C : FF;
DD4D : FF;
DD4E : FF;
DD4F : FF;
DD50 : FF;
DD51 : FF;
DD52 : FF;
DD53 : FF;
DD54 : FF;
DD55 : FF;
DD56 : FF;
DD57 : FF;
DD58 : FF;
DD59 : FF;
DD5A : FF;
DD5B : FF;
DD5C : FF;
DD5D : FF;
DD5E : FF;
DD5F : FF;
DD60 : FF;
DD61 : FF;
DD62 : FF;
DD63 : FF;
DD64 : FF;
DD65 : FF;
DD66 : FF;
DD67 : FF;
DD68 : FF;
DD69 : FF;
DD6A : FF;
DD6B : FF;
DD6C : FF;
DD6D : FF;
DD6E : FF;
DD6F : FF;
DD70 : FF;
DD71 : FF;
DD72 : FF;
DD73 : FF;
DD74 : FF;
DD75 : FF;
DD76 : FF;
DD77 : FF;
DD78 : FF;
DD79 : FF;
DD7A : FF;
DD7B : FF;
DD7C : FF;
DD7D : FF;
DD7E : FF;
DD7F : FF;
DD80 : FF;
DD81 : FF;
DD82 : FF;
DD83 : FF;
DD84 : FF;
DD85 : FF;
DD86 : FF;
DD87 : FF;
DD88 : FF;
DD89 : FF;
DD8A : FF;
DD8B : FF;
DD8C : FF;
DD8D : FF;
DD8E : FF;
DD8F : FF;
DD90 : FF;
DD91 : FF;
DD92 : FF;
DD93 : FF;
DD94 : FF;
DD95 : FF;
DD96 : FF;
DD97 : FF;
DD98 : FF;
DD99 : FF;
DD9A : FF;
DD9B : FF;
DD9C : FF;
DD9D : FF;
DD9E : FF;
DD9F : FF;
DDA0 : FF;
DDA1 : FF;
DDA2 : FF;
DDA3 : FF;
DDA4 : FF;
DDA5 : FF;
DDA6 : FF;
DDA7 : FF;
DDA8 : FF;
DDA9 : FF;
DDAA : FF;
DDAB : FF;
DDAC : FF;
DDAD : FF;
DDAE : FF;
DDAF : FF;
DDB0 : FF;
DDB1 : FF;
DDB2 : FF;
DDB3 : FF;
DDB4 : FF;
DDB5 : FF;
DDB6 : FF;
DDB7 : FF;
DDB8 : FF;
DDB9 : FF;
DDBA : FF;
DDBB : FF;
DDBC : FF;
DDBD : FF;
DDBE : FF;
DDBF : FF;
DDC0 : FF;
DDC1 : FF;
DDC2 : FF;
DDC3 : FF;
DDC4 : FF;
DDC5 : FF;
DDC6 : FF;
DDC7 : FF;
DDC8 : FF;
DDC9 : FF;
DDCA : FF;
DDCB : FF;
DDCC : FF;
DDCD : FF;
DDCE : FF;
DDCF : FF;
DDD0 : FF;
DDD1 : FF;
DDD2 : FF;
DDD3 : FF;
DDD4 : FF;
DDD5 : FF;
DDD6 : FF;
DDD7 : FF;
DDD8 : FF;
DDD9 : FF;
DDDA : FF;
DDDB : FF;
DDDC : FF;
DDDD : FF;
DDDE : FF;
DDDF : FF;
DDE0 : FF;
DDE1 : FF;
DDE2 : FF;
DDE3 : FF;
DDE4 : FF;
DDE5 : FF;
DDE6 : FF;
DDE7 : FF;
DDE8 : FF;
DDE9 : FF;
DDEA : FF;
DDEB : FF;
DDEC : FF;
DDED : FF;
DDEE : FF;
DDEF : FF;
DDF0 : FF;
DDF1 : FF;
DDF2 : FF;
DDF3 : FF;
DDF4 : FF;
DDF5 : FF;
DDF6 : FF;
DDF7 : FF;
DDF8 : FF;
DDF9 : FF;
DDFA : FF;
DDFB : FF;
DDFC : FF;
DDFD : FF;
DDFE : FF;
DDFF : FF;
DE00 : FF;
DE01 : FF;
DE02 : FF;
DE03 : FF;
DE04 : FF;
DE05 : FF;
DE06 : FF;
DE07 : FF;
DE08 : FF;
DE09 : FF;
DE0A : FF;
DE0B : FF;
DE0C : FF;
DE0D : FF;
DE0E : FF;
DE0F : FF;
DE10 : FF;
DE11 : FF;
DE12 : FF;
DE13 : FF;
DE14 : FF;
DE15 : FF;
DE16 : FF;
DE17 : FF;
DE18 : FF;
DE19 : FF;
DE1A : FF;
DE1B : FF;
DE1C : FF;
DE1D : FF;
DE1E : FF;
DE1F : FF;
DE20 : FF;
DE21 : FF;
DE22 : FF;
DE23 : FF;
DE24 : FF;
DE25 : FF;
DE26 : FF;
DE27 : FF;
DE28 : FF;
DE29 : FF;
DE2A : FF;
DE2B : FF;
DE2C : FF;
DE2D : FF;
DE2E : FF;
DE2F : FF;
DE30 : FF;
DE31 : FF;
DE32 : FF;
DE33 : FF;
DE34 : FF;
DE35 : FF;
DE36 : FF;
DE37 : FF;
DE38 : FF;
DE39 : FF;
DE3A : FF;
DE3B : FF;
DE3C : FF;
DE3D : FF;
DE3E : FF;
DE3F : FF;
DE40 : FF;
DE41 : FF;
DE42 : FF;
DE43 : FF;
DE44 : FF;
DE45 : FF;
DE46 : FF;
DE47 : FF;
DE48 : FF;
DE49 : FF;
DE4A : FF;
DE4B : FF;
DE4C : FF;
DE4D : FF;
DE4E : FF;
DE4F : FF;
DE50 : FF;
DE51 : FF;
DE52 : FF;
DE53 : FF;
DE54 : FF;
DE55 : FF;
DE56 : FF;
DE57 : FF;
DE58 : FF;
DE59 : FF;
DE5A : FF;
DE5B : FF;
DE5C : FF;
DE5D : FF;
DE5E : FF;
DE5F : FF;
DE60 : FF;
DE61 : FF;
DE62 : FF;
DE63 : FF;
DE64 : FF;
DE65 : FF;
DE66 : FF;
DE67 : FF;
DE68 : FF;
DE69 : FF;
DE6A : FF;
DE6B : FF;
DE6C : FF;
DE6D : FF;
DE6E : FF;
DE6F : FF;
DE70 : FF;
DE71 : FF;
DE72 : FF;
DE73 : FF;
DE74 : FF;
DE75 : FF;
DE76 : FF;
DE77 : FF;
DE78 : FF;
DE79 : FF;
DE7A : FF;
DE7B : FF;
DE7C : FF;
DE7D : FF;
DE7E : FF;
DE7F : FF;
DE80 : FF;
DE81 : FF;
DE82 : FF;
DE83 : FF;
DE84 : FF;
DE85 : FF;
DE86 : FF;
DE87 : FF;
DE88 : FF;
DE89 : FF;
DE8A : FF;
DE8B : FF;
DE8C : FF;
DE8D : FF;
DE8E : FF;
DE8F : FF;
DE90 : FF;
DE91 : FF;
DE92 : FF;
DE93 : FF;
DE94 : FF;
DE95 : FF;
DE96 : FF;
DE97 : FF;
DE98 : FF;
DE99 : FF;
DE9A : FF;
DE9B : FF;
DE9C : FF;
DE9D : FF;
DE9E : FF;
DE9F : FF;
DEA0 : FF;
DEA1 : FF;
DEA2 : FF;
DEA3 : FF;
DEA4 : FF;
DEA5 : FF;
DEA6 : FF;
DEA7 : FF;
DEA8 : FF;
DEA9 : FF;
DEAA : FF;
DEAB : FF;
DEAC : FF;
DEAD : FF;
DEAE : FF;
DEAF : FF;
DEB0 : FF;
DEB1 : FF;
DEB2 : FF;
DEB3 : FF;
DEB4 : FF;
DEB5 : FF;
DEB6 : FF;
DEB7 : FF;
DEB8 : FF;
DEB9 : FF;
DEBA : FF;
DEBB : FF;
DEBC : FF;
DEBD : FF;
DEBE : FF;
DEBF : FF;
DEC0 : FF;
DEC1 : FF;
DEC2 : FF;
DEC3 : FF;
DEC4 : FF;
DEC5 : FF;
DEC6 : FF;
DEC7 : FF;
DEC8 : FF;
DEC9 : FF;
DECA : FF;
DECB : FF;
DECC : FF;
DECD : FF;
DECE : FF;
DECF : FF;
DED0 : FF;
DED1 : FF;
DED2 : FF;
DED3 : FF;
DED4 : FF;
DED5 : FF;
DED6 : FF;
DED7 : FF;
DED8 : FF;
DED9 : FF;
DEDA : FF;
DEDB : FF;
DEDC : FF;
DEDD : FF;
DEDE : FF;
DEDF : FF;
DEE0 : FF;
DEE1 : FF;
DEE2 : FF;
DEE3 : FF;
DEE4 : FF;
DEE5 : FF;
DEE6 : FF;
DEE7 : FF;
DEE8 : FF;
DEE9 : FF;
DEEA : FF;
DEEB : FF;
DEEC : FF;
DEED : FF;
DEEE : FF;
DEEF : FF;
DEF0 : FF;
DEF1 : FF;
DEF2 : FF;
DEF3 : FF;
DEF4 : FF;
DEF5 : FF;
DEF6 : FF;
DEF7 : FF;
DEF8 : FF;
DEF9 : FF;
DEFA : FF;
DEFB : FF;
DEFC : FF;
DEFD : FF;
DEFE : FF;
DEFF : FF;
DF00 : FF;
DF01 : FF;
DF02 : FF;
DF03 : FF;
DF04 : FF;
DF05 : FF;
DF06 : FF;
DF07 : FF;
DF08 : FF;
DF09 : FF;
DF0A : FF;
DF0B : FF;
DF0C : FF;
DF0D : FF;
DF0E : FF;
DF0F : FF;
DF10 : FF;
DF11 : FF;
DF12 : FF;
DF13 : FF;
DF14 : FF;
DF15 : FF;
DF16 : FF;
DF17 : FF;
DF18 : FF;
DF19 : FF;
DF1A : FF;
DF1B : FF;
DF1C : FF;
DF1D : FF;
DF1E : FF;
DF1F : FF;
DF20 : FF;
DF21 : FF;
DF22 : FF;
DF23 : FF;
DF24 : FF;
DF25 : FF;
DF26 : FF;
DF27 : FF;
DF28 : FF;
DF29 : FF;
DF2A : FF;
DF2B : FF;
DF2C : FF;
DF2D : FF;
DF2E : FF;
DF2F : FF;
DF30 : FF;
DF31 : FF;
DF32 : FF;
DF33 : FF;
DF34 : FF;
DF35 : FF;
DF36 : FF;
DF37 : FF;
DF38 : FF;
DF39 : FF;
DF3A : FF;
DF3B : FF;
DF3C : FF;
DF3D : FF;
DF3E : FF;
DF3F : FF;
DF40 : FF;
DF41 : FF;
DF42 : FF;
DF43 : FF;
DF44 : FF;
DF45 : FF;
DF46 : FF;
DF47 : FF;
DF48 : FF;
DF49 : FF;
DF4A : FF;
DF4B : FF;
DF4C : FF;
DF4D : FF;
DF4E : FF;
DF4F : FF;
DF50 : FF;
DF51 : FF;
DF52 : FF;
DF53 : FF;
DF54 : FF;
DF55 : FF;
DF56 : FF;
DF57 : FF;
DF58 : FF;
DF59 : FF;
DF5A : FF;
DF5B : FF;
DF5C : FF;
DF5D : FF;
DF5E : FF;
DF5F : FF;
DF60 : FF;
DF61 : FF;
DF62 : FF;
DF63 : FF;
DF64 : FF;
DF65 : FF;
DF66 : FF;
DF67 : FF;
DF68 : FF;
DF69 : FF;
DF6A : FF;
DF6B : FF;
DF6C : FF;
DF6D : FF;
DF6E : FF;
DF6F : FF;
DF70 : FF;
DF71 : FF;
DF72 : FF;
DF73 : FF;
DF74 : FF;
DF75 : FF;
DF76 : FF;
DF77 : FF;
DF78 : FF;
DF79 : FF;
DF7A : FF;
DF7B : FF;
DF7C : FF;
DF7D : FF;
DF7E : FF;
DF7F : FF;
DF80 : FF;
DF81 : FF;
DF82 : FF;
DF83 : FF;
DF84 : FF;
DF85 : FF;
DF86 : FF;
DF87 : FF;
DF88 : FF;
DF89 : FF;
DF8A : FF;
DF8B : FF;
DF8C : FF;
DF8D : FF;
DF8E : FF;
DF8F : FF;
DF90 : FF;
DF91 : FF;
DF92 : FF;
DF93 : FF;
DF94 : FF;
DF95 : FF;
DF96 : FF;
DF97 : FF;
DF98 : FF;
DF99 : FF;
DF9A : FF;
DF9B : FF;
DF9C : FF;
DF9D : FF;
DF9E : FF;
DF9F : FF;
DFA0 : FF;
DFA1 : FF;
DFA2 : FF;
DFA3 : FF;
DFA4 : FF;
DFA5 : FF;
DFA6 : FF;
DFA7 : FF;
DFA8 : FF;
DFA9 : FF;
DFAA : FF;
DFAB : FF;
DFAC : FF;
DFAD : FF;
DFAE : FF;
DFAF : FF;
DFB0 : FF;
DFB1 : FF;
DFB2 : FF;
DFB3 : FF;
DFB4 : FF;
DFB5 : FF;
DFB6 : FF;
DFB7 : FF;
DFB8 : FF;
DFB9 : FF;
DFBA : FF;
DFBB : FF;
DFBC : FF;
DFBD : FF;
DFBE : FF;
DFBF : FF;
DFC0 : FF;
DFC1 : FF;
DFC2 : FF;
DFC3 : FF;
DFC4 : FF;
DFC5 : FF;
DFC6 : FF;
DFC7 : FF;
DFC8 : FF;
DFC9 : FF;
DFCA : FF;
DFCB : FF;
DFCC : FF;
DFCD : FF;
DFCE : FF;
DFCF : FF;
DFD0 : FF;
DFD1 : FF;
DFD2 : FF;
DFD3 : FF;
DFD4 : FF;
DFD5 : FF;
DFD6 : FF;
DFD7 : FF;
DFD8 : FF;
DFD9 : FF;
DFDA : FF;
DFDB : FF;
DFDC : FF;
DFDD : FF;
DFDE : FF;
DFDF : FF;
DFE0 : FF;
DFE1 : FF;
DFE2 : FF;
DFE3 : FF;
DFE4 : FF;
DFE5 : FF;
DFE6 : FF;
DFE7 : FF;
DFE8 : FF;
DFE9 : FF;
DFEA : FF;
DFEB : FF;
DFEC : FF;
DFED : FF;
DFEE : FF;
DFEF : FF;
DFF0 : FF;
DFF1 : FF;
DFF2 : FF;
DFF3 : FF;
DFF4 : FF;
DFF5 : FF;
DFF6 : FF;
DFF7 : FF;
DFF8 : FF;
DFF9 : FF;
DFFA : FF;
DFFB : FF;
DFFC : FF;
DFFD : FF;
DFFE : FF;
DFFF : FF;
E000 : FF;
E001 : FF;
E002 : FF;
E003 : FF;
E004 : FF;
E005 : FF;
E006 : FF;
E007 : FF;
E008 : FF;
E009 : FF;
E00A : FF;
E00B : FF;
E00C : FF;
E00D : FF;
E00E : FF;
E00F : FF;
E010 : FF;
E011 : FF;
E012 : FF;
E013 : FF;
E014 : FF;
E015 : FF;
E016 : FF;
E017 : FF;
E018 : FF;
E019 : FF;
E01A : FF;
E01B : FF;
E01C : FF;
E01D : FF;
E01E : FF;
E01F : FF;
E020 : FF;
E021 : FF;
E022 : FF;
E023 : FF;
E024 : FF;
E025 : FF;
E026 : FF;
E027 : FF;
E028 : FF;
E029 : FF;
E02A : FF;
E02B : FF;
E02C : FF;
E02D : FF;
E02E : FF;
E02F : FF;
E030 : FF;
E031 : FF;
E032 : FF;
E033 : FF;
E034 : FF;
E035 : FF;
E036 : FF;
E037 : FF;
E038 : FF;
E039 : FF;
E03A : FF;
E03B : FF;
E03C : FF;
E03D : FF;
E03E : FF;
E03F : FF;
E040 : FF;
E041 : FF;
E042 : FF;
E043 : FF;
E044 : FF;
E045 : FF;
E046 : FF;
E047 : FF;
E048 : FF;
E049 : FF;
E04A : FF;
E04B : FF;
E04C : FF;
E04D : FF;
E04E : FF;
E04F : FF;
E050 : FF;
E051 : FF;
E052 : FF;
E053 : FF;
E054 : FF;
E055 : FF;
E056 : FF;
E057 : FF;
E058 : FF;
E059 : FF;
E05A : FF;
E05B : FF;
E05C : FF;
E05D : FF;
E05E : FF;
E05F : FF;
E060 : FF;
E061 : FF;
E062 : FF;
E063 : FF;
E064 : FF;
E065 : FF;
E066 : FF;
E067 : FF;
E068 : FF;
E069 : FF;
E06A : FF;
E06B : FF;
E06C : FF;
E06D : FF;
E06E : FF;
E06F : FF;
E070 : FF;
E071 : FF;
E072 : FF;
E073 : FF;
E074 : FF;
E075 : FF;
E076 : FF;
E077 : FF;
E078 : FF;
E079 : FF;
E07A : FF;
E07B : FF;
E07C : FF;
E07D : FF;
E07E : FF;
E07F : FF;
E080 : FF;
E081 : FF;
E082 : FF;
E083 : FF;
E084 : FF;
E085 : FF;
E086 : FF;
E087 : FF;
E088 : FF;
E089 : FF;
E08A : FF;
E08B : FF;
E08C : FF;
E08D : FF;
E08E : FF;
E08F : FF;
E090 : FF;
E091 : FF;
E092 : FF;
E093 : FF;
E094 : FF;
E095 : FF;
E096 : FF;
E097 : FF;
E098 : FF;
E099 : FF;
E09A : FF;
E09B : FF;
E09C : FF;
E09D : FF;
E09E : FF;
E09F : FF;
E0A0 : FF;
E0A1 : FF;
E0A2 : FF;
E0A3 : FF;
E0A4 : FF;
E0A5 : FF;
E0A6 : FF;
E0A7 : FF;
E0A8 : FF;
E0A9 : FF;
E0AA : FF;
E0AB : FF;
E0AC : FF;
E0AD : FF;
E0AE : FF;
E0AF : FF;
E0B0 : FF;
E0B1 : FF;
E0B2 : FF;
E0B3 : FF;
E0B4 : FF;
E0B5 : FF;
E0B6 : FF;
E0B7 : FF;
E0B8 : FF;
E0B9 : FF;
E0BA : FF;
E0BB : FF;
E0BC : FF;
E0BD : FF;
E0BE : FF;
E0BF : FF;
E0C0 : FF;
E0C1 : FF;
E0C2 : FF;
E0C3 : FF;
E0C4 : FF;
E0C5 : FF;
E0C6 : FF;
E0C7 : FF;
E0C8 : FF;
E0C9 : FF;
E0CA : FF;
E0CB : FF;
E0CC : FF;
E0CD : FF;
E0CE : FF;
E0CF : FF;
E0D0 : FF;
E0D1 : FF;
E0D2 : FF;
E0D3 : FF;
E0D4 : FF;
E0D5 : FF;
E0D6 : FF;
E0D7 : FF;
E0D8 : FF;
E0D9 : FF;
E0DA : FF;
E0DB : FF;
E0DC : FF;
E0DD : FF;
E0DE : FF;
E0DF : FF;
E0E0 : FF;
E0E1 : FF;
E0E2 : FF;
E0E3 : FF;
E0E4 : FF;
E0E5 : FF;
E0E6 : FF;
E0E7 : FF;
E0E8 : FF;
E0E9 : FF;
E0EA : FF;
E0EB : FF;
E0EC : FF;
E0ED : FF;
E0EE : FF;
E0EF : FF;
E0F0 : FF;
E0F1 : FF;
E0F2 : FF;
E0F3 : FF;
E0F4 : FF;
E0F5 : FF;
E0F6 : FF;
E0F7 : FF;
E0F8 : FF;
E0F9 : FF;
E0FA : FF;
E0FB : FF;
E0FC : FF;
E0FD : FF;
E0FE : FF;
E0FF : FF;
E100 : FF;
E101 : FF;
E102 : FF;
E103 : FF;
E104 : FF;
E105 : FF;
E106 : FF;
E107 : FF;
E108 : FF;
E109 : FF;
E10A : FF;
E10B : FF;
E10C : FF;
E10D : FF;
E10E : FF;
E10F : FF;
E110 : FF;
E111 : FF;
E112 : FF;
E113 : FF;
E114 : FF;
E115 : FF;
E116 : FF;
E117 : FF;
E118 : FF;
E119 : FF;
E11A : FF;
E11B : FF;
E11C : FF;
E11D : FF;
E11E : FF;
E11F : FF;
E120 : FF;
E121 : FF;
E122 : FF;
E123 : FF;
E124 : FF;
E125 : FF;
E126 : FF;
E127 : FF;
E128 : FF;
E129 : FF;
E12A : FF;
E12B : FF;
E12C : FF;
E12D : FF;
E12E : FF;
E12F : FF;
E130 : FF;
E131 : FF;
E132 : FF;
E133 : FF;
E134 : FF;
E135 : FF;
E136 : FF;
E137 : FF;
E138 : FF;
E139 : FF;
E13A : FF;
E13B : FF;
E13C : FF;
E13D : FF;
E13E : FF;
E13F : FF;
E140 : FF;
E141 : FF;
E142 : FF;
E143 : FF;
E144 : FF;
E145 : FF;
E146 : FF;
E147 : FF;
E148 : FF;
E149 : FF;
E14A : FF;
E14B : FF;
E14C : FF;
E14D : FF;
E14E : FF;
E14F : FF;
E150 : FF;
E151 : FF;
E152 : FF;
E153 : FF;
E154 : FF;
E155 : FF;
E156 : FF;
E157 : FF;
E158 : FF;
E159 : FF;
E15A : FF;
E15B : FF;
E15C : FF;
E15D : FF;
E15E : FF;
E15F : FF;
E160 : FF;
E161 : FF;
E162 : FF;
E163 : FF;
E164 : FF;
E165 : FF;
E166 : FF;
E167 : FF;
E168 : FF;
E169 : FF;
E16A : FF;
E16B : FF;
E16C : FF;
E16D : FF;
E16E : FF;
E16F : FF;
E170 : FF;
E171 : FF;
E172 : FF;
E173 : FF;
E174 : FF;
E175 : FF;
E176 : FF;
E177 : FF;
E178 : FF;
E179 : FF;
E17A : FF;
E17B : FF;
E17C : FF;
E17D : FF;
E17E : FF;
E17F : FF;
E180 : FF;
E181 : FF;
E182 : FF;
E183 : FF;
E184 : FF;
E185 : FF;
E186 : FF;
E187 : FF;
E188 : FF;
E189 : FF;
E18A : FF;
E18B : FF;
E18C : FF;
E18D : FF;
E18E : FF;
E18F : FF;
E190 : FF;
E191 : FF;
E192 : FF;
E193 : FF;
E194 : FF;
E195 : FF;
E196 : FF;
E197 : FF;
E198 : FF;
E199 : FF;
E19A : FF;
E19B : FF;
E19C : FF;
E19D : FF;
E19E : FF;
E19F : FF;
E1A0 : FF;
E1A1 : FF;
E1A2 : FF;
E1A3 : FF;
E1A4 : FF;
E1A5 : FF;
E1A6 : FF;
E1A7 : FF;
E1A8 : FF;
E1A9 : FF;
E1AA : FF;
E1AB : FF;
E1AC : FF;
E1AD : FF;
E1AE : FF;
E1AF : FF;
E1B0 : FF;
E1B1 : FF;
E1B2 : FF;
E1B3 : FF;
E1B4 : FF;
E1B5 : FF;
E1B6 : FF;
E1B7 : FF;
E1B8 : FF;
E1B9 : FF;
E1BA : FF;
E1BB : FF;
E1BC : FF;
E1BD : FF;
E1BE : FF;
E1BF : FF;
E1C0 : FF;
E1C1 : FF;
E1C2 : FF;
E1C3 : FF;
E1C4 : FF;
E1C5 : FF;
E1C6 : FF;
E1C7 : FF;
E1C8 : FF;
E1C9 : FF;
E1CA : FF;
E1CB : FF;
E1CC : FF;
E1CD : FF;
E1CE : FF;
E1CF : FF;
E1D0 : FF;
E1D1 : FF;
E1D2 : FF;
E1D3 : FF;
E1D4 : FF;
E1D5 : FF;
E1D6 : FF;
E1D7 : FF;
E1D8 : FF;
E1D9 : FF;
E1DA : FF;
E1DB : FF;
E1DC : FF;
E1DD : FF;
E1DE : FF;
E1DF : FF;
E1E0 : FF;
E1E1 : FF;
E1E2 : FF;
E1E3 : FF;
E1E4 : FF;
E1E5 : FF;
E1E6 : FF;
E1E7 : FF;
E1E8 : FF;
E1E9 : FF;
E1EA : FF;
E1EB : FF;
E1EC : FF;
E1ED : FF;
E1EE : FF;
E1EF : FF;
E1F0 : FF;
E1F1 : FF;
E1F2 : FF;
E1F3 : FF;
E1F4 : FF;
E1F5 : FF;
E1F6 : FF;
E1F7 : FF;
E1F8 : FF;
E1F9 : FF;
E1FA : FF;
E1FB : FF;
E1FC : FF;
E1FD : FF;
E1FE : FF;
E1FF : FF;
E200 : FF;
E201 : FF;
E202 : FF;
E203 : FF;
E204 : FF;
E205 : FF;
E206 : FF;
E207 : FF;
E208 : FF;
E209 : FF;
E20A : FF;
E20B : FF;
E20C : FF;
E20D : FF;
E20E : FF;
E20F : FF;
E210 : FF;
E211 : FF;
E212 : FF;
E213 : FF;
E214 : FF;
E215 : FF;
E216 : FF;
E217 : FF;
E218 : FF;
E219 : FF;
E21A : FF;
E21B : FF;
E21C : FF;
E21D : FF;
E21E : FF;
E21F : FF;
E220 : FF;
E221 : FF;
E222 : FF;
E223 : FF;
E224 : FF;
E225 : FF;
E226 : FF;
E227 : FF;
E228 : FF;
E229 : FF;
E22A : FF;
E22B : FF;
E22C : FF;
E22D : FF;
E22E : FF;
E22F : FF;
E230 : FF;
E231 : FF;
E232 : FF;
E233 : FF;
E234 : FF;
E235 : FF;
E236 : FF;
E237 : FF;
E238 : FF;
E239 : FF;
E23A : FF;
E23B : FF;
E23C : FF;
E23D : FF;
E23E : FF;
E23F : FF;
E240 : FF;
E241 : FF;
E242 : FF;
E243 : FF;
E244 : FF;
E245 : FF;
E246 : FF;
E247 : FF;
E248 : FF;
E249 : FF;
E24A : FF;
E24B : FF;
E24C : FF;
E24D : FF;
E24E : FF;
E24F : FF;
E250 : FF;
E251 : FF;
E252 : FF;
E253 : FF;
E254 : FF;
E255 : FF;
E256 : FF;
E257 : FF;
E258 : FF;
E259 : FF;
E25A : FF;
E25B : FF;
E25C : FF;
E25D : FF;
E25E : FF;
E25F : FF;
E260 : FF;
E261 : FF;
E262 : FF;
E263 : FF;
E264 : FF;
E265 : FF;
E266 : FF;
E267 : FF;
E268 : FF;
E269 : FF;
E26A : FF;
E26B : FF;
E26C : FF;
E26D : FF;
E26E : FF;
E26F : FF;
E270 : FF;
E271 : FF;
E272 : FF;
E273 : FF;
E274 : FF;
E275 : FF;
E276 : FF;
E277 : FF;
E278 : FF;
E279 : FF;
E27A : FF;
E27B : FF;
E27C : FF;
E27D : FF;
E27E : FF;
E27F : FF;
E280 : FF;
E281 : FF;
E282 : FF;
E283 : FF;
E284 : FF;
E285 : FF;
E286 : FF;
E287 : FF;
E288 : FF;
E289 : FF;
E28A : FF;
E28B : FF;
E28C : FF;
E28D : FF;
E28E : FF;
E28F : FF;
E290 : FF;
E291 : FF;
E292 : FF;
E293 : FF;
E294 : FF;
E295 : FF;
E296 : FF;
E297 : FF;
E298 : FF;
E299 : FF;
E29A : FF;
E29B : FF;
E29C : FF;
E29D : FF;
E29E : FF;
E29F : FF;
E2A0 : FF;
E2A1 : FF;
E2A2 : FF;
E2A3 : FF;
E2A4 : FF;
E2A5 : FF;
E2A6 : FF;
E2A7 : FF;
E2A8 : FF;
E2A9 : FF;
E2AA : FF;
E2AB : FF;
E2AC : FF;
E2AD : FF;
E2AE : FF;
E2AF : FF;
E2B0 : FF;
E2B1 : FF;
E2B2 : FF;
E2B3 : FF;
E2B4 : FF;
E2B5 : FF;
E2B6 : FF;
E2B7 : FF;
E2B8 : FF;
E2B9 : FF;
E2BA : FF;
E2BB : FF;
E2BC : FF;
E2BD : FF;
E2BE : FF;
E2BF : FF;
E2C0 : FF;
E2C1 : FF;
E2C2 : FF;
E2C3 : FF;
E2C4 : FF;
E2C5 : FF;
E2C6 : FF;
E2C7 : FF;
E2C8 : FF;
E2C9 : FF;
E2CA : FF;
E2CB : FF;
E2CC : FF;
E2CD : FF;
E2CE : FF;
E2CF : FF;
E2D0 : FF;
E2D1 : FF;
E2D2 : FF;
E2D3 : FF;
E2D4 : FF;
E2D5 : FF;
E2D6 : FF;
E2D7 : FF;
E2D8 : FF;
E2D9 : FF;
E2DA : FF;
E2DB : FF;
E2DC : FF;
E2DD : FF;
E2DE : FF;
E2DF : FF;
E2E0 : FF;
E2E1 : FF;
E2E2 : FF;
E2E3 : FF;
E2E4 : FF;
E2E5 : FF;
E2E6 : FF;
E2E7 : FF;
E2E8 : FF;
E2E9 : FF;
E2EA : FF;
E2EB : FF;
E2EC : FF;
E2ED : FF;
E2EE : FF;
E2EF : FF;
E2F0 : FF;
E2F1 : FF;
E2F2 : FF;
E2F3 : FF;
E2F4 : FF;
E2F5 : FF;
E2F6 : FF;
E2F7 : FF;
E2F8 : FF;
E2F9 : FF;
E2FA : FF;
E2FB : FF;
E2FC : FF;
E2FD : FF;
E2FE : FF;
E2FF : FF;
E300 : FF;
E301 : FF;
E302 : FF;
E303 : FF;
E304 : FF;
E305 : FF;
E306 : FF;
E307 : FF;
E308 : FF;
E309 : FF;
E30A : FF;
E30B : FF;
E30C : FF;
E30D : FF;
E30E : FF;
E30F : FF;
E310 : FF;
E311 : FF;
E312 : FF;
E313 : FF;
E314 : FF;
E315 : FF;
E316 : FF;
E317 : FF;
E318 : FF;
E319 : FF;
E31A : FF;
E31B : FF;
E31C : FF;
E31D : FF;
E31E : FF;
E31F : FF;
E320 : FF;
E321 : FF;
E322 : FF;
E323 : FF;
E324 : FF;
E325 : FF;
E326 : FF;
E327 : FF;
E328 : FF;
E329 : FF;
E32A : FF;
E32B : FF;
E32C : FF;
E32D : FF;
E32E : FF;
E32F : FF;
E330 : FF;
E331 : FF;
E332 : FF;
E333 : FF;
E334 : FF;
E335 : FF;
E336 : FF;
E337 : FF;
E338 : FF;
E339 : FF;
E33A : FF;
E33B : FF;
E33C : FF;
E33D : FF;
E33E : FF;
E33F : FF;
E340 : FF;
E341 : FF;
E342 : FF;
E343 : FF;
E344 : FF;
E345 : FF;
E346 : FF;
E347 : FF;
E348 : FF;
E349 : FF;
E34A : FF;
E34B : FF;
E34C : FF;
E34D : FF;
E34E : FF;
E34F : FF;
E350 : FF;
E351 : FF;
E352 : FF;
E353 : FF;
E354 : FF;
E355 : FF;
E356 : FF;
E357 : FF;
E358 : FF;
E359 : FF;
E35A : FF;
E35B : FF;
E35C : FF;
E35D : FF;
E35E : FF;
E35F : FF;
E360 : FF;
E361 : FF;
E362 : FF;
E363 : FF;
E364 : FF;
E365 : FF;
E366 : FF;
E367 : FF;
E368 : FF;
E369 : FF;
E36A : FF;
E36B : FF;
E36C : FF;
E36D : FF;
E36E : FF;
E36F : FF;
E370 : FF;
E371 : FF;
E372 : FF;
E373 : FF;
E374 : FF;
E375 : FF;
E376 : FF;
E377 : FF;
E378 : FF;
E379 : FF;
E37A : FF;
E37B : FF;
E37C : FF;
E37D : FF;
E37E : FF;
E37F : FF;
E380 : FF;
E381 : FF;
E382 : FF;
E383 : FF;
E384 : FF;
E385 : FF;
E386 : FF;
E387 : FF;
E388 : FF;
E389 : FF;
E38A : FF;
E38B : FF;
E38C : FF;
E38D : FF;
E38E : FF;
E38F : FF;
E390 : FF;
E391 : FF;
E392 : FF;
E393 : FF;
E394 : FF;
E395 : FF;
E396 : FF;
E397 : FF;
E398 : FF;
E399 : FF;
E39A : FF;
E39B : FF;
E39C : FF;
E39D : FF;
E39E : FF;
E39F : FF;
E3A0 : FF;
E3A1 : FF;
E3A2 : FF;
E3A3 : FF;
E3A4 : FF;
E3A5 : FF;
E3A6 : FF;
E3A7 : FF;
E3A8 : FF;
E3A9 : FF;
E3AA : FF;
E3AB : FF;
E3AC : FF;
E3AD : FF;
E3AE : FF;
E3AF : FF;
E3B0 : FF;
E3B1 : FF;
E3B2 : FF;
E3B3 : FF;
E3B4 : FF;
E3B5 : FF;
E3B6 : FF;
E3B7 : FF;
E3B8 : FF;
E3B9 : FF;
E3BA : FF;
E3BB : FF;
E3BC : FF;
E3BD : FF;
E3BE : FF;
E3BF : FF;
E3C0 : FF;
E3C1 : FF;
E3C2 : FF;
E3C3 : FF;
E3C4 : FF;
E3C5 : FF;
E3C6 : FF;
E3C7 : FF;
E3C8 : FF;
E3C9 : FF;
E3CA : FF;
E3CB : FF;
E3CC : FF;
E3CD : FF;
E3CE : FF;
E3CF : FF;
E3D0 : FF;
E3D1 : FF;
E3D2 : FF;
E3D3 : FF;
E3D4 : FF;
E3D5 : FF;
E3D6 : FF;
E3D7 : FF;
E3D8 : FF;
E3D9 : FF;
E3DA : FF;
E3DB : FF;
E3DC : FF;
E3DD : FF;
E3DE : FF;
E3DF : FF;
E3E0 : FF;
E3E1 : FF;
E3E2 : FF;
E3E3 : FF;
E3E4 : FF;
E3E5 : FF;
E3E6 : FF;
E3E7 : FF;
E3E8 : FF;
E3E9 : FF;
E3EA : FF;
E3EB : FF;
E3EC : FF;
E3ED : FF;
E3EE : FF;
E3EF : FF;
E3F0 : FF;
E3F1 : FF;
E3F2 : FF;
E3F3 : FF;
E3F4 : FF;
E3F5 : FF;
E3F6 : FF;
E3F7 : FF;
E3F8 : FF;
E3F9 : FF;
E3FA : FF;
E3FB : FF;
E3FC : FF;
E3FD : FF;
E3FE : FF;
E3FF : FF;
E400 : FF;
E401 : FF;
E402 : FF;
E403 : FF;
E404 : FF;
E405 : FF;
E406 : FF;
E407 : FF;
E408 : FF;
E409 : FF;
E40A : FF;
E40B : FF;
E40C : FF;
E40D : FF;
E40E : FF;
E40F : FF;
E410 : FF;
E411 : FF;
E412 : FF;
E413 : FF;
E414 : FF;
E415 : FF;
E416 : FF;
E417 : FF;
E418 : FF;
E419 : FF;
E41A : FF;
E41B : FF;
E41C : FF;
E41D : FF;
E41E : FF;
E41F : FF;
E420 : FF;
E421 : FF;
E422 : FF;
E423 : FF;
E424 : FF;
E425 : FF;
E426 : FF;
E427 : FF;
E428 : FF;
E429 : FF;
E42A : FF;
E42B : FF;
E42C : FF;
E42D : FF;
E42E : FF;
E42F : FF;
E430 : FF;
E431 : FF;
E432 : FF;
E433 : FF;
E434 : FF;
E435 : FF;
E436 : FF;
E437 : FF;
E438 : FF;
E439 : FF;
E43A : FF;
E43B : FF;
E43C : FF;
E43D : FF;
E43E : FF;
E43F : FF;
E440 : FF;
E441 : FF;
E442 : FF;
E443 : FF;
E444 : FF;
E445 : FF;
E446 : FF;
E447 : FF;
E448 : FF;
E449 : FF;
E44A : FF;
E44B : FF;
E44C : FF;
E44D : FF;
E44E : FF;
E44F : FF;
E450 : FF;
E451 : FF;
E452 : FF;
E453 : FF;
E454 : FF;
E455 : FF;
E456 : FF;
E457 : FF;
E458 : FF;
E459 : FF;
E45A : FF;
E45B : FF;
E45C : FF;
E45D : FF;
E45E : FF;
E45F : FF;
E460 : FF;
E461 : FF;
E462 : FF;
E463 : FF;
E464 : FF;
E465 : FF;
E466 : FF;
E467 : FF;
E468 : FF;
E469 : FF;
E46A : FF;
E46B : FF;
E46C : FF;
E46D : FF;
E46E : FF;
E46F : FF;
E470 : FF;
E471 : FF;
E472 : FF;
E473 : FF;
E474 : FF;
E475 : FF;
E476 : FF;
E477 : FF;
E478 : FF;
E479 : FF;
E47A : FF;
E47B : FF;
E47C : FF;
E47D : FF;
E47E : FF;
E47F : FF;
E480 : FF;
E481 : FF;
E482 : FF;
E483 : FF;
E484 : FF;
E485 : FF;
E486 : FF;
E487 : FF;
E488 : FF;
E489 : FF;
E48A : FF;
E48B : FF;
E48C : FF;
E48D : FF;
E48E : FF;
E48F : FF;
E490 : FF;
E491 : FF;
E492 : FF;
E493 : FF;
E494 : FF;
E495 : FF;
E496 : FF;
E497 : FF;
E498 : FF;
E499 : FF;
E49A : FF;
E49B : FF;
E49C : FF;
E49D : FF;
E49E : FF;
E49F : FF;
E4A0 : FF;
E4A1 : FF;
E4A2 : FF;
E4A3 : FF;
E4A4 : FF;
E4A5 : FF;
E4A6 : FF;
E4A7 : FF;
E4A8 : FF;
E4A9 : FF;
E4AA : FF;
E4AB : FF;
E4AC : FF;
E4AD : FF;
E4AE : FF;
E4AF : FF;
E4B0 : FF;
E4B1 : FF;
E4B2 : FF;
E4B3 : FF;
E4B4 : FF;
E4B5 : FF;
E4B6 : FF;
E4B7 : FF;
E4B8 : FF;
E4B9 : FF;
E4BA : FF;
E4BB : FF;
E4BC : FF;
E4BD : FF;
E4BE : FF;
E4BF : FF;
E4C0 : FF;
E4C1 : FF;
E4C2 : FF;
E4C3 : FF;
E4C4 : FF;
E4C5 : FF;
E4C6 : FF;
E4C7 : FF;
E4C8 : FF;
E4C9 : FF;
E4CA : FF;
E4CB : FF;
E4CC : FF;
E4CD : FF;
E4CE : FF;
E4CF : FF;
E4D0 : FF;
E4D1 : FF;
E4D2 : FF;
E4D3 : FF;
E4D4 : FF;
E4D5 : FF;
E4D6 : FF;
E4D7 : FF;
E4D8 : FF;
E4D9 : FF;
E4DA : FF;
E4DB : FF;
E4DC : FF;
E4DD : FF;
E4DE : FF;
E4DF : FF;
E4E0 : FF;
E4E1 : FF;
E4E2 : FF;
E4E3 : FF;
E4E4 : FF;
E4E5 : FF;
E4E6 : FF;
E4E7 : FF;
E4E8 : FF;
E4E9 : FF;
E4EA : FF;
E4EB : FF;
E4EC : FF;
E4ED : FF;
E4EE : FF;
E4EF : FF;
E4F0 : FF;
E4F1 : FF;
E4F2 : FF;
E4F3 : FF;
E4F4 : FF;
E4F5 : FF;
E4F6 : FF;
E4F7 : FF;
E4F8 : FF;
E4F9 : FF;
E4FA : FF;
E4FB : FF;
E4FC : FF;
E4FD : FF;
E4FE : FF;
E4FF : FF;
E500 : FF;
E501 : FF;
E502 : FF;
E503 : FF;
E504 : FF;
E505 : FF;
E506 : FF;
E507 : FF;
E508 : FF;
E509 : FF;
E50A : FF;
E50B : FF;
E50C : FF;
E50D : FF;
E50E : FF;
E50F : FF;
E510 : FF;
E511 : FF;
E512 : FF;
E513 : FF;
E514 : FF;
E515 : FF;
E516 : FF;
E517 : FF;
E518 : FF;
E519 : FF;
E51A : FF;
E51B : FF;
E51C : FF;
E51D : FF;
E51E : FF;
E51F : FF;
E520 : FF;
E521 : FF;
E522 : FF;
E523 : FF;
E524 : FF;
E525 : FF;
E526 : FF;
E527 : FF;
E528 : FF;
E529 : FF;
E52A : FF;
E52B : FF;
E52C : FF;
E52D : FF;
E52E : FF;
E52F : FF;
E530 : FF;
E531 : FF;
E532 : FF;
E533 : FF;
E534 : FF;
E535 : FF;
E536 : FF;
E537 : FF;
E538 : FF;
E539 : FF;
E53A : FF;
E53B : FF;
E53C : FF;
E53D : FF;
E53E : FF;
E53F : FF;
E540 : FF;
E541 : FF;
E542 : FF;
E543 : FF;
E544 : FF;
E545 : FF;
E546 : FF;
E547 : FF;
E548 : FF;
E549 : FF;
E54A : FF;
E54B : FF;
E54C : FF;
E54D : FF;
E54E : FF;
E54F : FF;
E550 : FF;
E551 : FF;
E552 : FF;
E553 : FF;
E554 : FF;
E555 : FF;
E556 : FF;
E557 : FF;
E558 : FF;
E559 : FF;
E55A : FF;
E55B : FF;
E55C : FF;
E55D : FF;
E55E : FF;
E55F : FF;
E560 : FF;
E561 : FF;
E562 : FF;
E563 : FF;
E564 : FF;
E565 : FF;
E566 : FF;
E567 : FF;
E568 : FF;
E569 : FF;
E56A : FF;
E56B : FF;
E56C : FF;
E56D : FF;
E56E : FF;
E56F : FF;
E570 : FF;
E571 : FF;
E572 : FF;
E573 : FF;
E574 : FF;
E575 : FF;
E576 : FF;
E577 : FF;
E578 : FF;
E579 : FF;
E57A : FF;
E57B : FF;
E57C : FF;
E57D : FF;
E57E : FF;
E57F : FF;
E580 : FF;
E581 : FF;
E582 : FF;
E583 : FF;
E584 : FF;
E585 : FF;
E586 : FF;
E587 : FF;
E588 : FF;
E589 : FF;
E58A : FF;
E58B : FF;
E58C : FF;
E58D : FF;
E58E : FF;
E58F : FF;
E590 : FF;
E591 : FF;
E592 : FF;
E593 : FF;
E594 : FF;
E595 : FF;
E596 : FF;
E597 : FF;
E598 : FF;
E599 : FF;
E59A : FF;
E59B : FF;
E59C : FF;
E59D : FF;
E59E : FF;
E59F : FF;
E5A0 : FF;
E5A1 : FF;
E5A2 : FF;
E5A3 : FF;
E5A4 : FF;
E5A5 : FF;
E5A6 : FF;
E5A7 : FF;
E5A8 : FF;
E5A9 : FF;
E5AA : FF;
E5AB : FF;
E5AC : FF;
E5AD : FF;
E5AE : FF;
E5AF : FF;
E5B0 : FF;
E5B1 : FF;
E5B2 : FF;
E5B3 : FF;
E5B4 : FF;
E5B5 : FF;
E5B6 : FF;
E5B7 : FF;
E5B8 : FF;
E5B9 : FF;
E5BA : FF;
E5BB : FF;
E5BC : FF;
E5BD : FF;
E5BE : FF;
E5BF : FF;
E5C0 : FF;
E5C1 : FF;
E5C2 : FF;
E5C3 : FF;
E5C4 : FF;
E5C5 : FF;
E5C6 : FF;
E5C7 : FF;
E5C8 : FF;
E5C9 : FF;
E5CA : FF;
E5CB : FF;
E5CC : FF;
E5CD : FF;
E5CE : FF;
E5CF : FF;
E5D0 : FF;
E5D1 : FF;
E5D2 : FF;
E5D3 : FF;
E5D4 : FF;
E5D5 : FF;
E5D6 : FF;
E5D7 : FF;
E5D8 : FF;
E5D9 : FF;
E5DA : FF;
E5DB : FF;
E5DC : FF;
E5DD : FF;
E5DE : FF;
E5DF : FF;
E5E0 : FF;
E5E1 : FF;
E5E2 : FF;
E5E3 : FF;
E5E4 : FF;
E5E5 : FF;
E5E6 : FF;
E5E7 : FF;
E5E8 : FF;
E5E9 : FF;
E5EA : FF;
E5EB : FF;
E5EC : FF;
E5ED : FF;
E5EE : FF;
E5EF : FF;
E5F0 : FF;
E5F1 : FF;
E5F2 : FF;
E5F3 : FF;
E5F4 : FF;
E5F5 : FF;
E5F6 : FF;
E5F7 : FF;
E5F8 : FF;
E5F9 : FF;
E5FA : FF;
E5FB : FF;
E5FC : FF;
E5FD : FF;
E5FE : FF;
E5FF : FF;
E600 : FF;
E601 : FF;
E602 : FF;
E603 : FF;
E604 : FF;
E605 : FF;
E606 : FF;
E607 : FF;
E608 : FF;
E609 : FF;
E60A : FF;
E60B : FF;
E60C : FF;
E60D : FF;
E60E : FF;
E60F : FF;
E610 : FF;
E611 : FF;
E612 : FF;
E613 : FF;
E614 : FF;
E615 : FF;
E616 : FF;
E617 : FF;
E618 : FF;
E619 : FF;
E61A : FF;
E61B : FF;
E61C : FF;
E61D : FF;
E61E : FF;
E61F : FF;
E620 : FF;
E621 : FF;
E622 : FF;
E623 : FF;
E624 : FF;
E625 : FF;
E626 : FF;
E627 : FF;
E628 : FF;
E629 : FF;
E62A : FF;
E62B : FF;
E62C : FF;
E62D : FF;
E62E : FF;
E62F : FF;
E630 : FF;
E631 : FF;
E632 : FF;
E633 : FF;
E634 : FF;
E635 : FF;
E636 : FF;
E637 : FF;
E638 : FF;
E639 : FF;
E63A : FF;
E63B : FF;
E63C : FF;
E63D : FF;
E63E : FF;
E63F : FF;
E640 : FF;
E641 : FF;
E642 : FF;
E643 : FF;
E644 : FF;
E645 : FF;
E646 : FF;
E647 : FF;
E648 : FF;
E649 : FF;
E64A : FF;
E64B : FF;
E64C : FF;
E64D : FF;
E64E : FF;
E64F : FF;
E650 : FF;
E651 : FF;
E652 : FF;
E653 : FF;
E654 : FF;
E655 : FF;
E656 : FF;
E657 : FF;
E658 : FF;
E659 : FF;
E65A : FF;
E65B : FF;
E65C : FF;
E65D : FF;
E65E : FF;
E65F : FF;
E660 : FF;
E661 : FF;
E662 : FF;
E663 : FF;
E664 : FF;
E665 : FF;
E666 : FF;
E667 : FF;
E668 : FF;
E669 : FF;
E66A : FF;
E66B : FF;
E66C : FF;
E66D : FF;
E66E : FF;
E66F : FF;
E670 : FF;
E671 : FF;
E672 : FF;
E673 : FF;
E674 : FF;
E675 : FF;
E676 : FF;
E677 : FF;
E678 : FF;
E679 : FF;
E67A : FF;
E67B : FF;
E67C : FF;
E67D : FF;
E67E : FF;
E67F : FF;
E680 : FF;
E681 : FF;
E682 : FF;
E683 : FF;
E684 : FF;
E685 : FF;
E686 : FF;
E687 : FF;
E688 : FF;
E689 : FF;
E68A : FF;
E68B : FF;
E68C : FF;
E68D : FF;
E68E : FF;
E68F : FF;
E690 : FF;
E691 : FF;
E692 : FF;
E693 : FF;
E694 : FF;
E695 : FF;
E696 : FF;
E697 : FF;
E698 : FF;
E699 : FF;
E69A : FF;
E69B : FF;
E69C : FF;
E69D : FF;
E69E : FF;
E69F : FF;
E6A0 : FF;
E6A1 : FF;
E6A2 : FF;
E6A3 : FF;
E6A4 : FF;
E6A5 : FF;
E6A6 : FF;
E6A7 : FF;
E6A8 : FF;
E6A9 : FF;
E6AA : FF;
E6AB : FF;
E6AC : FF;
E6AD : FF;
E6AE : FF;
E6AF : FF;
E6B0 : FF;
E6B1 : FF;
E6B2 : FF;
E6B3 : FF;
E6B4 : FF;
E6B5 : FF;
E6B6 : FF;
E6B7 : FF;
E6B8 : FF;
E6B9 : FF;
E6BA : FF;
E6BB : FF;
E6BC : FF;
E6BD : FF;
E6BE : FF;
E6BF : FF;
E6C0 : FF;
E6C1 : FF;
E6C2 : FF;
E6C3 : FF;
E6C4 : FF;
E6C5 : FF;
E6C6 : FF;
E6C7 : FF;
E6C8 : FF;
E6C9 : FF;
E6CA : FF;
E6CB : FF;
E6CC : FF;
E6CD : FF;
E6CE : FF;
E6CF : FF;
E6D0 : FF;
E6D1 : FF;
E6D2 : FF;
E6D3 : FF;
E6D4 : FF;
E6D5 : FF;
E6D6 : FF;
E6D7 : FF;
E6D8 : FF;
E6D9 : FF;
E6DA : FF;
E6DB : FF;
E6DC : FF;
E6DD : FF;
E6DE : FF;
E6DF : FF;
E6E0 : FF;
E6E1 : FF;
E6E2 : FF;
E6E3 : FF;
E6E4 : FF;
E6E5 : FF;
E6E6 : FF;
E6E7 : FF;
E6E8 : FF;
E6E9 : FF;
E6EA : FF;
E6EB : FF;
E6EC : FF;
E6ED : FF;
E6EE : FF;
E6EF : FF;
E6F0 : FF;
E6F1 : FF;
E6F2 : FF;
E6F3 : FF;
E6F4 : FF;
E6F5 : FF;
E6F6 : FF;
E6F7 : FF;
E6F8 : FF;
E6F9 : FF;
E6FA : FF;
E6FB : FF;
E6FC : FF;
E6FD : FF;
E6FE : FF;
E6FF : FF;
E700 : FF;
E701 : FF;
E702 : FF;
E703 : FF;
E704 : FF;
E705 : FF;
E706 : FF;
E707 : FF;
E708 : FF;
E709 : FF;
E70A : FF;
E70B : FF;
E70C : FF;
E70D : FF;
E70E : FF;
E70F : FF;
E710 : FF;
E711 : FF;
E712 : FF;
E713 : FF;
E714 : FF;
E715 : FF;
E716 : FF;
E717 : FF;
E718 : FF;
E719 : FF;
E71A : FF;
E71B : FF;
E71C : FF;
E71D : FF;
E71E : FF;
E71F : FF;
E720 : FF;
E721 : FF;
E722 : FF;
E723 : FF;
E724 : FF;
E725 : FF;
E726 : FF;
E727 : FF;
E728 : FF;
E729 : FF;
E72A : FF;
E72B : FF;
E72C : FF;
E72D : FF;
E72E : FF;
E72F : FF;
E730 : FF;
E731 : FF;
E732 : FF;
E733 : FF;
E734 : FF;
E735 : FF;
E736 : FF;
E737 : FF;
E738 : FF;
E739 : FF;
E73A : FF;
E73B : FF;
E73C : FF;
E73D : FF;
E73E : FF;
E73F : FF;
E740 : FF;
E741 : FF;
E742 : FF;
E743 : FF;
E744 : FF;
E745 : FF;
E746 : FF;
E747 : FF;
E748 : FF;
E749 : FF;
E74A : FF;
E74B : FF;
E74C : FF;
E74D : FF;
E74E : FF;
E74F : FF;
E750 : FF;
E751 : FF;
E752 : FF;
E753 : FF;
E754 : FF;
E755 : FF;
E756 : FF;
E757 : FF;
E758 : FF;
E759 : FF;
E75A : FF;
E75B : FF;
E75C : FF;
E75D : FF;
E75E : FF;
E75F : FF;
E760 : FF;
E761 : FF;
E762 : FF;
E763 : FF;
E764 : FF;
E765 : FF;
E766 : FF;
E767 : FF;
E768 : FF;
E769 : FF;
E76A : FF;
E76B : FF;
E76C : FF;
E76D : FF;
E76E : FF;
E76F : FF;
E770 : FF;
E771 : FF;
E772 : FF;
E773 : FF;
E774 : FF;
E775 : FF;
E776 : FF;
E777 : FF;
E778 : FF;
E779 : FF;
E77A : FF;
E77B : FF;
E77C : FF;
E77D : FF;
E77E : FF;
E77F : FF;
E780 : FF;
E781 : FF;
E782 : FF;
E783 : FF;
E784 : FF;
E785 : FF;
E786 : FF;
E787 : FF;
E788 : FF;
E789 : FF;
E78A : FF;
E78B : FF;
E78C : FF;
E78D : FF;
E78E : FF;
E78F : FF;
E790 : FF;
E791 : FF;
E792 : FF;
E793 : FF;
E794 : FF;
E795 : FF;
E796 : FF;
E797 : FF;
E798 : FF;
E799 : FF;
E79A : FF;
E79B : FF;
E79C : FF;
E79D : FF;
E79E : FF;
E79F : FF;
E7A0 : FF;
E7A1 : FF;
E7A2 : FF;
E7A3 : FF;
E7A4 : FF;
E7A5 : FF;
E7A6 : FF;
E7A7 : FF;
E7A8 : FF;
E7A9 : FF;
E7AA : FF;
E7AB : FF;
E7AC : FF;
E7AD : FF;
E7AE : FF;
E7AF : FF;
E7B0 : FF;
E7B1 : FF;
E7B2 : FF;
E7B3 : FF;
E7B4 : FF;
E7B5 : FF;
E7B6 : FF;
E7B7 : FF;
E7B8 : FF;
E7B9 : FF;
E7BA : FF;
E7BB : FF;
E7BC : FF;
E7BD : FF;
E7BE : FF;
E7BF : FF;
E7C0 : FF;
E7C1 : FF;
E7C2 : FF;
E7C3 : FF;
E7C4 : FF;
E7C5 : FF;
E7C6 : FF;
E7C7 : FF;
E7C8 : FF;
E7C9 : FF;
E7CA : FF;
E7CB : FF;
E7CC : FF;
E7CD : FF;
E7CE : FF;
E7CF : FF;
E7D0 : FF;
E7D1 : FF;
E7D2 : FF;
E7D3 : FF;
E7D4 : FF;
E7D5 : FF;
E7D6 : FF;
E7D7 : FF;
E7D8 : FF;
E7D9 : FF;
E7DA : FF;
E7DB : FF;
E7DC : FF;
E7DD : FF;
E7DE : FF;
E7DF : FF;
E7E0 : FF;
E7E1 : FF;
E7E2 : FF;
E7E3 : FF;
E7E4 : FF;
E7E5 : FF;
E7E6 : FF;
E7E7 : FF;
E7E8 : FF;
E7E9 : FF;
E7EA : FF;
E7EB : FF;
E7EC : FF;
E7ED : FF;
E7EE : FF;
E7EF : FF;
E7F0 : FF;
E7F1 : FF;
E7F2 : FF;
E7F3 : FF;
E7F4 : FF;
E7F5 : FF;
E7F6 : FF;
E7F7 : FF;
E7F8 : FF;
E7F9 : FF;
E7FA : FF;
E7FB : FF;
E7FC : FF;
E7FD : FF;
E7FE : FF;
E7FF : FF;
E800 : FF;
E801 : FF;
E802 : FF;
E803 : FF;
E804 : FF;
E805 : FF;
E806 : FF;
E807 : FF;
E808 : FF;
E809 : FF;
E80A : FF;
E80B : FF;
E80C : FF;
E80D : FF;
E80E : FF;
E80F : FF;
E810 : FF;
E811 : FF;
E812 : FF;
E813 : FF;
E814 : FF;
E815 : FF;
E816 : FF;
E817 : FF;
E818 : FF;
E819 : FF;
E81A : FF;
E81B : FF;
E81C : FF;
E81D : FF;
E81E : FF;
E81F : FF;
E820 : FF;
E821 : FF;
E822 : FF;
E823 : FF;
E824 : FF;
E825 : FF;
E826 : FF;
E827 : FF;
E828 : FF;
E829 : FF;
E82A : FF;
E82B : FF;
E82C : FF;
E82D : FF;
E82E : FF;
E82F : FF;
E830 : FF;
E831 : FF;
E832 : FF;
E833 : FF;
E834 : FF;
E835 : FF;
E836 : FF;
E837 : FF;
E838 : FF;
E839 : FF;
E83A : FF;
E83B : FF;
E83C : FF;
E83D : FF;
E83E : FF;
E83F : FF;
E840 : FF;
E841 : FF;
E842 : FF;
E843 : FF;
E844 : FF;
E845 : FF;
E846 : FF;
E847 : FF;
E848 : FF;
E849 : FF;
E84A : FF;
E84B : FF;
E84C : FF;
E84D : FF;
E84E : FF;
E84F : FF;
E850 : FF;
E851 : FF;
E852 : FF;
E853 : FF;
E854 : FF;
E855 : FF;
E856 : FF;
E857 : FF;
E858 : FF;
E859 : FF;
E85A : FF;
E85B : FF;
E85C : FF;
E85D : FF;
E85E : FF;
E85F : FF;
E860 : FF;
E861 : FF;
E862 : FF;
E863 : FF;
E864 : FF;
E865 : FF;
E866 : FF;
E867 : FF;
E868 : FF;
E869 : FF;
E86A : FF;
E86B : FF;
E86C : FF;
E86D : FF;
E86E : FF;
E86F : FF;
E870 : FF;
E871 : FF;
E872 : FF;
E873 : FF;
E874 : FF;
E875 : FF;
E876 : FF;
E877 : FF;
E878 : FF;
E879 : FF;
E87A : FF;
E87B : FF;
E87C : FF;
E87D : FF;
E87E : FF;
E87F : FF;
E880 : FF;
E881 : FF;
E882 : FF;
E883 : FF;
E884 : FF;
E885 : FF;
E886 : FF;
E887 : FF;
E888 : FF;
E889 : FF;
E88A : FF;
E88B : FF;
E88C : FF;
E88D : FF;
E88E : FF;
E88F : FF;
E890 : FF;
E891 : FF;
E892 : FF;
E893 : FF;
E894 : FF;
E895 : FF;
E896 : FF;
E897 : FF;
E898 : FF;
E899 : FF;
E89A : FF;
E89B : FF;
E89C : FF;
E89D : FF;
E89E : FF;
E89F : FF;
E8A0 : FF;
E8A1 : FF;
E8A2 : FF;
E8A3 : FF;
E8A4 : FF;
E8A5 : FF;
E8A6 : FF;
E8A7 : FF;
E8A8 : FF;
E8A9 : FF;
E8AA : FF;
E8AB : FF;
E8AC : FF;
E8AD : FF;
E8AE : FF;
E8AF : FF;
E8B0 : FF;
E8B1 : FF;
E8B2 : FF;
E8B3 : FF;
E8B4 : FF;
E8B5 : FF;
E8B6 : FF;
E8B7 : FF;
E8B8 : FF;
E8B9 : FF;
E8BA : FF;
E8BB : FF;
E8BC : FF;
E8BD : FF;
E8BE : FF;
E8BF : FF;
E8C0 : FF;
E8C1 : FF;
E8C2 : FF;
E8C3 : FF;
E8C4 : FF;
E8C5 : FF;
E8C6 : FF;
E8C7 : FF;
E8C8 : FF;
E8C9 : FF;
E8CA : FF;
E8CB : FF;
E8CC : FF;
E8CD : FF;
E8CE : FF;
E8CF : FF;
E8D0 : FF;
E8D1 : FF;
E8D2 : FF;
E8D3 : FF;
E8D4 : FF;
E8D5 : FF;
E8D6 : FF;
E8D7 : FF;
E8D8 : FF;
E8D9 : FF;
E8DA : FF;
E8DB : FF;
E8DC : FF;
E8DD : FF;
E8DE : FF;
E8DF : FF;
E8E0 : FF;
E8E1 : FF;
E8E2 : FF;
E8E3 : FF;
E8E4 : FF;
E8E5 : FF;
E8E6 : FF;
E8E7 : FF;
E8E8 : FF;
E8E9 : FF;
E8EA : FF;
E8EB : FF;
E8EC : FF;
E8ED : FF;
E8EE : FF;
E8EF : FF;
E8F0 : FF;
E8F1 : FF;
E8F2 : FF;
E8F3 : FF;
E8F4 : FF;
E8F5 : FF;
E8F6 : FF;
E8F7 : FF;
E8F8 : FF;
E8F9 : FF;
E8FA : FF;
E8FB : FF;
E8FC : FF;
E8FD : FF;
E8FE : FF;
E8FF : FF;
E900 : FF;
E901 : FF;
E902 : FF;
E903 : FF;
E904 : FF;
E905 : FF;
E906 : FF;
E907 : FF;
E908 : FF;
E909 : FF;
E90A : FF;
E90B : FF;
E90C : FF;
E90D : FF;
E90E : FF;
E90F : FF;
E910 : FF;
E911 : FF;
E912 : FF;
E913 : FF;
E914 : FF;
E915 : FF;
E916 : FF;
E917 : FF;
E918 : FF;
E919 : FF;
E91A : FF;
E91B : FF;
E91C : FF;
E91D : FF;
E91E : FF;
E91F : FF;
E920 : FF;
E921 : FF;
E922 : FF;
E923 : FF;
E924 : FF;
E925 : FF;
E926 : FF;
E927 : FF;
E928 : FF;
E929 : FF;
E92A : FF;
E92B : FF;
E92C : FF;
E92D : FF;
E92E : FF;
E92F : FF;
E930 : FF;
E931 : FF;
E932 : FF;
E933 : FF;
E934 : FF;
E935 : FF;
E936 : FF;
E937 : FF;
E938 : FF;
E939 : FF;
E93A : FF;
E93B : FF;
E93C : FF;
E93D : FF;
E93E : FF;
E93F : FF;
E940 : FF;
E941 : FF;
E942 : FF;
E943 : FF;
E944 : FF;
E945 : FF;
E946 : FF;
E947 : FF;
E948 : FF;
E949 : FF;
E94A : FF;
E94B : FF;
E94C : FF;
E94D : FF;
E94E : FF;
E94F : FF;
E950 : FF;
E951 : FF;
E952 : FF;
E953 : FF;
E954 : FF;
E955 : FF;
E956 : FF;
E957 : FF;
E958 : FF;
E959 : FF;
E95A : FF;
E95B : FF;
E95C : FF;
E95D : FF;
E95E : FF;
E95F : FF;
E960 : FF;
E961 : FF;
E962 : FF;
E963 : FF;
E964 : FF;
E965 : FF;
E966 : FF;
E967 : FF;
E968 : FF;
E969 : FF;
E96A : FF;
E96B : FF;
E96C : FF;
E96D : FF;
E96E : FF;
E96F : FF;
E970 : FF;
E971 : FF;
E972 : FF;
E973 : FF;
E974 : FF;
E975 : FF;
E976 : FF;
E977 : FF;
E978 : FF;
E979 : FF;
E97A : FF;
E97B : FF;
E97C : FF;
E97D : FF;
E97E : FF;
E97F : FF;
E980 : FF;
E981 : FF;
E982 : FF;
E983 : FF;
E984 : FF;
E985 : FF;
E986 : FF;
E987 : FF;
E988 : FF;
E989 : FF;
E98A : FF;
E98B : FF;
E98C : FF;
E98D : FF;
E98E : FF;
E98F : FF;
E990 : FF;
E991 : FF;
E992 : FF;
E993 : FF;
E994 : FF;
E995 : FF;
E996 : FF;
E997 : FF;
E998 : FF;
E999 : FF;
E99A : FF;
E99B : FF;
E99C : FF;
E99D : FF;
E99E : FF;
E99F : FF;
E9A0 : FF;
E9A1 : FF;
E9A2 : FF;
E9A3 : FF;
E9A4 : FF;
E9A5 : FF;
E9A6 : FF;
E9A7 : FF;
E9A8 : FF;
E9A9 : FF;
E9AA : FF;
E9AB : FF;
E9AC : FF;
E9AD : FF;
E9AE : FF;
E9AF : FF;
E9B0 : FF;
E9B1 : FF;
E9B2 : FF;
E9B3 : FF;
E9B4 : FF;
E9B5 : FF;
E9B6 : FF;
E9B7 : FF;
E9B8 : FF;
E9B9 : FF;
E9BA : FF;
E9BB : FF;
E9BC : FF;
E9BD : FF;
E9BE : FF;
E9BF : FF;
E9C0 : FF;
E9C1 : FF;
E9C2 : FF;
E9C3 : FF;
E9C4 : FF;
E9C5 : FF;
E9C6 : FF;
E9C7 : FF;
E9C8 : FF;
E9C9 : FF;
E9CA : FF;
E9CB : FF;
E9CC : FF;
E9CD : FF;
E9CE : FF;
E9CF : FF;
E9D0 : FF;
E9D1 : FF;
E9D2 : FF;
E9D3 : FF;
E9D4 : FF;
E9D5 : FF;
E9D6 : FF;
E9D7 : FF;
E9D8 : FF;
E9D9 : FF;
E9DA : FF;
E9DB : FF;
E9DC : FF;
E9DD : FF;
E9DE : FF;
E9DF : FF;
E9E0 : FF;
E9E1 : FF;
E9E2 : FF;
E9E3 : FF;
E9E4 : FF;
E9E5 : FF;
E9E6 : FF;
E9E7 : FF;
E9E8 : FF;
E9E9 : FF;
E9EA : FF;
E9EB : FF;
E9EC : FF;
E9ED : FF;
E9EE : FF;
E9EF : FF;
E9F0 : FF;
E9F1 : FF;
E9F2 : FF;
E9F3 : FF;
E9F4 : FF;
E9F5 : FF;
E9F6 : FF;
E9F7 : FF;
E9F8 : FF;
E9F9 : FF;
E9FA : FF;
E9FB : FF;
E9FC : FF;
E9FD : FF;
E9FE : FF;
E9FF : FF;
EA00 : FF;
EA01 : FF;
EA02 : FF;
EA03 : FF;
EA04 : FF;
EA05 : FF;
EA06 : FF;
EA07 : FF;
EA08 : FF;
EA09 : FF;
EA0A : FF;
EA0B : FF;
EA0C : FF;
EA0D : FF;
EA0E : FF;
EA0F : FF;
EA10 : FF;
EA11 : FF;
EA12 : FF;
EA13 : FF;
EA14 : FF;
EA15 : FF;
EA16 : FF;
EA17 : FF;
EA18 : FF;
EA19 : FF;
EA1A : FF;
EA1B : FF;
EA1C : FF;
EA1D : FF;
EA1E : FF;
EA1F : FF;
EA20 : FF;
EA21 : FF;
EA22 : FF;
EA23 : FF;
EA24 : FF;
EA25 : FF;
EA26 : FF;
EA27 : FF;
EA28 : FF;
EA29 : FF;
EA2A : FF;
EA2B : FF;
EA2C : FF;
EA2D : FF;
EA2E : FF;
EA2F : FF;
EA30 : FF;
EA31 : FF;
EA32 : FF;
EA33 : FF;
EA34 : FF;
EA35 : FF;
EA36 : FF;
EA37 : FF;
EA38 : FF;
EA39 : FF;
EA3A : FF;
EA3B : FF;
EA3C : FF;
EA3D : FF;
EA3E : FF;
EA3F : FF;
EA40 : FF;
EA41 : FF;
EA42 : FF;
EA43 : FF;
EA44 : FF;
EA45 : FF;
EA46 : FF;
EA47 : FF;
EA48 : FF;
EA49 : FF;
EA4A : FF;
EA4B : FF;
EA4C : FF;
EA4D : FF;
EA4E : FF;
EA4F : FF;
EA50 : FF;
EA51 : FF;
EA52 : FF;
EA53 : FF;
EA54 : FF;
EA55 : FF;
EA56 : FF;
EA57 : FF;
EA58 : FF;
EA59 : FF;
EA5A : FF;
EA5B : FF;
EA5C : FF;
EA5D : FF;
EA5E : FF;
EA5F : FF;
EA60 : FF;
EA61 : FF;
EA62 : FF;
EA63 : FF;
EA64 : FF;
EA65 : FF;
EA66 : FF;
EA67 : FF;
EA68 : FF;
EA69 : FF;
EA6A : FF;
EA6B : FF;
EA6C : FF;
EA6D : FF;
EA6E : FF;
EA6F : FF;
EA70 : FF;
EA71 : FF;
EA72 : FF;
EA73 : FF;
EA74 : FF;
EA75 : FF;
EA76 : FF;
EA77 : FF;
EA78 : FF;
EA79 : FF;
EA7A : FF;
EA7B : FF;
EA7C : FF;
EA7D : FF;
EA7E : FF;
EA7F : FF;
EA80 : FF;
EA81 : FF;
EA82 : FF;
EA83 : FF;
EA84 : FF;
EA85 : FF;
EA86 : FF;
EA87 : FF;
EA88 : FF;
EA89 : FF;
EA8A : FF;
EA8B : FF;
EA8C : FF;
EA8D : FF;
EA8E : FF;
EA8F : FF;
EA90 : FF;
EA91 : FF;
EA92 : FF;
EA93 : FF;
EA94 : FF;
EA95 : FF;
EA96 : FF;
EA97 : FF;
EA98 : FF;
EA99 : FF;
EA9A : FF;
EA9B : FF;
EA9C : FF;
EA9D : FF;
EA9E : FF;
EA9F : FF;
EAA0 : FF;
EAA1 : FF;
EAA2 : FF;
EAA3 : FF;
EAA4 : FF;
EAA5 : FF;
EAA6 : FF;
EAA7 : FF;
EAA8 : FF;
EAA9 : FF;
EAAA : FF;
EAAB : FF;
EAAC : FF;
EAAD : FF;
EAAE : FF;
EAAF : FF;
EAB0 : FF;
EAB1 : FF;
EAB2 : FF;
EAB3 : FF;
EAB4 : FF;
EAB5 : FF;
EAB6 : FF;
EAB7 : FF;
EAB8 : FF;
EAB9 : FF;
EABA : FF;
EABB : FF;
EABC : FF;
EABD : FF;
EABE : FF;
EABF : FF;
EAC0 : FF;
EAC1 : FF;
EAC2 : FF;
EAC3 : FF;
EAC4 : FF;
EAC5 : FF;
EAC6 : FF;
EAC7 : FF;
EAC8 : FF;
EAC9 : FF;
EACA : FF;
EACB : FF;
EACC : FF;
EACD : FF;
EACE : FF;
EACF : FF;
EAD0 : FF;
EAD1 : FF;
EAD2 : FF;
EAD3 : FF;
EAD4 : FF;
EAD5 : FF;
EAD6 : FF;
EAD7 : FF;
EAD8 : FF;
EAD9 : FF;
EADA : FF;
EADB : FF;
EADC : FF;
EADD : FF;
EADE : FF;
EADF : FF;
EAE0 : FF;
EAE1 : FF;
EAE2 : FF;
EAE3 : FF;
EAE4 : FF;
EAE5 : FF;
EAE6 : FF;
EAE7 : FF;
EAE8 : FF;
EAE9 : FF;
EAEA : FF;
EAEB : FF;
EAEC : FF;
EAED : FF;
EAEE : FF;
EAEF : FF;
EAF0 : FF;
EAF1 : FF;
EAF2 : FF;
EAF3 : FF;
EAF4 : FF;
EAF5 : FF;
EAF6 : FF;
EAF7 : FF;
EAF8 : FF;
EAF9 : FF;
EAFA : FF;
EAFB : FF;
EAFC : FF;
EAFD : FF;
EAFE : FF;
EAFF : FF;
EB00 : FF;
EB01 : FF;
EB02 : FF;
EB03 : FF;
EB04 : FF;
EB05 : FF;
EB06 : FF;
EB07 : FF;
EB08 : FF;
EB09 : FF;
EB0A : FF;
EB0B : FF;
EB0C : FF;
EB0D : FF;
EB0E : FF;
EB0F : FF;
EB10 : FF;
EB11 : FF;
EB12 : FF;
EB13 : FF;
EB14 : FF;
EB15 : FF;
EB16 : FF;
EB17 : FF;
EB18 : FF;
EB19 : FF;
EB1A : FF;
EB1B : FF;
EB1C : FF;
EB1D : FF;
EB1E : FF;
EB1F : FF;
EB20 : FF;
EB21 : FF;
EB22 : FF;
EB23 : FF;
EB24 : FF;
EB25 : FF;
EB26 : FF;
EB27 : FF;
EB28 : FF;
EB29 : FF;
EB2A : FF;
EB2B : FF;
EB2C : FF;
EB2D : FF;
EB2E : FF;
EB2F : FF;
EB30 : FF;
EB31 : FF;
EB32 : FF;
EB33 : FF;
EB34 : FF;
EB35 : FF;
EB36 : FF;
EB37 : FF;
EB38 : FF;
EB39 : FF;
EB3A : FF;
EB3B : FF;
EB3C : FF;
EB3D : FF;
EB3E : FF;
EB3F : FF;
EB40 : FF;
EB41 : FF;
EB42 : FF;
EB43 : FF;
EB44 : FF;
EB45 : FF;
EB46 : FF;
EB47 : FF;
EB48 : FF;
EB49 : FF;
EB4A : FF;
EB4B : FF;
EB4C : FF;
EB4D : FF;
EB4E : FF;
EB4F : FF;
EB50 : FF;
EB51 : FF;
EB52 : FF;
EB53 : FF;
EB54 : FF;
EB55 : FF;
EB56 : FF;
EB57 : FF;
EB58 : FF;
EB59 : FF;
EB5A : FF;
EB5B : FF;
EB5C : FF;
EB5D : FF;
EB5E : FF;
EB5F : FF;
EB60 : FF;
EB61 : FF;
EB62 : FF;
EB63 : FF;
EB64 : FF;
EB65 : FF;
EB66 : FF;
EB67 : FF;
EB68 : FF;
EB69 : FF;
EB6A : FF;
EB6B : FF;
EB6C : FF;
EB6D : FF;
EB6E : FF;
EB6F : FF;
EB70 : FF;
EB71 : FF;
EB72 : FF;
EB73 : FF;
EB74 : FF;
EB75 : FF;
EB76 : FF;
EB77 : FF;
EB78 : FF;
EB79 : FF;
EB7A : FF;
EB7B : FF;
EB7C : FF;
EB7D : FF;
EB7E : FF;
EB7F : FF;
EB80 : FF;
EB81 : FF;
EB82 : FF;
EB83 : FF;
EB84 : FF;
EB85 : FF;
EB86 : FF;
EB87 : FF;
EB88 : FF;
EB89 : FF;
EB8A : FF;
EB8B : FF;
EB8C : FF;
EB8D : FF;
EB8E : FF;
EB8F : FF;
EB90 : FF;
EB91 : FF;
EB92 : FF;
EB93 : FF;
EB94 : FF;
EB95 : FF;
EB96 : FF;
EB97 : FF;
EB98 : FF;
EB99 : FF;
EB9A : FF;
EB9B : FF;
EB9C : FF;
EB9D : FF;
EB9E : FF;
EB9F : FF;
EBA0 : FF;
EBA1 : FF;
EBA2 : FF;
EBA3 : FF;
EBA4 : FF;
EBA5 : FF;
EBA6 : FF;
EBA7 : FF;
EBA8 : FF;
EBA9 : FF;
EBAA : FF;
EBAB : FF;
EBAC : FF;
EBAD : FF;
EBAE : FF;
EBAF : FF;
EBB0 : FF;
EBB1 : FF;
EBB2 : FF;
EBB3 : FF;
EBB4 : FF;
EBB5 : FF;
EBB6 : FF;
EBB7 : FF;
EBB8 : FF;
EBB9 : FF;
EBBA : FF;
EBBB : FF;
EBBC : FF;
EBBD : FF;
EBBE : FF;
EBBF : FF;
EBC0 : FF;
EBC1 : FF;
EBC2 : FF;
EBC3 : FF;
EBC4 : FF;
EBC5 : FF;
EBC6 : FF;
EBC7 : FF;
EBC8 : FF;
EBC9 : FF;
EBCA : FF;
EBCB : FF;
EBCC : FF;
EBCD : FF;
EBCE : FF;
EBCF : FF;
EBD0 : FF;
EBD1 : FF;
EBD2 : FF;
EBD3 : FF;
EBD4 : FF;
EBD5 : FF;
EBD6 : FF;
EBD7 : FF;
EBD8 : FF;
EBD9 : FF;
EBDA : FF;
EBDB : FF;
EBDC : FF;
EBDD : FF;
EBDE : FF;
EBDF : FF;
EBE0 : FF;
EBE1 : FF;
EBE2 : FF;
EBE3 : FF;
EBE4 : FF;
EBE5 : FF;
EBE6 : FF;
EBE7 : FF;
EBE8 : FF;
EBE9 : FF;
EBEA : FF;
EBEB : FF;
EBEC : FF;
EBED : FF;
EBEE : FF;
EBEF : FF;
EBF0 : FF;
EBF1 : FF;
EBF2 : FF;
EBF3 : FF;
EBF4 : FF;
EBF5 : FF;
EBF6 : FF;
EBF7 : FF;
EBF8 : FF;
EBF9 : FF;
EBFA : FF;
EBFB : FF;
EBFC : FF;
EBFD : FF;
EBFE : FF;
EBFF : FF;
EC00 : FF;
EC01 : FF;
EC02 : FF;
EC03 : FF;
EC04 : FF;
EC05 : FF;
EC06 : FF;
EC07 : FF;
EC08 : FF;
EC09 : FF;
EC0A : FF;
EC0B : FF;
EC0C : FF;
EC0D : FF;
EC0E : FF;
EC0F : FF;
EC10 : FF;
EC11 : FF;
EC12 : FF;
EC13 : FF;
EC14 : FF;
EC15 : FF;
EC16 : FF;
EC17 : FF;
EC18 : FF;
EC19 : FF;
EC1A : FF;
EC1B : FF;
EC1C : FF;
EC1D : FF;
EC1E : FF;
EC1F : FF;
EC20 : FF;
EC21 : FF;
EC22 : FF;
EC23 : FF;
EC24 : FF;
EC25 : FF;
EC26 : FF;
EC27 : FF;
EC28 : FF;
EC29 : FF;
EC2A : FF;
EC2B : FF;
EC2C : FF;
EC2D : FF;
EC2E : FF;
EC2F : FF;
EC30 : FF;
EC31 : FF;
EC32 : FF;
EC33 : FF;
EC34 : FF;
EC35 : FF;
EC36 : FF;
EC37 : FF;
EC38 : FF;
EC39 : FF;
EC3A : FF;
EC3B : FF;
EC3C : FF;
EC3D : FF;
EC3E : FF;
EC3F : FF;
EC40 : FF;
EC41 : FF;
EC42 : FF;
EC43 : FF;
EC44 : FF;
EC45 : FF;
EC46 : FF;
EC47 : FF;
EC48 : FF;
EC49 : FF;
EC4A : FF;
EC4B : FF;
EC4C : FF;
EC4D : FF;
EC4E : FF;
EC4F : FF;
EC50 : FF;
EC51 : FF;
EC52 : FF;
EC53 : FF;
EC54 : FF;
EC55 : FF;
EC56 : FF;
EC57 : FF;
EC58 : FF;
EC59 : FF;
EC5A : FF;
EC5B : FF;
EC5C : FF;
EC5D : FF;
EC5E : FF;
EC5F : FF;
EC60 : FF;
EC61 : FF;
EC62 : FF;
EC63 : FF;
EC64 : FF;
EC65 : FF;
EC66 : FF;
EC67 : FF;
EC68 : FF;
EC69 : FF;
EC6A : FF;
EC6B : FF;
EC6C : FF;
EC6D : FF;
EC6E : FF;
EC6F : FF;
EC70 : FF;
EC71 : FF;
EC72 : FF;
EC73 : FF;
EC74 : FF;
EC75 : FF;
EC76 : FF;
EC77 : FF;
EC78 : FF;
EC79 : FF;
EC7A : FF;
EC7B : FF;
EC7C : FF;
EC7D : FF;
EC7E : FF;
EC7F : FF;
EC80 : FF;
EC81 : FF;
EC82 : FF;
EC83 : FF;
EC84 : FF;
EC85 : FF;
EC86 : FF;
EC87 : FF;
EC88 : FF;
EC89 : FF;
EC8A : FF;
EC8B : FF;
EC8C : FF;
EC8D : FF;
EC8E : FF;
EC8F : FF;
EC90 : FF;
EC91 : FF;
EC92 : FF;
EC93 : FF;
EC94 : FF;
EC95 : FF;
EC96 : FF;
EC97 : FF;
EC98 : FF;
EC99 : FF;
EC9A : FF;
EC9B : FF;
EC9C : FF;
EC9D : FF;
EC9E : FF;
EC9F : FF;
ECA0 : FF;
ECA1 : FF;
ECA2 : FF;
ECA3 : FF;
ECA4 : FF;
ECA5 : FF;
ECA6 : FF;
ECA7 : FF;
ECA8 : FF;
ECA9 : FF;
ECAA : FF;
ECAB : FF;
ECAC : FF;
ECAD : FF;
ECAE : FF;
ECAF : FF;
ECB0 : FF;
ECB1 : FF;
ECB2 : FF;
ECB3 : FF;
ECB4 : FF;
ECB5 : FF;
ECB6 : FF;
ECB7 : FF;
ECB8 : FF;
ECB9 : FF;
ECBA : FF;
ECBB : FF;
ECBC : FF;
ECBD : FF;
ECBE : FF;
ECBF : FF;
ECC0 : FF;
ECC1 : FF;
ECC2 : FF;
ECC3 : FF;
ECC4 : FF;
ECC5 : FF;
ECC6 : FF;
ECC7 : FF;
ECC8 : FF;
ECC9 : FF;
ECCA : FF;
ECCB : FF;
ECCC : FF;
ECCD : FF;
ECCE : FF;
ECCF : FF;
ECD0 : FF;
ECD1 : FF;
ECD2 : FF;
ECD3 : FF;
ECD4 : FF;
ECD5 : FF;
ECD6 : FF;
ECD7 : FF;
ECD8 : FF;
ECD9 : FF;
ECDA : FF;
ECDB : FF;
ECDC : FF;
ECDD : FF;
ECDE : FF;
ECDF : FF;
ECE0 : FF;
ECE1 : FF;
ECE2 : FF;
ECE3 : FF;
ECE4 : FF;
ECE5 : FF;
ECE6 : FF;
ECE7 : FF;
ECE8 : FF;
ECE9 : FF;
ECEA : FF;
ECEB : FF;
ECEC : FF;
ECED : FF;
ECEE : FF;
ECEF : FF;
ECF0 : FF;
ECF1 : FF;
ECF2 : FF;
ECF3 : FF;
ECF4 : FF;
ECF5 : FF;
ECF6 : FF;
ECF7 : FF;
ECF8 : FF;
ECF9 : FF;
ECFA : FF;
ECFB : FF;
ECFC : FF;
ECFD : FF;
ECFE : FF;
ECFF : FF;
ED00 : FF;
ED01 : FF;
ED02 : FF;
ED03 : FF;
ED04 : FF;
ED05 : FF;
ED06 : FF;
ED07 : FF;
ED08 : FF;
ED09 : FF;
ED0A : FF;
ED0B : FF;
ED0C : FF;
ED0D : FF;
ED0E : FF;
ED0F : FF;
ED10 : FF;
ED11 : FF;
ED12 : FF;
ED13 : FF;
ED14 : FF;
ED15 : FF;
ED16 : FF;
ED17 : FF;
ED18 : FF;
ED19 : FF;
ED1A : FF;
ED1B : FF;
ED1C : FF;
ED1D : FF;
ED1E : FF;
ED1F : FF;
ED20 : FF;
ED21 : FF;
ED22 : FF;
ED23 : FF;
ED24 : FF;
ED25 : FF;
ED26 : FF;
ED27 : FF;
ED28 : FF;
ED29 : FF;
ED2A : FF;
ED2B : FF;
ED2C : FF;
ED2D : FF;
ED2E : FF;
ED2F : FF;
ED30 : FF;
ED31 : FF;
ED32 : FF;
ED33 : FF;
ED34 : FF;
ED35 : FF;
ED36 : FF;
ED37 : FF;
ED38 : FF;
ED39 : FF;
ED3A : FF;
ED3B : FF;
ED3C : FF;
ED3D : FF;
ED3E : FF;
ED3F : FF;
ED40 : FF;
ED41 : FF;
ED42 : FF;
ED43 : FF;
ED44 : FF;
ED45 : FF;
ED46 : FF;
ED47 : FF;
ED48 : FF;
ED49 : FF;
ED4A : FF;
ED4B : FF;
ED4C : FF;
ED4D : FF;
ED4E : FF;
ED4F : FF;
ED50 : FF;
ED51 : FF;
ED52 : FF;
ED53 : FF;
ED54 : FF;
ED55 : FF;
ED56 : FF;
ED57 : FF;
ED58 : FF;
ED59 : FF;
ED5A : FF;
ED5B : FF;
ED5C : FF;
ED5D : FF;
ED5E : FF;
ED5F : FF;
ED60 : FF;
ED61 : FF;
ED62 : FF;
ED63 : FF;
ED64 : FF;
ED65 : FF;
ED66 : FF;
ED67 : FF;
ED68 : FF;
ED69 : FF;
ED6A : FF;
ED6B : FF;
ED6C : FF;
ED6D : FF;
ED6E : FF;
ED6F : FF;
ED70 : FF;
ED71 : FF;
ED72 : FF;
ED73 : FF;
ED74 : FF;
ED75 : FF;
ED76 : FF;
ED77 : FF;
ED78 : FF;
ED79 : FF;
ED7A : FF;
ED7B : FF;
ED7C : FF;
ED7D : FF;
ED7E : FF;
ED7F : FF;
ED80 : FF;
ED81 : FF;
ED82 : FF;
ED83 : FF;
ED84 : FF;
ED85 : FF;
ED86 : FF;
ED87 : FF;
ED88 : FF;
ED89 : FF;
ED8A : FF;
ED8B : FF;
ED8C : FF;
ED8D : FF;
ED8E : FF;
ED8F : FF;
ED90 : FF;
ED91 : FF;
ED92 : FF;
ED93 : FF;
ED94 : FF;
ED95 : FF;
ED96 : FF;
ED97 : FF;
ED98 : FF;
ED99 : FF;
ED9A : FF;
ED9B : FF;
ED9C : FF;
ED9D : FF;
ED9E : FF;
ED9F : FF;
EDA0 : FF;
EDA1 : FF;
EDA2 : FF;
EDA3 : FF;
EDA4 : FF;
EDA5 : FF;
EDA6 : FF;
EDA7 : FF;
EDA8 : FF;
EDA9 : FF;
EDAA : FF;
EDAB : FF;
EDAC : FF;
EDAD : FF;
EDAE : FF;
EDAF : FF;
EDB0 : FF;
EDB1 : FF;
EDB2 : FF;
EDB3 : FF;
EDB4 : FF;
EDB5 : FF;
EDB6 : FF;
EDB7 : FF;
EDB8 : FF;
EDB9 : FF;
EDBA : FF;
EDBB : FF;
EDBC : FF;
EDBD : FF;
EDBE : FF;
EDBF : FF;
EDC0 : FF;
EDC1 : FF;
EDC2 : FF;
EDC3 : FF;
EDC4 : FF;
EDC5 : FF;
EDC6 : FF;
EDC7 : FF;
EDC8 : FF;
EDC9 : FF;
EDCA : FF;
EDCB : FF;
EDCC : FF;
EDCD : FF;
EDCE : FF;
EDCF : FF;
EDD0 : FF;
EDD1 : FF;
EDD2 : FF;
EDD3 : FF;
EDD4 : FF;
EDD5 : FF;
EDD6 : FF;
EDD7 : FF;
EDD8 : FF;
EDD9 : FF;
EDDA : FF;
EDDB : FF;
EDDC : FF;
EDDD : FF;
EDDE : FF;
EDDF : FF;
EDE0 : FF;
EDE1 : FF;
EDE2 : FF;
EDE3 : FF;
EDE4 : FF;
EDE5 : FF;
EDE6 : FF;
EDE7 : FF;
EDE8 : FF;
EDE9 : FF;
EDEA : FF;
EDEB : FF;
EDEC : FF;
EDED : FF;
EDEE : FF;
EDEF : FF;
EDF0 : FF;
EDF1 : FF;
EDF2 : FF;
EDF3 : FF;
EDF4 : FF;
EDF5 : FF;
EDF6 : FF;
EDF7 : FF;
EDF8 : FF;
EDF9 : FF;
EDFA : FF;
EDFB : FF;
EDFC : FF;
EDFD : FF;
EDFE : FF;
EDFF : FF;
EE00 : FF;
EE01 : FF;
EE02 : FF;
EE03 : FF;
EE04 : FF;
EE05 : FF;
EE06 : FF;
EE07 : FF;
EE08 : FF;
EE09 : FF;
EE0A : FF;
EE0B : FF;
EE0C : FF;
EE0D : FF;
EE0E : FF;
EE0F : FF;
EE10 : FF;
EE11 : FF;
EE12 : FF;
EE13 : FF;
EE14 : FF;
EE15 : FF;
EE16 : FF;
EE17 : FF;
EE18 : FF;
EE19 : FF;
EE1A : FF;
EE1B : FF;
EE1C : FF;
EE1D : FF;
EE1E : FF;
EE1F : FF;
EE20 : FF;
EE21 : FF;
EE22 : FF;
EE23 : FF;
EE24 : FF;
EE25 : FF;
EE26 : FF;
EE27 : FF;
EE28 : FF;
EE29 : FF;
EE2A : FF;
EE2B : FF;
EE2C : FF;
EE2D : FF;
EE2E : FF;
EE2F : FF;
EE30 : FF;
EE31 : FF;
EE32 : FF;
EE33 : FF;
EE34 : FF;
EE35 : FF;
EE36 : FF;
EE37 : FF;
EE38 : FF;
EE39 : FF;
EE3A : FF;
EE3B : FF;
EE3C : FF;
EE3D : FF;
EE3E : FF;
EE3F : FF;
EE40 : FF;
EE41 : FF;
EE42 : FF;
EE43 : FF;
EE44 : FF;
EE45 : FF;
EE46 : FF;
EE47 : FF;
EE48 : FF;
EE49 : FF;
EE4A : FF;
EE4B : FF;
EE4C : FF;
EE4D : FF;
EE4E : FF;
EE4F : FF;
EE50 : FF;
EE51 : FF;
EE52 : FF;
EE53 : FF;
EE54 : FF;
EE55 : FF;
EE56 : FF;
EE57 : FF;
EE58 : FF;
EE59 : FF;
EE5A : FF;
EE5B : FF;
EE5C : FF;
EE5D : FF;
EE5E : FF;
EE5F : FF;
EE60 : FF;
EE61 : FF;
EE62 : FF;
EE63 : FF;
EE64 : FF;
EE65 : FF;
EE66 : FF;
EE67 : FF;
EE68 : FF;
EE69 : FF;
EE6A : FF;
EE6B : FF;
EE6C : FF;
EE6D : FF;
EE6E : FF;
EE6F : FF;
EE70 : FF;
EE71 : FF;
EE72 : FF;
EE73 : FF;
EE74 : FF;
EE75 : FF;
EE76 : FF;
EE77 : FF;
EE78 : FF;
EE79 : FF;
EE7A : FF;
EE7B : FF;
EE7C : FF;
EE7D : FF;
EE7E : FF;
EE7F : FF;
EE80 : FF;
EE81 : FF;
EE82 : FF;
EE83 : FF;
EE84 : FF;
EE85 : FF;
EE86 : FF;
EE87 : FF;
EE88 : FF;
EE89 : FF;
EE8A : FF;
EE8B : FF;
EE8C : FF;
EE8D : FF;
EE8E : FF;
EE8F : FF;
EE90 : FF;
EE91 : FF;
EE92 : FF;
EE93 : FF;
EE94 : FF;
EE95 : FF;
EE96 : FF;
EE97 : FF;
EE98 : FF;
EE99 : FF;
EE9A : FF;
EE9B : FF;
EE9C : FF;
EE9D : FF;
EE9E : FF;
EE9F : FF;
EEA0 : FF;
EEA1 : FF;
EEA2 : FF;
EEA3 : FF;
EEA4 : FF;
EEA5 : FF;
EEA6 : FF;
EEA7 : FF;
EEA8 : FF;
EEA9 : FF;
EEAA : FF;
EEAB : FF;
EEAC : FF;
EEAD : FF;
EEAE : FF;
EEAF : FF;
EEB0 : FF;
EEB1 : FF;
EEB2 : FF;
EEB3 : FF;
EEB4 : FF;
EEB5 : FF;
EEB6 : FF;
EEB7 : FF;
EEB8 : FF;
EEB9 : FF;
EEBA : FF;
EEBB : FF;
EEBC : FF;
EEBD : FF;
EEBE : FF;
EEBF : FF;
EEC0 : FF;
EEC1 : FF;
EEC2 : FF;
EEC3 : FF;
EEC4 : FF;
EEC5 : FF;
EEC6 : FF;
EEC7 : FF;
EEC8 : FF;
EEC9 : FF;
EECA : FF;
EECB : FF;
EECC : FF;
EECD : FF;
EECE : FF;
EECF : FF;
EED0 : FF;
EED1 : FF;
EED2 : FF;
EED3 : FF;
EED4 : FF;
EED5 : FF;
EED6 : FF;
EED7 : FF;
EED8 : FF;
EED9 : FF;
EEDA : FF;
EEDB : FF;
EEDC : FF;
EEDD : FF;
EEDE : FF;
EEDF : FF;
EEE0 : FF;
EEE1 : FF;
EEE2 : FF;
EEE3 : FF;
EEE4 : FF;
EEE5 : FF;
EEE6 : FF;
EEE7 : FF;
EEE8 : FF;
EEE9 : FF;
EEEA : FF;
EEEB : FF;
EEEC : FF;
EEED : FF;
EEEE : FF;
EEEF : FF;
EEF0 : FF;
EEF1 : FF;
EEF2 : FF;
EEF3 : FF;
EEF4 : FF;
EEF5 : FF;
EEF6 : FF;
EEF7 : FF;
EEF8 : FF;
EEF9 : FF;
EEFA : FF;
EEFB : FF;
EEFC : FF;
EEFD : FF;
EEFE : FF;
EEFF : FF;
EF00 : FF;
EF01 : FF;
EF02 : FF;
EF03 : FF;
EF04 : FF;
EF05 : FF;
EF06 : FF;
EF07 : FF;
EF08 : FF;
EF09 : FF;
EF0A : FF;
EF0B : FF;
EF0C : FF;
EF0D : FF;
EF0E : FF;
EF0F : FF;
EF10 : FF;
EF11 : FF;
EF12 : FF;
EF13 : FF;
EF14 : FF;
EF15 : FF;
EF16 : FF;
EF17 : FF;
EF18 : FF;
EF19 : FF;
EF1A : FF;
EF1B : FF;
EF1C : FF;
EF1D : FF;
EF1E : FF;
EF1F : FF;
EF20 : FF;
EF21 : FF;
EF22 : FF;
EF23 : FF;
EF24 : FF;
EF25 : FF;
EF26 : FF;
EF27 : FF;
EF28 : FF;
EF29 : FF;
EF2A : FF;
EF2B : FF;
EF2C : FF;
EF2D : FF;
EF2E : FF;
EF2F : FF;
EF30 : FF;
EF31 : FF;
EF32 : FF;
EF33 : FF;
EF34 : FF;
EF35 : FF;
EF36 : FF;
EF37 : FF;
EF38 : FF;
EF39 : FF;
EF3A : FF;
EF3B : FF;
EF3C : FF;
EF3D : FF;
EF3E : FF;
EF3F : FF;
EF40 : FF;
EF41 : FF;
EF42 : FF;
EF43 : FF;
EF44 : FF;
EF45 : FF;
EF46 : FF;
EF47 : FF;
EF48 : FF;
EF49 : FF;
EF4A : FF;
EF4B : FF;
EF4C : FF;
EF4D : FF;
EF4E : FF;
EF4F : FF;
EF50 : FF;
EF51 : FF;
EF52 : FF;
EF53 : FF;
EF54 : FF;
EF55 : FF;
EF56 : FF;
EF57 : FF;
EF58 : FF;
EF59 : FF;
EF5A : FF;
EF5B : FF;
EF5C : FF;
EF5D : FF;
EF5E : FF;
EF5F : FF;
EF60 : FF;
EF61 : FF;
EF62 : FF;
EF63 : FF;
EF64 : FF;
EF65 : FF;
EF66 : FF;
EF67 : FF;
EF68 : FF;
EF69 : FF;
EF6A : FF;
EF6B : FF;
EF6C : FF;
EF6D : FF;
EF6E : FF;
EF6F : FF;
EF70 : FF;
EF71 : FF;
EF72 : FF;
EF73 : FF;
EF74 : FF;
EF75 : FF;
EF76 : FF;
EF77 : FF;
EF78 : FF;
EF79 : FF;
EF7A : FF;
EF7B : FF;
EF7C : FF;
EF7D : FF;
EF7E : FF;
EF7F : FF;
EF80 : FF;
EF81 : FF;
EF82 : FF;
EF83 : FF;
EF84 : FF;
EF85 : FF;
EF86 : FF;
EF87 : FF;
EF88 : FF;
EF89 : FF;
EF8A : FF;
EF8B : FF;
EF8C : FF;
EF8D : FF;
EF8E : FF;
EF8F : FF;
EF90 : FF;
EF91 : FF;
EF92 : FF;
EF93 : FF;
EF94 : FF;
EF95 : FF;
EF96 : FF;
EF97 : FF;
EF98 : FF;
EF99 : FF;
EF9A : FF;
EF9B : FF;
EF9C : FF;
EF9D : FF;
EF9E : FF;
EF9F : FF;
EFA0 : FF;
EFA1 : FF;
EFA2 : FF;
EFA3 : FF;
EFA4 : FF;
EFA5 : FF;
EFA6 : FF;
EFA7 : FF;
EFA8 : FF;
EFA9 : FF;
EFAA : FF;
EFAB : FF;
EFAC : FF;
EFAD : FF;
EFAE : FF;
EFAF : FF;
EFB0 : FF;
EFB1 : FF;
EFB2 : FF;
EFB3 : FF;
EFB4 : FF;
EFB5 : FF;
EFB6 : FF;
EFB7 : FF;
EFB8 : FF;
EFB9 : FF;
EFBA : FF;
EFBB : FF;
EFBC : FF;
EFBD : FF;
EFBE : FF;
EFBF : FF;
EFC0 : FF;
EFC1 : FF;
EFC2 : FF;
EFC3 : FF;
EFC4 : FF;
EFC5 : FF;
EFC6 : FF;
EFC7 : FF;
EFC8 : FF;
EFC9 : FF;
EFCA : FF;
EFCB : FF;
EFCC : FF;
EFCD : FF;
EFCE : FF;
EFCF : FF;
EFD0 : FF;
EFD1 : FF;
EFD2 : FF;
EFD3 : FF;
EFD4 : FF;
EFD5 : FF;
EFD6 : FF;
EFD7 : FF;
EFD8 : FF;
EFD9 : FF;
EFDA : FF;
EFDB : FF;
EFDC : FF;
EFDD : FF;
EFDE : FF;
EFDF : FF;
EFE0 : FF;
EFE1 : FF;
EFE2 : FF;
EFE3 : FF;
EFE4 : FF;
EFE5 : FF;
EFE6 : FF;
EFE7 : FF;
EFE8 : FF;
EFE9 : FF;
EFEA : FF;
EFEB : FF;
EFEC : FF;
EFED : FF;
EFEE : FF;
EFEF : FF;
EFF0 : FF;
EFF1 : FF;
EFF2 : FF;
EFF3 : FF;
EFF4 : FF;
EFF5 : FF;
EFF6 : FF;
EFF7 : FF;
EFF8 : FF;
EFF9 : FF;
EFFA : FF;
EFFB : FF;
EFFC : FF;
EFFD : FF;
EFFE : FF;
EFFF : FF;
F000 : FF;
F001 : FF;
F002 : FF;
F003 : FF;
F004 : FF;
F005 : FF;
F006 : FF;
F007 : FF;
F008 : FF;
F009 : FF;
F00A : FF;
F00B : FF;
F00C : FF;
F00D : FF;
F00E : FF;
F00F : FF;
F010 : FF;
F011 : FF;
F012 : FF;
F013 : FF;
F014 : FF;
F015 : FF;
F016 : FF;
F017 : FF;
F018 : FF;
F019 : FF;
F01A : FF;
F01B : FF;
F01C : FF;
F01D : FF;
F01E : FF;
F01F : FF;
F020 : FF;
F021 : FF;
F022 : FF;
F023 : FF;
F024 : FF;
F025 : FF;
F026 : FF;
F027 : FF;
F028 : FF;
F029 : FF;
F02A : FF;
F02B : FF;
F02C : FF;
F02D : FF;
F02E : FF;
F02F : FF;
F030 : FF;
F031 : FF;
F032 : FF;
F033 : FF;
F034 : FF;
F035 : FF;
F036 : FF;
F037 : FF;
F038 : FF;
F039 : FF;
F03A : FF;
F03B : FF;
F03C : FF;
F03D : FF;
F03E : FF;
F03F : FF;
F040 : FF;
F041 : FF;
F042 : FF;
F043 : FF;
F044 : FF;
F045 : FF;
F046 : FF;
F047 : FF;
F048 : FF;
F049 : FF;
F04A : FF;
F04B : FF;
F04C : FF;
F04D : FF;
F04E : FF;
F04F : FF;
F050 : FF;
F051 : FF;
F052 : FF;
F053 : FF;
F054 : FF;
F055 : FF;
F056 : FF;
F057 : FF;
F058 : FF;
F059 : FF;
F05A : FF;
F05B : FF;
F05C : FF;
F05D : FF;
F05E : FF;
F05F : FF;
F060 : FF;
F061 : FF;
F062 : FF;
F063 : FF;
F064 : FF;
F065 : FF;
F066 : FF;
F067 : FF;
F068 : FF;
F069 : FF;
F06A : FF;
F06B : FF;
F06C : FF;
F06D : FF;
F06E : FF;
F06F : FF;
F070 : FF;
F071 : FF;
F072 : FF;
F073 : FF;
F074 : FF;
F075 : FF;
F076 : FF;
F077 : FF;
F078 : FF;
F079 : FF;
F07A : FF;
F07B : FF;
F07C : FF;
F07D : FF;
F07E : FF;
F07F : FF;
F080 : FF;
F081 : FF;
F082 : FF;
F083 : FF;
F084 : FF;
F085 : FF;
F086 : FF;
F087 : FF;
F088 : FF;
F089 : FF;
F08A : FF;
F08B : FF;
F08C : FF;
F08D : FF;
F08E : FF;
F08F : FF;
F090 : FF;
F091 : FF;
F092 : FF;
F093 : FF;
F094 : FF;
F095 : FF;
F096 : FF;
F097 : FF;
F098 : FF;
F099 : FF;
F09A : FF;
F09B : FF;
F09C : FF;
F09D : FF;
F09E : FF;
F09F : FF;
F0A0 : FF;
F0A1 : FF;
F0A2 : FF;
F0A3 : FF;
F0A4 : FF;
F0A5 : FF;
F0A6 : FF;
F0A7 : FF;
F0A8 : FF;
F0A9 : FF;
F0AA : FF;
F0AB : FF;
F0AC : FF;
F0AD : FF;
F0AE : FF;
F0AF : FF;
F0B0 : FF;
F0B1 : FF;
F0B2 : FF;
F0B3 : FF;
F0B4 : FF;
F0B5 : FF;
F0B6 : FF;
F0B7 : FF;
F0B8 : FF;
F0B9 : FF;
F0BA : FF;
F0BB : FF;
F0BC : FF;
F0BD : FF;
F0BE : FF;
F0BF : FF;
F0C0 : FF;
F0C1 : FF;
F0C2 : FF;
F0C3 : FF;
F0C4 : FF;
F0C5 : FF;
F0C6 : FF;
F0C7 : FF;
F0C8 : FF;
F0C9 : FF;
F0CA : FF;
F0CB : FF;
F0CC : FF;
F0CD : FF;
F0CE : FF;
F0CF : FF;
F0D0 : FF;
F0D1 : FF;
F0D2 : FF;
F0D3 : FF;
F0D4 : FF;
F0D5 : FF;
F0D6 : FF;
F0D7 : FF;
F0D8 : FF;
F0D9 : FF;
F0DA : FF;
F0DB : FF;
F0DC : FF;
F0DD : FF;
F0DE : FF;
F0DF : FF;
F0E0 : FF;
F0E1 : FF;
F0E2 : FF;
F0E3 : FF;
F0E4 : FF;
F0E5 : FF;
F0E6 : FF;
F0E7 : FF;
F0E8 : FF;
F0E9 : FF;
F0EA : FF;
F0EB : FF;
F0EC : FF;
F0ED : FF;
F0EE : FF;
F0EF : FF;
F0F0 : FF;
F0F1 : FF;
F0F2 : FF;
F0F3 : FF;
F0F4 : FF;
F0F5 : FF;
F0F6 : FF;
F0F7 : FF;
F0F8 : FF;
F0F9 : FF;
F0FA : FF;
F0FB : FF;
F0FC : FF;
F0FD : FF;
F0FE : FF;
F0FF : FF;
F100 : FF;
F101 : FF;
F102 : FF;
F103 : FF;
F104 : FF;
F105 : FF;
F106 : FF;
F107 : FF;
F108 : FF;
F109 : FF;
F10A : FF;
F10B : FF;
F10C : FF;
F10D : FF;
F10E : FF;
F10F : FF;
F110 : FF;
F111 : FF;
F112 : FF;
F113 : FF;
F114 : FF;
F115 : FF;
F116 : FF;
F117 : FF;
F118 : FF;
F119 : FF;
F11A : FF;
F11B : FF;
F11C : FF;
F11D : FF;
F11E : FF;
F11F : FF;
F120 : FF;
F121 : FF;
F122 : FF;
F123 : FF;
F124 : FF;
F125 : FF;
F126 : FF;
F127 : FF;
F128 : FF;
F129 : FF;
F12A : FF;
F12B : FF;
F12C : FF;
F12D : FF;
F12E : FF;
F12F : FF;
F130 : FF;
F131 : FF;
F132 : FF;
F133 : FF;
F134 : FF;
F135 : FF;
F136 : FF;
F137 : FF;
F138 : FF;
F139 : FF;
F13A : FF;
F13B : FF;
F13C : FF;
F13D : FF;
F13E : FF;
F13F : FF;
F140 : FF;
F141 : FF;
F142 : FF;
F143 : FF;
F144 : FF;
F145 : FF;
F146 : FF;
F147 : FF;
F148 : FF;
F149 : FF;
F14A : FF;
F14B : FF;
F14C : FF;
F14D : FF;
F14E : FF;
F14F : FF;
F150 : FF;
F151 : FF;
F152 : FF;
F153 : FF;
F154 : FF;
F155 : FF;
F156 : FF;
F157 : FF;
F158 : FF;
F159 : FF;
F15A : FF;
F15B : FF;
F15C : FF;
F15D : FF;
F15E : FF;
F15F : FF;
F160 : FF;
F161 : FF;
F162 : FF;
F163 : FF;
F164 : FF;
F165 : FF;
F166 : FF;
F167 : FF;
F168 : FF;
F169 : FF;
F16A : FF;
F16B : FF;
F16C : FF;
F16D : FF;
F16E : FF;
F16F : FF;
F170 : FF;
F171 : FF;
F172 : FF;
F173 : FF;
F174 : FF;
F175 : FF;
F176 : FF;
F177 : FF;
F178 : FF;
F179 : FF;
F17A : FF;
F17B : FF;
F17C : FF;
F17D : FF;
F17E : FF;
F17F : FF;
F180 : FF;
F181 : FF;
F182 : FF;
F183 : FF;
F184 : FF;
F185 : FF;
F186 : FF;
F187 : FF;
F188 : FF;
F189 : FF;
F18A : FF;
F18B : FF;
F18C : FF;
F18D : FF;
F18E : FF;
F18F : FF;
F190 : FF;
F191 : FF;
F192 : FF;
F193 : FF;
F194 : FF;
F195 : FF;
F196 : FF;
F197 : FF;
F198 : FF;
F199 : FF;
F19A : FF;
F19B : FF;
F19C : FF;
F19D : FF;
F19E : FF;
F19F : FF;
F1A0 : FF;
F1A1 : FF;
F1A2 : FF;
F1A3 : FF;
F1A4 : FF;
F1A5 : FF;
F1A6 : FF;
F1A7 : FF;
F1A8 : FF;
F1A9 : FF;
F1AA : FF;
F1AB : FF;
F1AC : FF;
F1AD : FF;
F1AE : FF;
F1AF : FF;
F1B0 : FF;
F1B1 : FF;
F1B2 : FF;
F1B3 : FF;
F1B4 : FF;
F1B5 : FF;
F1B6 : FF;
F1B7 : FF;
F1B8 : FF;
F1B9 : FF;
F1BA : FF;
F1BB : FF;
F1BC : FF;
F1BD : FF;
F1BE : FF;
F1BF : FF;
F1C0 : FF;
F1C1 : FF;
F1C2 : FF;
F1C3 : FF;
F1C4 : FF;
F1C5 : FF;
F1C6 : FF;
F1C7 : FF;
F1C8 : FF;
F1C9 : FF;
F1CA : FF;
F1CB : FF;
F1CC : FF;
F1CD : FF;
F1CE : FF;
F1CF : FF;
F1D0 : FF;
F1D1 : FF;
F1D2 : FF;
F1D3 : FF;
F1D4 : FF;
F1D5 : FF;
F1D6 : FF;
F1D7 : FF;
F1D8 : FF;
F1D9 : FF;
F1DA : FF;
F1DB : FF;
F1DC : FF;
F1DD : FF;
F1DE : FF;
F1DF : FF;
F1E0 : FF;
F1E1 : FF;
F1E2 : FF;
F1E3 : FF;
F1E4 : FF;
F1E5 : FF;
F1E6 : FF;
F1E7 : FF;
F1E8 : FF;
F1E9 : FF;
F1EA : FF;
F1EB : FF;
F1EC : FF;
F1ED : FF;
F1EE : FF;
F1EF : FF;
F1F0 : FF;
F1F1 : FF;
F1F2 : FF;
F1F3 : FF;
F1F4 : FF;
F1F5 : FF;
F1F6 : FF;
F1F7 : FF;
F1F8 : FF;
F1F9 : FF;
F1FA : FF;
F1FB : FF;
F1FC : FF;
F1FD : FF;
F1FE : FF;
F1FF : FF;
F200 : FF;
F201 : FF;
F202 : FF;
F203 : FF;
F204 : FF;
F205 : FF;
F206 : FF;
F207 : FF;
F208 : FF;
F209 : FF;
F20A : FF;
F20B : FF;
F20C : FF;
F20D : FF;
F20E : FF;
F20F : FF;
F210 : FF;
F211 : FF;
F212 : FF;
F213 : FF;
F214 : FF;
F215 : FF;
F216 : FF;
F217 : FF;
F218 : FF;
F219 : FF;
F21A : FF;
F21B : FF;
F21C : FF;
F21D : FF;
F21E : FF;
F21F : FF;
F220 : FF;
F221 : FF;
F222 : FF;
F223 : FF;
F224 : FF;
F225 : FF;
F226 : FF;
F227 : FF;
F228 : FF;
F229 : FF;
F22A : FF;
F22B : FF;
F22C : FF;
F22D : FF;
F22E : FF;
F22F : FF;
F230 : FF;
F231 : FF;
F232 : FF;
F233 : FF;
F234 : FF;
F235 : FF;
F236 : FF;
F237 : FF;
F238 : FF;
F239 : FF;
F23A : FF;
F23B : FF;
F23C : FF;
F23D : FF;
F23E : FF;
F23F : FF;
F240 : FF;
F241 : FF;
F242 : FF;
F243 : FF;
F244 : FF;
F245 : FF;
F246 : FF;
F247 : FF;
F248 : FF;
F249 : FF;
F24A : FF;
F24B : FF;
F24C : FF;
F24D : FF;
F24E : FF;
F24F : FF;
F250 : FF;
F251 : FF;
F252 : FF;
F253 : FF;
F254 : FF;
F255 : FF;
F256 : FF;
F257 : FF;
F258 : FF;
F259 : FF;
F25A : FF;
F25B : FF;
F25C : FF;
F25D : FF;
F25E : FF;
F25F : FF;
F260 : FF;
F261 : FF;
F262 : FF;
F263 : FF;
F264 : FF;
F265 : FF;
F266 : FF;
F267 : FF;
F268 : FF;
F269 : FF;
F26A : FF;
F26B : FF;
F26C : FF;
F26D : FF;
F26E : FF;
F26F : FF;
F270 : FF;
F271 : FF;
F272 : FF;
F273 : FF;
F274 : FF;
F275 : FF;
F276 : FF;
F277 : FF;
F278 : FF;
F279 : FF;
F27A : FF;
F27B : FF;
F27C : FF;
F27D : FF;
F27E : FF;
F27F : FF;
F280 : FF;
F281 : FF;
F282 : FF;
F283 : FF;
F284 : FF;
F285 : FF;
F286 : FF;
F287 : FF;
F288 : FF;
F289 : FF;
F28A : FF;
F28B : FF;
F28C : FF;
F28D : FF;
F28E : FF;
F28F : FF;
F290 : FF;
F291 : FF;
F292 : FF;
F293 : FF;
F294 : FF;
F295 : FF;
F296 : FF;
F297 : FF;
F298 : FF;
F299 : FF;
F29A : FF;
F29B : FF;
F29C : FF;
F29D : FF;
F29E : FF;
F29F : FF;
F2A0 : FF;
F2A1 : FF;
F2A2 : FF;
F2A3 : FF;
F2A4 : FF;
F2A5 : FF;
F2A6 : FF;
F2A7 : FF;
F2A8 : FF;
F2A9 : FF;
F2AA : FF;
F2AB : FF;
F2AC : FF;
F2AD : FF;
F2AE : FF;
F2AF : FF;
F2B0 : FF;
F2B1 : FF;
F2B2 : FF;
F2B3 : FF;
F2B4 : FF;
F2B5 : FF;
F2B6 : FF;
F2B7 : FF;
F2B8 : FF;
F2B9 : FF;
F2BA : FF;
F2BB : FF;
F2BC : FF;
F2BD : FF;
F2BE : FF;
F2BF : FF;
F2C0 : FF;
F2C1 : FF;
F2C2 : FF;
F2C3 : FF;
F2C4 : FF;
F2C5 : FF;
F2C6 : FF;
F2C7 : FF;
F2C8 : FF;
F2C9 : FF;
F2CA : FF;
F2CB : FF;
F2CC : FF;
F2CD : FF;
F2CE : FF;
F2CF : FF;
F2D0 : FF;
F2D1 : FF;
F2D2 : FF;
F2D3 : FF;
F2D4 : FF;
F2D5 : FF;
F2D6 : FF;
F2D7 : FF;
F2D8 : FF;
F2D9 : FF;
F2DA : FF;
F2DB : FF;
F2DC : FF;
F2DD : FF;
F2DE : FF;
F2DF : FF;
F2E0 : FF;
F2E1 : FF;
F2E2 : FF;
F2E3 : FF;
F2E4 : FF;
F2E5 : FF;
F2E6 : FF;
F2E7 : FF;
F2E8 : FF;
F2E9 : FF;
F2EA : FF;
F2EB : FF;
F2EC : FF;
F2ED : FF;
F2EE : FF;
F2EF : FF;
F2F0 : FF;
F2F1 : FF;
F2F2 : FF;
F2F3 : FF;
F2F4 : FF;
F2F5 : FF;
F2F6 : FF;
F2F7 : FF;
F2F8 : FF;
F2F9 : FF;
F2FA : FF;
F2FB : FF;
F2FC : FF;
F2FD : FF;
F2FE : FF;
F2FF : FF;
F300 : FF;
F301 : FF;
F302 : FF;
F303 : FF;
F304 : FF;
F305 : FF;
F306 : FF;
F307 : FF;
F308 : FF;
F309 : FF;
F30A : FF;
F30B : FF;
F30C : FF;
F30D : FF;
F30E : FF;
F30F : FF;
F310 : FF;
F311 : FF;
F312 : FF;
F313 : FF;
F314 : FF;
F315 : FF;
F316 : FF;
F317 : FF;
F318 : FF;
F319 : FF;
F31A : FF;
F31B : FF;
F31C : FF;
F31D : FF;
F31E : FF;
F31F : FF;
F320 : FF;
F321 : FF;
F322 : FF;
F323 : FF;
F324 : FF;
F325 : FF;
F326 : FF;
F327 : FF;
F328 : FF;
F329 : FF;
F32A : FF;
F32B : FF;
F32C : FF;
F32D : FF;
F32E : FF;
F32F : FF;
F330 : FF;
F331 : FF;
F332 : FF;
F333 : FF;
F334 : FF;
F335 : FF;
F336 : FF;
F337 : FF;
F338 : FF;
F339 : FF;
F33A : FF;
F33B : FF;
F33C : FF;
F33D : FF;
F33E : FF;
F33F : FF;
F340 : FF;
F341 : FF;
F342 : FF;
F343 : FF;
F344 : FF;
F345 : FF;
F346 : FF;
F347 : FF;
F348 : FF;
F349 : FF;
F34A : FF;
F34B : FF;
F34C : FF;
F34D : FF;
F34E : FF;
F34F : FF;
F350 : FF;
F351 : FF;
F352 : FF;
F353 : FF;
F354 : FF;
F355 : FF;
F356 : FF;
F357 : FF;
F358 : FF;
F359 : FF;
F35A : FF;
F35B : FF;
F35C : FF;
F35D : FF;
F35E : FF;
F35F : FF;
F360 : FF;
F361 : FF;
F362 : FF;
F363 : FF;
F364 : FF;
F365 : FF;
F366 : FF;
F367 : FF;
F368 : FF;
F369 : FF;
F36A : FF;
F36B : FF;
F36C : FF;
F36D : FF;
F36E : FF;
F36F : FF;
F370 : FF;
F371 : FF;
F372 : FF;
F373 : FF;
F374 : FF;
F375 : FF;
F376 : FF;
F377 : FF;
F378 : FF;
F379 : FF;
F37A : FF;
F37B : FF;
F37C : FF;
F37D : FF;
F37E : FF;
F37F : FF;
F380 : FF;
F381 : FF;
F382 : FF;
F383 : FF;
F384 : FF;
F385 : FF;
F386 : FF;
F387 : FF;
F388 : FF;
F389 : FF;
F38A : FF;
F38B : FF;
F38C : FF;
F38D : FF;
F38E : FF;
F38F : FF;
F390 : FF;
F391 : FF;
F392 : FF;
F393 : FF;
F394 : FF;
F395 : FF;
F396 : FF;
F397 : FF;
F398 : FF;
F399 : FF;
F39A : FF;
F39B : FF;
F39C : FF;
F39D : FF;
F39E : FF;
F39F : FF;
F3A0 : FF;
F3A1 : FF;
F3A2 : FF;
F3A3 : FF;
F3A4 : FF;
F3A5 : FF;
F3A6 : FF;
F3A7 : FF;
F3A8 : FF;
F3A9 : FF;
F3AA : FF;
F3AB : FF;
F3AC : FF;
F3AD : FF;
F3AE : FF;
F3AF : FF;
F3B0 : FF;
F3B1 : FF;
F3B2 : FF;
F3B3 : FF;
F3B4 : FF;
F3B5 : FF;
F3B6 : FF;
F3B7 : FF;
F3B8 : FF;
F3B9 : FF;
F3BA : FF;
F3BB : FF;
F3BC : FF;
F3BD : FF;
F3BE : FF;
F3BF : FF;
F3C0 : FF;
F3C1 : FF;
F3C2 : FF;
F3C3 : FF;
F3C4 : FF;
F3C5 : FF;
F3C6 : FF;
F3C7 : FF;
F3C8 : FF;
F3C9 : FF;
F3CA : FF;
F3CB : FF;
F3CC : FF;
F3CD : FF;
F3CE : FF;
F3CF : FF;
F3D0 : FF;
F3D1 : FF;
F3D2 : FF;
F3D3 : FF;
F3D4 : FF;
F3D5 : FF;
F3D6 : FF;
F3D7 : FF;
F3D8 : FF;
F3D9 : FF;
F3DA : FF;
F3DB : FF;
F3DC : FF;
F3DD : FF;
F3DE : FF;
F3DF : FF;
F3E0 : FF;
F3E1 : FF;
F3E2 : FF;
F3E3 : FF;
F3E4 : FF;
F3E5 : FF;
F3E6 : FF;
F3E7 : FF;
F3E8 : FF;
F3E9 : FF;
F3EA : FF;
F3EB : FF;
F3EC : FF;
F3ED : FF;
F3EE : FF;
F3EF : FF;
F3F0 : FF;
F3F1 : FF;
F3F2 : FF;
F3F3 : FF;
F3F4 : FF;
F3F5 : FF;
F3F6 : FF;
F3F7 : FF;
F3F8 : FF;
F3F9 : FF;
F3FA : FF;
F3FB : FF;
F3FC : FF;
F3FD : FF;
F3FE : FF;
F3FF : FF;
F400 : FF;
F401 : FF;
F402 : FF;
F403 : FF;
F404 : FF;
F405 : FF;
F406 : FF;
F407 : FF;
F408 : FF;
F409 : FF;
F40A : FF;
F40B : FF;
F40C : FF;
F40D : FF;
F40E : FF;
F40F : FF;
F410 : FF;
F411 : FF;
F412 : FF;
F413 : FF;
F414 : FF;
F415 : FF;
F416 : FF;
F417 : FF;
F418 : FF;
F419 : FF;
F41A : FF;
F41B : FF;
F41C : FF;
F41D : FF;
F41E : FF;
F41F : FF;
F420 : FF;
F421 : FF;
F422 : FF;
F423 : FF;
F424 : FF;
F425 : FF;
F426 : FF;
F427 : FF;
F428 : FF;
F429 : FF;
F42A : FF;
F42B : FF;
F42C : FF;
F42D : FF;
F42E : FF;
F42F : FF;
F430 : FF;
F431 : FF;
F432 : FF;
F433 : FF;
F434 : FF;
F435 : FF;
F436 : FF;
F437 : FF;
F438 : FF;
F439 : FF;
F43A : FF;
F43B : FF;
F43C : FF;
F43D : FF;
F43E : FF;
F43F : FF;
F440 : FF;
F441 : FF;
F442 : FF;
F443 : FF;
F444 : FF;
F445 : FF;
F446 : FF;
F447 : FF;
F448 : FF;
F449 : FF;
F44A : FF;
F44B : FF;
F44C : FF;
F44D : FF;
F44E : FF;
F44F : FF;
F450 : FF;
F451 : FF;
F452 : FF;
F453 : FF;
F454 : FF;
F455 : FF;
F456 : FF;
F457 : FF;
F458 : FF;
F459 : FF;
F45A : FF;
F45B : FF;
F45C : FF;
F45D : FF;
F45E : FF;
F45F : FF;
F460 : FF;
F461 : FF;
F462 : FF;
F463 : FF;
F464 : FF;
F465 : FF;
F466 : FF;
F467 : FF;
F468 : FF;
F469 : FF;
F46A : FF;
F46B : FF;
F46C : FF;
F46D : FF;
F46E : FF;
F46F : FF;
F470 : FF;
F471 : FF;
F472 : FF;
F473 : FF;
F474 : FF;
F475 : FF;
F476 : FF;
F477 : FF;
F478 : FF;
F479 : FF;
F47A : FF;
F47B : FF;
F47C : FF;
F47D : FF;
F47E : FF;
F47F : FF;
F480 : FF;
F481 : FF;
F482 : FF;
F483 : FF;
F484 : FF;
F485 : FF;
F486 : FF;
F487 : FF;
F488 : FF;
F489 : FF;
F48A : FF;
F48B : FF;
F48C : FF;
F48D : FF;
F48E : FF;
F48F : FF;
F490 : FF;
F491 : FF;
F492 : FF;
F493 : FF;
F494 : FF;
F495 : FF;
F496 : FF;
F497 : FF;
F498 : FF;
F499 : FF;
F49A : FF;
F49B : FF;
F49C : FF;
F49D : FF;
F49E : FF;
F49F : FF;
F4A0 : FF;
F4A1 : FF;
F4A2 : FF;
F4A3 : FF;
F4A4 : FF;
F4A5 : FF;
F4A6 : FF;
F4A7 : FF;
F4A8 : FF;
F4A9 : FF;
F4AA : FF;
F4AB : FF;
F4AC : FF;
F4AD : FF;
F4AE : FF;
F4AF : FF;
F4B0 : FF;
F4B1 : FF;
F4B2 : FF;
F4B3 : FF;
F4B4 : FF;
F4B5 : FF;
F4B6 : FF;
F4B7 : FF;
F4B8 : FF;
F4B9 : FF;
F4BA : FF;
F4BB : FF;
F4BC : FF;
F4BD : FF;
F4BE : FF;
F4BF : FF;
F4C0 : FF;
F4C1 : FF;
F4C2 : FF;
F4C3 : FF;
F4C4 : FF;
F4C5 : FF;
F4C6 : FF;
F4C7 : FF;
F4C8 : FF;
F4C9 : FF;
F4CA : FF;
F4CB : FF;
F4CC : FF;
F4CD : FF;
F4CE : FF;
F4CF : FF;
F4D0 : FF;
F4D1 : FF;
F4D2 : FF;
F4D3 : FF;
F4D4 : FF;
F4D5 : FF;
F4D6 : FF;
F4D7 : FF;
F4D8 : FF;
F4D9 : FF;
F4DA : FF;
F4DB : FF;
F4DC : FF;
F4DD : FF;
F4DE : FF;
F4DF : FF;
F4E0 : FF;
F4E1 : FF;
F4E2 : FF;
F4E3 : FF;
F4E4 : FF;
F4E5 : FF;
F4E6 : FF;
F4E7 : FF;
F4E8 : FF;
F4E9 : FF;
F4EA : FF;
F4EB : FF;
F4EC : FF;
F4ED : FF;
F4EE : FF;
F4EF : FF;
F4F0 : FF;
F4F1 : FF;
F4F2 : FF;
F4F3 : FF;
F4F4 : FF;
F4F5 : FF;
F4F6 : FF;
F4F7 : FF;
F4F8 : FF;
F4F9 : FF;
F4FA : FF;
F4FB : FF;
F4FC : FF;
F4FD : FF;
F4FE : FF;
F4FF : FF;
F500 : FF;
F501 : FF;
F502 : FF;
F503 : FF;
F504 : FF;
F505 : FF;
F506 : FF;
F507 : FF;
F508 : FF;
F509 : FF;
F50A : FF;
F50B : FF;
F50C : FF;
F50D : FF;
F50E : FF;
F50F : FF;
F510 : FF;
F511 : FF;
F512 : FF;
F513 : FF;
F514 : FF;
F515 : FF;
F516 : FF;
F517 : FF;
F518 : FF;
F519 : FF;
F51A : FF;
F51B : FF;
F51C : FF;
F51D : FF;
F51E : FF;
F51F : FF;
F520 : FF;
F521 : FF;
F522 : FF;
F523 : FF;
F524 : FF;
F525 : FF;
F526 : FF;
F527 : FF;
F528 : FF;
F529 : FF;
F52A : FF;
F52B : FF;
F52C : FF;
F52D : FF;
F52E : FF;
F52F : FF;
F530 : FF;
F531 : FF;
F532 : FF;
F533 : FF;
F534 : FF;
F535 : FF;
F536 : FF;
F537 : FF;
F538 : FF;
F539 : FF;
F53A : FF;
F53B : FF;
F53C : FF;
F53D : FF;
F53E : FF;
F53F : FF;
F540 : FF;
F541 : FF;
F542 : FF;
F543 : FF;
F544 : FF;
F545 : FF;
F546 : FF;
F547 : FF;
F548 : FF;
F549 : FF;
F54A : FF;
F54B : FF;
F54C : FF;
F54D : FF;
F54E : FF;
F54F : FF;
F550 : FF;
F551 : FF;
F552 : FF;
F553 : FF;
F554 : FF;
F555 : FF;
F556 : FF;
F557 : FF;
F558 : FF;
F559 : FF;
F55A : FF;
F55B : FF;
F55C : FF;
F55D : FF;
F55E : FF;
F55F : FF;
F560 : FF;
F561 : FF;
F562 : FF;
F563 : FF;
F564 : FF;
F565 : FF;
F566 : FF;
F567 : FF;
F568 : FF;
F569 : FF;
F56A : FF;
F56B : FF;
F56C : FF;
F56D : FF;
F56E : FF;
F56F : FF;
F570 : FF;
F571 : FF;
F572 : FF;
F573 : FF;
F574 : FF;
F575 : FF;
F576 : FF;
F577 : FF;
F578 : FF;
F579 : FF;
F57A : FF;
F57B : FF;
F57C : FF;
F57D : FF;
F57E : FF;
F57F : FF;
F580 : FF;
F581 : FF;
F582 : FF;
F583 : FF;
F584 : FF;
F585 : FF;
F586 : FF;
F587 : FF;
F588 : FF;
F589 : FF;
F58A : FF;
F58B : FF;
F58C : FF;
F58D : FF;
F58E : FF;
F58F : FF;
F590 : FF;
F591 : FF;
F592 : FF;
F593 : FF;
F594 : FF;
F595 : FF;
F596 : FF;
F597 : FF;
F598 : FF;
F599 : FF;
F59A : FF;
F59B : FF;
F59C : FF;
F59D : FF;
F59E : FF;
F59F : FF;
F5A0 : FF;
F5A1 : FF;
F5A2 : FF;
F5A3 : FF;
F5A4 : FF;
F5A5 : FF;
F5A6 : FF;
F5A7 : FF;
F5A8 : FF;
F5A9 : FF;
F5AA : FF;
F5AB : FF;
F5AC : FF;
F5AD : FF;
F5AE : FF;
F5AF : FF;
F5B0 : FF;
F5B1 : FF;
F5B2 : FF;
F5B3 : FF;
F5B4 : FF;
F5B5 : FF;
F5B6 : FF;
F5B7 : FF;
F5B8 : FF;
F5B9 : FF;
F5BA : FF;
F5BB : FF;
F5BC : FF;
F5BD : FF;
F5BE : FF;
F5BF : FF;
F5C0 : FF;
F5C1 : FF;
F5C2 : FF;
F5C3 : FF;
F5C4 : FF;
F5C5 : FF;
F5C6 : FF;
F5C7 : FF;
F5C8 : FF;
F5C9 : FF;
F5CA : FF;
F5CB : FF;
F5CC : FF;
F5CD : FF;
F5CE : FF;
F5CF : FF;
F5D0 : FF;
F5D1 : FF;
F5D2 : FF;
F5D3 : FF;
F5D4 : FF;
F5D5 : FF;
F5D6 : FF;
F5D7 : FF;
F5D8 : FF;
F5D9 : FF;
F5DA : FF;
F5DB : FF;
F5DC : FF;
F5DD : FF;
F5DE : FF;
F5DF : FF;
F5E0 : FF;
F5E1 : FF;
F5E2 : FF;
F5E3 : FF;
F5E4 : FF;
F5E5 : FF;
F5E6 : FF;
F5E7 : FF;
F5E8 : FF;
F5E9 : FF;
F5EA : FF;
F5EB : FF;
F5EC : FF;
F5ED : FF;
F5EE : FF;
F5EF : FF;
F5F0 : FF;
F5F1 : FF;
F5F2 : FF;
F5F3 : FF;
F5F4 : FF;
F5F5 : FF;
F5F6 : FF;
F5F7 : FF;
F5F8 : FF;
F5F9 : FF;
F5FA : FF;
F5FB : FF;
F5FC : FF;
F5FD : FF;
F5FE : FF;
F5FF : FF;
F600 : FF;
F601 : FF;
F602 : FF;
F603 : FF;
F604 : FF;
F605 : FF;
F606 : FF;
F607 : FF;
F608 : FF;
F609 : FF;
F60A : FF;
F60B : FF;
F60C : FF;
F60D : FF;
F60E : FF;
F60F : FF;
F610 : FF;
F611 : FF;
F612 : FF;
F613 : FF;
F614 : FF;
F615 : FF;
F616 : FF;
F617 : FF;
F618 : FF;
F619 : FF;
F61A : FF;
F61B : FF;
F61C : FF;
F61D : FF;
F61E : FF;
F61F : FF;
F620 : FF;
F621 : FF;
F622 : FF;
F623 : FF;
F624 : FF;
F625 : FF;
F626 : FF;
F627 : FF;
F628 : FF;
F629 : FF;
F62A : FF;
F62B : FF;
F62C : FF;
F62D : FF;
F62E : FF;
F62F : FF;
F630 : FF;
F631 : FF;
F632 : FF;
F633 : FF;
F634 : FF;
F635 : FF;
F636 : FF;
F637 : FF;
F638 : FF;
F639 : FF;
F63A : FF;
F63B : FF;
F63C : FF;
F63D : FF;
F63E : FF;
F63F : FF;
F640 : FF;
F641 : FF;
F642 : FF;
F643 : FF;
F644 : FF;
F645 : FF;
F646 : FF;
F647 : FF;
F648 : FF;
F649 : FF;
F64A : FF;
F64B : FF;
F64C : FF;
F64D : FF;
F64E : FF;
F64F : FF;
F650 : FF;
F651 : FF;
F652 : FF;
F653 : FF;
F654 : FF;
F655 : FF;
F656 : FF;
F657 : FF;
F658 : FF;
F659 : FF;
F65A : FF;
F65B : FF;
F65C : FF;
F65D : FF;
F65E : FF;
F65F : FF;
F660 : FF;
F661 : FF;
F662 : FF;
F663 : FF;
F664 : FF;
F665 : FF;
F666 : FF;
F667 : FF;
F668 : FF;
F669 : FF;
F66A : FF;
F66B : FF;
F66C : FF;
F66D : FF;
F66E : FF;
F66F : FF;
F670 : FF;
F671 : FF;
F672 : FF;
F673 : FF;
F674 : FF;
F675 : FF;
F676 : FF;
F677 : FF;
F678 : FF;
F679 : FF;
F67A : FF;
F67B : FF;
F67C : FF;
F67D : FF;
F67E : FF;
F67F : FF;
F680 : FF;
F681 : FF;
F682 : FF;
F683 : FF;
F684 : FF;
F685 : FF;
F686 : FF;
F687 : FF;
F688 : FF;
F689 : FF;
F68A : FF;
F68B : FF;
F68C : FF;
F68D : FF;
F68E : FF;
F68F : FF;
F690 : FF;
F691 : FF;
F692 : FF;
F693 : FF;
F694 : FF;
F695 : FF;
F696 : FF;
F697 : FF;
F698 : FF;
F699 : FF;
F69A : FF;
F69B : FF;
F69C : FF;
F69D : FF;
F69E : FF;
F69F : FF;
F6A0 : FF;
F6A1 : FF;
F6A2 : FF;
F6A3 : FF;
F6A4 : FF;
F6A5 : FF;
F6A6 : FF;
F6A7 : FF;
F6A8 : FF;
F6A9 : FF;
F6AA : FF;
F6AB : FF;
F6AC : FF;
F6AD : FF;
F6AE : FF;
F6AF : FF;
F6B0 : FF;
F6B1 : FF;
F6B2 : FF;
F6B3 : FF;
F6B4 : FF;
F6B5 : FF;
F6B6 : FF;
F6B7 : FF;
F6B8 : FF;
F6B9 : FF;
F6BA : FF;
F6BB : FF;
F6BC : FF;
F6BD : FF;
F6BE : FF;
F6BF : FF;
F6C0 : FF;
F6C1 : FF;
F6C2 : FF;
F6C3 : FF;
F6C4 : FF;
F6C5 : FF;
F6C6 : FF;
F6C7 : FF;
F6C8 : FF;
F6C9 : FF;
F6CA : FF;
F6CB : FF;
F6CC : FF;
F6CD : FF;
F6CE : FF;
F6CF : FF;
F6D0 : FF;
F6D1 : FF;
F6D2 : FF;
F6D3 : FF;
F6D4 : FF;
F6D5 : FF;
F6D6 : FF;
F6D7 : FF;
F6D8 : FF;
F6D9 : FF;
F6DA : FF;
F6DB : FF;
F6DC : FF;
F6DD : FF;
F6DE : FF;
F6DF : FF;
F6E0 : FF;
F6E1 : FF;
F6E2 : FF;
F6E3 : FF;
F6E4 : FF;
F6E5 : FF;
F6E6 : FF;
F6E7 : FF;
F6E8 : FF;
F6E9 : FF;
F6EA : FF;
F6EB : FF;
F6EC : FF;
F6ED : FF;
F6EE : FF;
F6EF : FF;
F6F0 : FF;
F6F1 : FF;
F6F2 : FF;
F6F3 : FF;
F6F4 : FF;
F6F5 : FF;
F6F6 : FF;
F6F7 : FF;
F6F8 : FF;
F6F9 : FF;
F6FA : FF;
F6FB : FF;
F6FC : FF;
F6FD : FF;
F6FE : FF;
F6FF : FF;
F700 : FF;
F701 : FF;
F702 : FF;
F703 : FF;
F704 : FF;
F705 : FF;
F706 : FF;
F707 : FF;
F708 : FF;
F709 : FF;
F70A : FF;
F70B : FF;
F70C : FF;
F70D : FF;
F70E : FF;
F70F : FF;
F710 : FF;
F711 : FF;
F712 : FF;
F713 : FF;
F714 : FF;
F715 : FF;
F716 : FF;
F717 : FF;
F718 : FF;
F719 : FF;
F71A : FF;
F71B : FF;
F71C : FF;
F71D : FF;
F71E : FF;
F71F : FF;
F720 : FF;
F721 : FF;
F722 : FF;
F723 : FF;
F724 : FF;
F725 : FF;
F726 : FF;
F727 : FF;
F728 : FF;
F729 : FF;
F72A : FF;
F72B : FF;
F72C : FF;
F72D : FF;
F72E : FF;
F72F : FF;
F730 : FF;
F731 : FF;
F732 : FF;
F733 : FF;
F734 : FF;
F735 : FF;
F736 : FF;
F737 : FF;
F738 : FF;
F739 : FF;
F73A : FF;
F73B : FF;
F73C : FF;
F73D : FF;
F73E : FF;
F73F : FF;
F740 : FF;
F741 : FF;
F742 : FF;
F743 : FF;
F744 : FF;
F745 : FF;
F746 : FF;
F747 : FF;
F748 : FF;
F749 : FF;
F74A : FF;
F74B : FF;
F74C : FF;
F74D : FF;
F74E : FF;
F74F : FF;
F750 : FF;
F751 : FF;
F752 : FF;
F753 : FF;
F754 : FF;
F755 : FF;
F756 : FF;
F757 : FF;
F758 : FF;
F759 : FF;
F75A : FF;
F75B : FF;
F75C : FF;
F75D : FF;
F75E : FF;
F75F : FF;
F760 : FF;
F761 : FF;
F762 : FF;
F763 : FF;
F764 : FF;
F765 : FF;
F766 : FF;
F767 : FF;
F768 : FF;
F769 : FF;
F76A : FF;
F76B : FF;
F76C : FF;
F76D : FF;
F76E : FF;
F76F : FF;
F770 : FF;
F771 : FF;
F772 : FF;
F773 : FF;
F774 : FF;
F775 : FF;
F776 : FF;
F777 : FF;
F778 : FF;
F779 : FF;
F77A : FF;
F77B : FF;
F77C : FF;
F77D : FF;
F77E : FF;
F77F : FF;
F780 : FF;
F781 : FF;
F782 : FF;
F783 : FF;
F784 : FF;
F785 : FF;
F786 : FF;
F787 : FF;
F788 : FF;
F789 : FF;
F78A : FF;
F78B : FF;
F78C : FF;
F78D : FF;
F78E : FF;
F78F : FF;
F790 : FF;
F791 : FF;
F792 : FF;
F793 : FF;
F794 : FF;
F795 : FF;
F796 : FF;
F797 : FF;
F798 : FF;
F799 : FF;
F79A : FF;
F79B : FF;
F79C : FF;
F79D : FF;
F79E : FF;
F79F : FF;
F7A0 : FF;
F7A1 : FF;
F7A2 : FF;
F7A3 : FF;
F7A4 : FF;
F7A5 : FF;
F7A6 : FF;
F7A7 : FF;
F7A8 : FF;
F7A9 : FF;
F7AA : FF;
F7AB : FF;
F7AC : FF;
F7AD : FF;
F7AE : FF;
F7AF : FF;
F7B0 : FF;
F7B1 : FF;
F7B2 : FF;
F7B3 : FF;
F7B4 : FF;
F7B5 : FF;
F7B6 : FF;
F7B7 : FF;
F7B8 : FF;
F7B9 : FF;
F7BA : FF;
F7BB : FF;
F7BC : FF;
F7BD : FF;
F7BE : FF;
F7BF : FF;
F7C0 : FF;
F7C1 : FF;
F7C2 : FF;
F7C3 : FF;
F7C4 : FF;
F7C5 : FF;
F7C6 : FF;
F7C7 : FF;
F7C8 : FF;
F7C9 : FF;
F7CA : FF;
F7CB : FF;
F7CC : FF;
F7CD : FF;
F7CE : FF;
F7CF : FF;
F7D0 : FF;
F7D1 : FF;
F7D2 : FF;
F7D3 : FF;
F7D4 : FF;
F7D5 : FF;
F7D6 : FF;
F7D7 : FF;
F7D8 : FF;
F7D9 : FF;
F7DA : FF;
F7DB : FF;
F7DC : FF;
F7DD : FF;
F7DE : FF;
F7DF : FF;
F7E0 : FF;
F7E1 : FF;
F7E2 : FF;
F7E3 : FF;
F7E4 : FF;
F7E5 : FF;
F7E6 : FF;
F7E7 : FF;
F7E8 : FF;
F7E9 : FF;
F7EA : FF;
F7EB : FF;
F7EC : FF;
F7ED : FF;
F7EE : FF;
F7EF : FF;
F7F0 : FF;
F7F1 : FF;
F7F2 : FF;
F7F3 : FF;
F7F4 : FF;
F7F5 : FF;
F7F6 : FF;
F7F7 : FF;
F7F8 : FF;
F7F9 : FF;
F7FA : FF;
F7FB : FF;
F7FC : FF;
F7FD : FF;
F7FE : FF;
F7FF : FF;
F800 : FF;
F801 : FF;
F802 : FF;
F803 : FF;
F804 : FF;
F805 : FF;
F806 : FF;
F807 : FF;
F808 : FF;
F809 : FF;
F80A : FF;
F80B : FF;
F80C : FF;
F80D : FF;
F80E : FF;
F80F : FF;
F810 : FF;
F811 : FF;
F812 : FF;
F813 : FF;
F814 : FF;
F815 : FF;
F816 : FF;
F817 : FF;
F818 : FF;
F819 : FF;
F81A : FF;
F81B : FF;
F81C : FF;
F81D : FF;
F81E : FF;
F81F : FF;
F820 : FF;
F821 : FF;
F822 : FF;
F823 : FF;
F824 : FF;
F825 : FF;
F826 : FF;
F827 : FF;
F828 : FF;
F829 : FF;
F82A : FF;
F82B : FF;
F82C : FF;
F82D : FF;
F82E : FF;
F82F : FF;
F830 : FF;
F831 : FF;
F832 : FF;
F833 : FF;
F834 : FF;
F835 : FF;
F836 : FF;
F837 : FF;
F838 : FF;
F839 : FF;
F83A : FF;
F83B : FF;
F83C : FF;
F83D : FF;
F83E : FF;
F83F : FF;
F840 : FF;
F841 : FF;
F842 : FF;
F843 : FF;
F844 : FF;
F845 : FF;
F846 : FF;
F847 : FF;
F848 : FF;
F849 : FF;
F84A : FF;
F84B : FF;
F84C : FF;
F84D : FF;
F84E : FF;
F84F : FF;
F850 : FF;
F851 : FF;
F852 : FF;
F853 : FF;
F854 : FF;
F855 : FF;
F856 : FF;
F857 : FF;
F858 : FF;
F859 : FF;
F85A : FF;
F85B : FF;
F85C : FF;
F85D : FF;
F85E : FF;
F85F : FF;
F860 : FF;
F861 : FF;
F862 : FF;
F863 : FF;
F864 : FF;
F865 : FF;
F866 : FF;
F867 : FF;
F868 : FF;
F869 : FF;
F86A : FF;
F86B : FF;
F86C : FF;
F86D : FF;
F86E : FF;
F86F : FF;
F870 : FF;
F871 : FF;
F872 : FF;
F873 : FF;
F874 : FF;
F875 : FF;
F876 : FF;
F877 : FF;
F878 : FF;
F879 : FF;
F87A : FF;
F87B : FF;
F87C : FF;
F87D : FF;
F87E : FF;
F87F : FF;
F880 : FF;
F881 : FF;
F882 : FF;
F883 : FF;
F884 : FF;
F885 : FF;
F886 : FF;
F887 : FF;
F888 : FF;
F889 : FF;
F88A : FF;
F88B : FF;
F88C : FF;
F88D : FF;
F88E : FF;
F88F : FF;
F890 : FF;
F891 : FF;
F892 : FF;
F893 : FF;
F894 : FF;
F895 : FF;
F896 : FF;
F897 : FF;
F898 : FF;
F899 : FF;
F89A : FF;
F89B : FF;
F89C : FF;
F89D : FF;
F89E : FF;
F89F : FF;
F8A0 : FF;
F8A1 : FF;
F8A2 : FF;
F8A3 : FF;
F8A4 : FF;
F8A5 : FF;
F8A6 : FF;
F8A7 : FF;
F8A8 : FF;
F8A9 : FF;
F8AA : FF;
F8AB : FF;
F8AC : FF;
F8AD : FF;
F8AE : FF;
F8AF : FF;
F8B0 : FF;
F8B1 : FF;
F8B2 : FF;
F8B3 : FF;
F8B4 : FF;
F8B5 : FF;
F8B6 : FF;
F8B7 : FF;
F8B8 : FF;
F8B9 : FF;
F8BA : FF;
F8BB : FF;
F8BC : FF;
F8BD : FF;
F8BE : FF;
F8BF : FF;
F8C0 : FF;
F8C1 : FF;
F8C2 : FF;
F8C3 : FF;
F8C4 : FF;
F8C5 : FF;
F8C6 : FF;
F8C7 : FF;
F8C8 : FF;
F8C9 : FF;
F8CA : FF;
F8CB : FF;
F8CC : FF;
F8CD : FF;
F8CE : FF;
F8CF : FF;
F8D0 : FF;
F8D1 : FF;
F8D2 : FF;
F8D3 : FF;
F8D4 : FF;
F8D5 : FF;
F8D6 : FF;
F8D7 : FF;
F8D8 : FF;
F8D9 : FF;
F8DA : FF;
F8DB : FF;
F8DC : FF;
F8DD : FF;
F8DE : FF;
F8DF : FF;
F8E0 : FF;
F8E1 : FF;
F8E2 : FF;
F8E3 : FF;
F8E4 : FF;
F8E5 : FF;
F8E6 : FF;
F8E7 : FF;
F8E8 : FF;
F8E9 : FF;
F8EA : FF;
F8EB : FF;
F8EC : FF;
F8ED : FF;
F8EE : FF;
F8EF : FF;
F8F0 : FF;
F8F1 : FF;
F8F2 : FF;
F8F3 : FF;
F8F4 : FF;
F8F5 : FF;
F8F6 : FF;
F8F7 : FF;
F8F8 : FF;
F8F9 : FF;
F8FA : FF;
F8FB : FF;
F8FC : FF;
F8FD : FF;
F8FE : FF;
F8FF : FF;
F900 : FF;
F901 : FF;
F902 : FF;
F903 : FF;
F904 : FF;
F905 : FF;
F906 : FF;
F907 : FF;
F908 : FF;
F909 : FF;
F90A : FF;
F90B : FF;
F90C : FF;
F90D : FF;
F90E : FF;
F90F : FF;
F910 : FF;
F911 : FF;
F912 : FF;
F913 : FF;
F914 : FF;
F915 : FF;
F916 : FF;
F917 : FF;
F918 : FF;
F919 : FF;
F91A : FF;
F91B : FF;
F91C : FF;
F91D : FF;
F91E : FF;
F91F : FF;
F920 : FF;
F921 : FF;
F922 : FF;
F923 : FF;
F924 : FF;
F925 : FF;
F926 : FF;
F927 : FF;
F928 : FF;
F929 : FF;
F92A : FF;
F92B : FF;
F92C : FF;
F92D : FF;
F92E : FF;
F92F : FF;
F930 : FF;
F931 : FF;
F932 : FF;
F933 : FF;
F934 : FF;
F935 : FF;
F936 : FF;
F937 : FF;
F938 : FF;
F939 : FF;
F93A : FF;
F93B : FF;
F93C : FF;
F93D : FF;
F93E : FF;
F93F : FF;
F940 : FF;
F941 : FF;
F942 : FF;
F943 : FF;
F944 : FF;
F945 : FF;
F946 : FF;
F947 : FF;
F948 : FF;
F949 : FF;
F94A : FF;
F94B : FF;
F94C : FF;
F94D : FF;
F94E : FF;
F94F : FF;
F950 : FF;
F951 : FF;
F952 : FF;
F953 : FF;
F954 : FF;
F955 : FF;
F956 : FF;
F957 : FF;
F958 : FF;
F959 : FF;
F95A : FF;
F95B : FF;
F95C : FF;
F95D : FF;
F95E : FF;
F95F : FF;
F960 : FF;
F961 : FF;
F962 : FF;
F963 : FF;
F964 : FF;
F965 : FF;
F966 : FF;
F967 : FF;
F968 : FF;
F969 : FF;
F96A : FF;
F96B : FF;
F96C : FF;
F96D : FF;
F96E : FF;
F96F : FF;
F970 : FF;
F971 : FF;
F972 : FF;
F973 : FF;
F974 : FF;
F975 : FF;
F976 : FF;
F977 : FF;
F978 : FF;
F979 : FF;
F97A : FF;
F97B : FF;
F97C : FF;
F97D : FF;
F97E : FF;
F97F : FF;
F980 : FF;
F981 : FF;
F982 : FF;
F983 : FF;
F984 : FF;
F985 : FF;
F986 : FF;
F987 : FF;
F988 : FF;
F989 : FF;
F98A : FF;
F98B : FF;
F98C : FF;
F98D : FF;
F98E : FF;
F98F : FF;
F990 : FF;
F991 : FF;
F992 : FF;
F993 : FF;
F994 : FF;
F995 : FF;
F996 : FF;
F997 : FF;
F998 : FF;
F999 : FF;
F99A : FF;
F99B : FF;
F99C : FF;
F99D : FF;
F99E : FF;
F99F : FF;
F9A0 : FF;
F9A1 : FF;
F9A2 : FF;
F9A3 : FF;
F9A4 : FF;
F9A5 : FF;
F9A6 : FF;
F9A7 : FF;
F9A8 : FF;
F9A9 : FF;
F9AA : FF;
F9AB : FF;
F9AC : FF;
F9AD : FF;
F9AE : FF;
F9AF : FF;
F9B0 : FF;
F9B1 : FF;
F9B2 : FF;
F9B3 : FF;
F9B4 : FF;
F9B5 : FF;
F9B6 : FF;
F9B7 : FF;
F9B8 : FF;
F9B9 : FF;
F9BA : FF;
F9BB : FF;
F9BC : FF;
F9BD : FF;
F9BE : FF;
F9BF : FF;
F9C0 : FF;
F9C1 : FF;
F9C2 : FF;
F9C3 : FF;
F9C4 : FF;
F9C5 : FF;
F9C6 : FF;
F9C7 : FF;
F9C8 : FF;
F9C9 : FF;
F9CA : FF;
F9CB : FF;
F9CC : FF;
F9CD : FF;
F9CE : FF;
F9CF : FF;
F9D0 : FF;
F9D1 : FF;
F9D2 : FF;
F9D3 : FF;
F9D4 : FF;
F9D5 : FF;
F9D6 : FF;
F9D7 : FF;
F9D8 : FF;
F9D9 : FF;
F9DA : FF;
F9DB : FF;
F9DC : FF;
F9DD : FF;
F9DE : FF;
F9DF : FF;
F9E0 : FF;
F9E1 : FF;
F9E2 : FF;
F9E3 : FF;
F9E4 : FF;
F9E5 : FF;
F9E6 : FF;
F9E7 : FF;
F9E8 : FF;
F9E9 : FF;
F9EA : FF;
F9EB : FF;
F9EC : FF;
F9ED : FF;
F9EE : FF;
F9EF : FF;
F9F0 : FF;
F9F1 : FF;
F9F2 : FF;
F9F3 : FF;
F9F4 : FF;
F9F5 : FF;
F9F6 : FF;
F9F7 : FF;
F9F8 : FF;
F9F9 : FF;
F9FA : FF;
F9FB : FF;
F9FC : FF;
F9FD : FF;
F9FE : FF;
F9FF : FF;
FA00 : FF;
FA01 : FF;
FA02 : FF;
FA03 : FF;
FA04 : FF;
FA05 : FF;
FA06 : FF;
FA07 : FF;
FA08 : FF;
FA09 : FF;
FA0A : FF;
FA0B : FF;
FA0C : FF;
FA0D : FF;
FA0E : FF;
FA0F : FF;
FA10 : FF;
FA11 : FF;
FA12 : FF;
FA13 : FF;
FA14 : FF;
FA15 : FF;
FA16 : FF;
FA17 : FF;
FA18 : FF;
FA19 : FF;
FA1A : FF;
FA1B : FF;
FA1C : FF;
FA1D : FF;
FA1E : FF;
FA1F : FF;
FA20 : FF;
FA21 : FF;
FA22 : FF;
FA23 : FF;
FA24 : FF;
FA25 : FF;
FA26 : FF;
FA27 : FF;
FA28 : FF;
FA29 : FF;
FA2A : FF;
FA2B : FF;
FA2C : FF;
FA2D : FF;
FA2E : FF;
FA2F : FF;
FA30 : FF;
FA31 : FF;
FA32 : FF;
FA33 : FF;
FA34 : FF;
FA35 : FF;
FA36 : FF;
FA37 : FF;
FA38 : FF;
FA39 : FF;
FA3A : FF;
FA3B : FF;
FA3C : FF;
FA3D : FF;
FA3E : FF;
FA3F : FF;
FA40 : FF;
FA41 : FF;
FA42 : FF;
FA43 : FF;
FA44 : FF;
FA45 : FF;
FA46 : FF;
FA47 : FF;
FA48 : FF;
FA49 : FF;
FA4A : FF;
FA4B : FF;
FA4C : FF;
FA4D : FF;
FA4E : FF;
FA4F : FF;
FA50 : FF;
FA51 : FF;
FA52 : FF;
FA53 : FF;
FA54 : FF;
FA55 : FF;
FA56 : FF;
FA57 : FF;
FA58 : FF;
FA59 : FF;
FA5A : FF;
FA5B : FF;
FA5C : FF;
FA5D : FF;
FA5E : FF;
FA5F : FF;
FA60 : FF;
FA61 : FF;
FA62 : FF;
FA63 : FF;
FA64 : FF;
FA65 : FF;
FA66 : FF;
FA67 : FF;
FA68 : FF;
FA69 : FF;
FA6A : FF;
FA6B : FF;
FA6C : FF;
FA6D : FF;
FA6E : FF;
FA6F : FF;
FA70 : FF;
FA71 : FF;
FA72 : FF;
FA73 : FF;
FA74 : FF;
FA75 : FF;
FA76 : FF;
FA77 : FF;
FA78 : FF;
FA79 : FF;
FA7A : FF;
FA7B : FF;
FA7C : FF;
FA7D : FF;
FA7E : FF;
FA7F : FF;
FA80 : FF;
FA81 : FF;
FA82 : FF;
FA83 : FF;
FA84 : FF;
FA85 : FF;
FA86 : FF;
FA87 : FF;
FA88 : FF;
FA89 : FF;
FA8A : FF;
FA8B : FF;
FA8C : FF;
FA8D : FF;
FA8E : FF;
FA8F : FF;
FA90 : FF;
FA91 : FF;
FA92 : FF;
FA93 : FF;
FA94 : FF;
FA95 : FF;
FA96 : FF;
FA97 : FF;
FA98 : FF;
FA99 : FF;
FA9A : FF;
FA9B : FF;
FA9C : FF;
FA9D : FF;
FA9E : FF;
FA9F : FF;
FAA0 : FF;
FAA1 : FF;
FAA2 : FF;
FAA3 : FF;
FAA4 : FF;
FAA5 : FF;
FAA6 : FF;
FAA7 : FF;
FAA8 : FF;
FAA9 : FF;
FAAA : FF;
FAAB : FF;
FAAC : FF;
FAAD : FF;
FAAE : FF;
FAAF : FF;
FAB0 : FF;
FAB1 : FF;
FAB2 : FF;
FAB3 : FF;
FAB4 : FF;
FAB5 : FF;
FAB6 : FF;
FAB7 : FF;
FAB8 : FF;
FAB9 : FF;
FABA : FF;
FABB : FF;
FABC : FF;
FABD : FF;
FABE : FF;
FABF : FF;
FAC0 : FF;
FAC1 : FF;
FAC2 : FF;
FAC3 : FF;
FAC4 : FF;
FAC5 : FF;
FAC6 : FF;
FAC7 : FF;
FAC8 : FF;
FAC9 : FF;
FACA : FF;
FACB : FF;
FACC : FF;
FACD : FF;
FACE : FF;
FACF : FF;
FAD0 : FF;
FAD1 : FF;
FAD2 : FF;
FAD3 : FF;
FAD4 : FF;
FAD5 : FF;
FAD6 : FF;
FAD7 : FF;
FAD8 : FF;
FAD9 : FF;
FADA : FF;
FADB : FF;
FADC : FF;
FADD : FF;
FADE : FF;
FADF : FF;
FAE0 : FF;
FAE1 : FF;
FAE2 : FF;
FAE3 : FF;
FAE4 : FF;
FAE5 : FF;
FAE6 : FF;
FAE7 : FF;
FAE8 : FF;
FAE9 : FF;
FAEA : FF;
FAEB : FF;
FAEC : FF;
FAED : FF;
FAEE : FF;
FAEF : FF;
FAF0 : FF;
FAF1 : FF;
FAF2 : FF;
FAF3 : FF;
FAF4 : FF;
FAF5 : FF;
FAF6 : FF;
FAF7 : FF;
FAF8 : FF;
FAF9 : FF;
FAFA : FF;
FAFB : FF;
FAFC : FF;
FAFD : FF;
FAFE : FF;
FAFF : FF;
FB00 : FF;
FB01 : FF;
FB02 : FF;
FB03 : FF;
FB04 : FF;
FB05 : FF;
FB06 : FF;
FB07 : FF;
FB08 : FF;
FB09 : FF;
FB0A : FF;
FB0B : FF;
FB0C : FF;
FB0D : FF;
FB0E : FF;
FB0F : FF;
FB10 : FF;
FB11 : FF;
FB12 : FF;
FB13 : FF;
FB14 : FF;
FB15 : FF;
FB16 : FF;
FB17 : FF;
FB18 : FF;
FB19 : FF;
FB1A : FF;
FB1B : FF;
FB1C : FF;
FB1D : FF;
FB1E : FF;
FB1F : FF;
FB20 : FF;
FB21 : FF;
FB22 : FF;
FB23 : FF;
FB24 : FF;
FB25 : FF;
FB26 : FF;
FB27 : FF;
FB28 : FF;
FB29 : FF;
FB2A : FF;
FB2B : FF;
FB2C : FF;
FB2D : FF;
FB2E : FF;
FB2F : FF;
FB30 : FF;
FB31 : FF;
FB32 : FF;
FB33 : FF;
FB34 : FF;
FB35 : FF;
FB36 : FF;
FB37 : FF;
FB38 : FF;
FB39 : FF;
FB3A : FF;
FB3B : FF;
FB3C : FF;
FB3D : FF;
FB3E : FF;
FB3F : FF;
FB40 : FF;
FB41 : FF;
FB42 : FF;
FB43 : FF;
FB44 : FF;
FB45 : FF;
FB46 : FF;
FB47 : FF;
FB48 : FF;
FB49 : FF;
FB4A : FF;
FB4B : FF;
FB4C : FF;
FB4D : FF;
FB4E : FF;
FB4F : FF;
FB50 : FF;
FB51 : FF;
FB52 : FF;
FB53 : FF;
FB54 : FF;
FB55 : FF;
FB56 : FF;
FB57 : FF;
FB58 : FF;
FB59 : FF;
FB5A : FF;
FB5B : FF;
FB5C : FF;
FB5D : FF;
FB5E : FF;
FB5F : FF;
FB60 : FF;
FB61 : FF;
FB62 : FF;
FB63 : FF;
FB64 : FF;
FB65 : FF;
FB66 : FF;
FB67 : FF;
FB68 : FF;
FB69 : FF;
FB6A : FF;
FB6B : FF;
FB6C : FF;
FB6D : FF;
FB6E : FF;
FB6F : FF;
FB70 : FF;
FB71 : FF;
FB72 : FF;
FB73 : FF;
FB74 : FF;
FB75 : FF;
FB76 : FF;
FB77 : FF;
FB78 : FF;
FB79 : FF;
FB7A : FF;
FB7B : FF;
FB7C : FF;
FB7D : FF;
FB7E : FF;
FB7F : FF;
FB80 : FF;
FB81 : FF;
FB82 : FF;
FB83 : FF;
FB84 : FF;
FB85 : FF;
FB86 : FF;
FB87 : FF;
FB88 : FF;
FB89 : FF;
FB8A : FF;
FB8B : FF;
FB8C : FF;
FB8D : FF;
FB8E : FF;
FB8F : FF;
FB90 : FF;
FB91 : FF;
FB92 : FF;
FB93 : FF;
FB94 : FF;
FB95 : FF;
FB96 : FF;
FB97 : FF;
FB98 : FF;
FB99 : FF;
FB9A : FF;
FB9B : FF;
FB9C : FF;
FB9D : FF;
FB9E : FF;
FB9F : FF;
FBA0 : FF;
FBA1 : FF;
FBA2 : FF;
FBA3 : FF;
FBA4 : FF;
FBA5 : FF;
FBA6 : FF;
FBA7 : FF;
FBA8 : FF;
FBA9 : FF;
FBAA : FF;
FBAB : FF;
FBAC : FF;
FBAD : FF;
FBAE : FF;
FBAF : FF;
FBB0 : FF;
FBB1 : FF;
FBB2 : FF;
FBB3 : FF;
FBB4 : FF;
FBB5 : FF;
FBB6 : FF;
FBB7 : FF;
FBB8 : FF;
FBB9 : FF;
FBBA : FF;
FBBB : FF;
FBBC : FF;
FBBD : FF;
FBBE : FF;
FBBF : FF;
FBC0 : FF;
FBC1 : FF;
FBC2 : FF;
FBC3 : FF;
FBC4 : FF;
FBC5 : FF;
FBC6 : FF;
FBC7 : FF;
FBC8 : FF;
FBC9 : FF;
FBCA : FF;
FBCB : FF;
FBCC : FF;
FBCD : FF;
FBCE : FF;
FBCF : FF;
FBD0 : FF;
FBD1 : FF;
FBD2 : FF;
FBD3 : FF;
FBD4 : FF;
FBD5 : FF;
FBD6 : FF;
FBD7 : FF;
FBD8 : FF;
FBD9 : FF;
FBDA : FF;
FBDB : FF;
FBDC : FF;
FBDD : FF;
FBDE : FF;
FBDF : FF;
FBE0 : FF;
FBE1 : FF;
FBE2 : FF;
FBE3 : FF;
FBE4 : FF;
FBE5 : FF;
FBE6 : FF;
FBE7 : FF;
FBE8 : FF;
FBE9 : FF;
FBEA : FF;
FBEB : FF;
FBEC : FF;
FBED : FF;
FBEE : FF;
FBEF : FF;
FBF0 : FF;
FBF1 : FF;
FBF2 : FF;
FBF3 : FF;
FBF4 : FF;
FBF5 : FF;
FBF6 : FF;
FBF7 : FF;
FBF8 : FF;
FBF9 : FF;
FBFA : FF;
FBFB : FF;
FBFC : FF;
FBFD : FF;
FBFE : FF;
FBFF : FF;
FC00 : FF;
FC01 : FF;
FC02 : FF;
FC03 : FF;
FC04 : FF;
FC05 : FF;
FC06 : FF;
FC07 : FF;
FC08 : FF;
FC09 : FF;
FC0A : FF;
FC0B : FF;
FC0C : FF;
FC0D : FF;
FC0E : FF;
FC0F : FF;
FC10 : FF;
FC11 : FF;
FC12 : FF;
FC13 : FF;
FC14 : FF;
FC15 : FF;
FC16 : FF;
FC17 : FF;
FC18 : FF;
FC19 : FF;
FC1A : FF;
FC1B : FF;
FC1C : FF;
FC1D : FF;
FC1E : FF;
FC1F : FF;
FC20 : FF;
FC21 : FF;
FC22 : FF;
FC23 : FF;
FC24 : FF;
FC25 : FF;
FC26 : FF;
FC27 : FF;
FC28 : FF;
FC29 : FF;
FC2A : FF;
FC2B : FF;
FC2C : FF;
FC2D : FF;
FC2E : FF;
FC2F : FF;
FC30 : FF;
FC31 : FF;
FC32 : FF;
FC33 : FF;
FC34 : FF;
FC35 : FF;
FC36 : FF;
FC37 : FF;
FC38 : FF;
FC39 : FF;
FC3A : FF;
FC3B : FF;
FC3C : FF;
FC3D : FF;
FC3E : FF;
FC3F : FF;
FC40 : FF;
FC41 : FF;
FC42 : FF;
FC43 : FF;
FC44 : FF;
FC45 : FF;
FC46 : FF;
FC47 : FF;
FC48 : FF;
FC49 : FF;
FC4A : FF;
FC4B : FF;
FC4C : FF;
FC4D : FF;
FC4E : FF;
FC4F : FF;
FC50 : FF;
FC51 : FF;
FC52 : FF;
FC53 : FF;
FC54 : FF;
FC55 : FF;
FC56 : FF;
FC57 : FF;
FC58 : FF;
FC59 : FF;
FC5A : FF;
FC5B : FF;
FC5C : FF;
FC5D : FF;
FC5E : FF;
FC5F : FF;
FC60 : FF;
FC61 : FF;
FC62 : FF;
FC63 : FF;
FC64 : FF;
FC65 : FF;
FC66 : FF;
FC67 : FF;
FC68 : FF;
FC69 : FF;
FC6A : FF;
FC6B : FF;
FC6C : FF;
FC6D : FF;
FC6E : FF;
FC6F : FF;
FC70 : FF;
FC71 : FF;
FC72 : FF;
FC73 : FF;
FC74 : FF;
FC75 : FF;
FC76 : FF;
FC77 : FF;
FC78 : FF;
FC79 : FF;
FC7A : FF;
FC7B : FF;
FC7C : FF;
FC7D : FF;
FC7E : FF;
FC7F : FF;
FC80 : FF;
FC81 : FF;
FC82 : FF;
FC83 : FF;
FC84 : FF;
FC85 : FF;
FC86 : FF;
FC87 : FF;
FC88 : FF;
FC89 : FF;
FC8A : FF;
FC8B : FF;
FC8C : FF;
FC8D : FF;
FC8E : FF;
FC8F : FF;
FC90 : FF;
FC91 : FF;
FC92 : FF;
FC93 : FF;
FC94 : FF;
FC95 : FF;
FC96 : FF;
FC97 : FF;
FC98 : FF;
FC99 : FF;
FC9A : FF;
FC9B : FF;
FC9C : FF;
FC9D : FF;
FC9E : FF;
FC9F : FF;
FCA0 : FF;
FCA1 : FF;
FCA2 : FF;
FCA3 : FF;
FCA4 : FF;
FCA5 : FF;
FCA6 : FF;
FCA7 : FF;
FCA8 : FF;
FCA9 : FF;
FCAA : FF;
FCAB : FF;
FCAC : FF;
FCAD : FF;
FCAE : FF;
FCAF : FF;
FCB0 : FF;
FCB1 : FF;
FCB2 : FF;
FCB3 : FF;
FCB4 : FF;
FCB5 : FF;
FCB6 : FF;
FCB7 : FF;
FCB8 : FF;
FCB9 : FF;
FCBA : FF;
FCBB : FF;
FCBC : FF;
FCBD : FF;
FCBE : FF;
FCBF : FF;
FCC0 : FF;
FCC1 : FF;
FCC2 : FF;
FCC3 : FF;
FCC4 : FF;
FCC5 : FF;
FCC6 : FF;
FCC7 : FF;
FCC8 : FF;
FCC9 : FF;
FCCA : FF;
FCCB : FF;
FCCC : FF;
FCCD : FF;
FCCE : FF;
FCCF : FF;
FCD0 : FF;
FCD1 : FF;
FCD2 : FF;
FCD3 : FF;
FCD4 : FF;
FCD5 : FF;
FCD6 : FF;
FCD7 : FF;
FCD8 : FF;
FCD9 : FF;
FCDA : FF;
FCDB : FF;
FCDC : FF;
FCDD : FF;
FCDE : FF;
FCDF : FF;
FCE0 : FF;
FCE1 : FF;
FCE2 : FF;
FCE3 : FF;
FCE4 : FF;
FCE5 : FF;
FCE6 : FF;
FCE7 : FF;
FCE8 : FF;
FCE9 : FF;
FCEA : FF;
FCEB : FF;
FCEC : FF;
FCED : FF;
FCEE : FF;
FCEF : FF;
FCF0 : FF;
FCF1 : FF;
FCF2 : FF;
FCF3 : FF;
FCF4 : FF;
FCF5 : FF;
FCF6 : FF;
FCF7 : FF;
FCF8 : FF;
FCF9 : FF;
FCFA : FF;
FCFB : FF;
FCFC : FF;
FCFD : FF;
FCFE : FF;
FCFF : FF;
FD00 : FF;
FD01 : FF;
FD02 : FF;
FD03 : FF;
FD04 : FF;
FD05 : FF;
FD06 : FF;
FD07 : FF;
FD08 : FF;
FD09 : FF;
FD0A : FF;
FD0B : FF;
FD0C : FF;
FD0D : FF;
FD0E : FF;
FD0F : FF;
FD10 : FF;
FD11 : FF;
FD12 : FF;
FD13 : FF;
FD14 : FF;
FD15 : FF;
FD16 : FF;
FD17 : FF;
FD18 : FF;
FD19 : FF;
FD1A : FF;
FD1B : FF;
FD1C : FF;
FD1D : FF;
FD1E : FF;
FD1F : FF;
FD20 : FF;
FD21 : FF;
FD22 : FF;
FD23 : FF;
FD24 : FF;
FD25 : FF;
FD26 : FF;
FD27 : FF;
FD28 : FF;
FD29 : FF;
FD2A : FF;
FD2B : FF;
FD2C : FF;
FD2D : FF;
FD2E : FF;
FD2F : FF;
FD30 : FF;
FD31 : FF;
FD32 : FF;
FD33 : FF;
FD34 : FF;
FD35 : FF;
FD36 : FF;
FD37 : FF;
FD38 : FF;
FD39 : FF;
FD3A : FF;
FD3B : FF;
FD3C : FF;
FD3D : FF;
FD3E : FF;
FD3F : FF;
FD40 : FF;
FD41 : FF;
FD42 : FF;
FD43 : FF;
FD44 : FF;
FD45 : FF;
FD46 : FF;
FD47 : FF;
FD48 : FF;
FD49 : FF;
FD4A : FF;
FD4B : FF;
FD4C : FF;
FD4D : FF;
FD4E : FF;
FD4F : FF;
FD50 : FF;
FD51 : FF;
FD52 : FF;
FD53 : FF;
FD54 : FF;
FD55 : FF;
FD56 : FF;
FD57 : FF;
FD58 : FF;
FD59 : FF;
FD5A : FF;
FD5B : FF;
FD5C : FF;
FD5D : FF;
FD5E : FF;
FD5F : FF;
FD60 : FF;
FD61 : FF;
FD62 : FF;
FD63 : FF;
FD64 : FF;
FD65 : FF;
FD66 : FF;
FD67 : FF;
FD68 : FF;
FD69 : FF;
FD6A : FF;
FD6B : FF;
FD6C : FF;
FD6D : FF;
FD6E : FF;
FD6F : FF;
FD70 : FF;
FD71 : FF;
FD72 : FF;
FD73 : FF;
FD74 : FF;
FD75 : FF;
FD76 : FF;
FD77 : FF;
FD78 : FF;
FD79 : FF;
FD7A : FF;
FD7B : FF;
FD7C : FF;
FD7D : FF;
FD7E : FF;
FD7F : FF;
FD80 : FF;
FD81 : FF;
FD82 : FF;
FD83 : FF;
FD84 : FF;
FD85 : FF;
FD86 : FF;
FD87 : FF;
FD88 : FF;
FD89 : FF;
FD8A : FF;
FD8B : FF;
FD8C : FF;
FD8D : FF;
FD8E : FF;
FD8F : FF;
FD90 : FF;
FD91 : FF;
FD92 : FF;
FD93 : FF;
FD94 : FF;
FD95 : FF;
FD96 : FF;
FD97 : FF;
FD98 : FF;
FD99 : FF;
FD9A : FF;
FD9B : FF;
FD9C : FF;
FD9D : FF;
FD9E : FF;
FD9F : FF;
FDA0 : FF;
FDA1 : FF;
FDA2 : FF;
FDA3 : FF;
FDA4 : FF;
FDA5 : FF;
FDA6 : FF;
FDA7 : FF;
FDA8 : FF;
FDA9 : FF;
FDAA : FF;
FDAB : FF;
FDAC : FF;
FDAD : FF;
FDAE : FF;
FDAF : FF;
FDB0 : FF;
FDB1 : FF;
FDB2 : FF;
FDB3 : FF;
FDB4 : FF;
FDB5 : FF;
FDB6 : FF;
FDB7 : FF;
FDB8 : FF;
FDB9 : FF;
FDBA : FF;
FDBB : FF;
FDBC : FF;
FDBD : FF;
FDBE : FF;
FDBF : FF;
FDC0 : FF;
FDC1 : FF;
FDC2 : FF;
FDC3 : FF;
FDC4 : FF;
FDC5 : FF;
FDC6 : FF;
FDC7 : FF;
FDC8 : FF;
FDC9 : FF;
FDCA : FF;
FDCB : FF;
FDCC : FF;
FDCD : FF;
FDCE : FF;
FDCF : FF;
FDD0 : FF;
FDD1 : FF;
FDD2 : FF;
FDD3 : FF;
FDD4 : FF;
FDD5 : FF;
FDD6 : FF;
FDD7 : FF;
FDD8 : FF;
FDD9 : FF;
FDDA : FF;
FDDB : FF;
FDDC : FF;
FDDD : FF;
FDDE : FF;
FDDF : FF;
FDE0 : FF;
FDE1 : FF;
FDE2 : FF;
FDE3 : FF;
FDE4 : FF;
FDE5 : FF;
FDE6 : FF;
FDE7 : FF;
FDE8 : FF;
FDE9 : FF;
FDEA : FF;
FDEB : FF;
FDEC : FF;
FDED : FF;
FDEE : FF;
FDEF : FF;
FDF0 : FF;
FDF1 : FF;
FDF2 : FF;
FDF3 : FF;
FDF4 : FF;
FDF5 : FF;
FDF6 : FF;
FDF7 : FF;
FDF8 : FF;
FDF9 : FF;
FDFA : FF;
FDFB : FF;
FDFC : FF;
FDFD : FF;
FDFE : FF;
FDFF : FF;
FE00 : FF;
FE01 : FF;
FE02 : FF;
FE03 : FF;
FE04 : FF;
FE05 : FF;
FE06 : FF;
FE07 : FF;
FE08 : FF;
FE09 : FF;
FE0A : FF;
FE0B : FF;
FE0C : FF;
FE0D : FF;
FE0E : FF;
FE0F : FF;
FE10 : FF;
FE11 : FF;
FE12 : FF;
FE13 : FF;
FE14 : FF;
FE15 : FF;
FE16 : FF;
FE17 : FF;
FE18 : FF;
FE19 : FF;
FE1A : FF;
FE1B : FF;
FE1C : FF;
FE1D : FF;
FE1E : FF;
FE1F : FF;
FE20 : FF;
FE21 : FF;
FE22 : FF;
FE23 : FF;
FE24 : FF;
FE25 : FF;
FE26 : FF;
FE27 : FF;
FE28 : FF;
FE29 : FF;
FE2A : FF;
FE2B : FF;
FE2C : FF;
FE2D : FF;
FE2E : FF;
FE2F : FF;
FE30 : FF;
FE31 : FF;
FE32 : FF;
FE33 : FF;
FE34 : FF;
FE35 : FF;
FE36 : FF;
FE37 : FF;
FE38 : FF;
FE39 : FF;
FE3A : FF;
FE3B : FF;
FE3C : FF;
FE3D : FF;
FE3E : FF;
FE3F : FF;
FE40 : FF;
FE41 : FF;
FE42 : FF;
FE43 : FF;
FE44 : FF;
FE45 : FF;
FE46 : FF;
FE47 : FF;
FE48 : FF;
FE49 : FF;
FE4A : FF;
FE4B : FF;
FE4C : FF;
FE4D : FF;
FE4E : FF;
FE4F : FF;
FE50 : FF;
FE51 : FF;
FE52 : FF;
FE53 : FF;
FE54 : FF;
FE55 : FF;
FE56 : FF;
FE57 : FF;
FE58 : FF;
FE59 : FF;
FE5A : FF;
FE5B : FF;
FE5C : FF;
FE5D : FF;
FE5E : FF;
FE5F : FF;
FE60 : FF;
FE61 : FF;
FE62 : FF;
FE63 : FF;
FE64 : FF;
FE65 : FF;
FE66 : FF;
FE67 : FF;
FE68 : FF;
FE69 : FF;
FE6A : FF;
FE6B : FF;
FE6C : FF;
FE6D : FF;
FE6E : FF;
FE6F : FF;
FE70 : FF;
FE71 : FF;
FE72 : FF;
FE73 : FF;
FE74 : FF;
FE75 : FF;
FE76 : FF;
FE77 : FF;
FE78 : FF;
FE79 : FF;
FE7A : FF;
FE7B : FF;
FE7C : FF;
FE7D : FF;
FE7E : FF;
FE7F : FF;
FE80 : FF;
FE81 : FF;
FE82 : FF;
FE83 : FF;
FE84 : FF;
FE85 : FF;
FE86 : FF;
FE87 : FF;
FE88 : FF;
FE89 : FF;
FE8A : FF;
FE8B : FF;
FE8C : FF;
FE8D : FF;
FE8E : FF;
FE8F : FF;
FE90 : FF;
FE91 : FF;
FE92 : FF;
FE93 : FF;
FE94 : FF;
FE95 : FF;
FE96 : FF;
FE97 : FF;
FE98 : FF;
FE99 : FF;
FE9A : FF;
FE9B : FF;
FE9C : FF;
FE9D : FF;
FE9E : FF;
FE9F : FF;
FEA0 : FF;
FEA1 : FF;
FEA2 : FF;
FEA3 : FF;
FEA4 : FF;
FEA5 : FF;
FEA6 : FF;
FEA7 : FF;
FEA8 : FF;
FEA9 : FF;
FEAA : FF;
FEAB : FF;
FEAC : FF;
FEAD : FF;
FEAE : FF;
FEAF : FF;
FEB0 : FF;
FEB1 : FF;
FEB2 : FF;
FEB3 : FF;
FEB4 : FF;
FEB5 : FF;
FEB6 : FF;
FEB7 : FF;
FEB8 : FF;
FEB9 : FF;
FEBA : FF;
FEBB : FF;
FEBC : FF;
FEBD : FF;
FEBE : FF;
FEBF : FF;
FEC0 : FF;
FEC1 : FF;
FEC2 : FF;
FEC3 : FF;
FEC4 : FF;
FEC5 : FF;
FEC6 : FF;
FEC7 : FF;
FEC8 : FF;
FEC9 : FF;
FECA : FF;
FECB : FF;
FECC : FF;
FECD : FF;
FECE : FF;
FECF : FF;
FED0 : FF;
FED1 : FF;
FED2 : FF;
FED3 : FF;
FED4 : FF;
FED5 : FF;
FED6 : FF;
FED7 : FF;
FED8 : FF;
FED9 : FF;
FEDA : FF;
FEDB : FF;
FEDC : FF;
FEDD : FF;
FEDE : FF;
FEDF : FF;
FEE0 : FF;
FEE1 : FF;
FEE2 : FF;
FEE3 : FF;
FEE4 : FF;
FEE5 : FF;
FEE6 : FF;
FEE7 : FF;
FEE8 : FF;
FEE9 : FF;
FEEA : FF;
FEEB : FF;
FEEC : FF;
FEED : FF;
FEEE : FF;
FEEF : FF;
FEF0 : FF;
FEF1 : FF;
FEF2 : FF;
FEF3 : FF;
FEF4 : FF;
FEF5 : FF;
FEF6 : FF;
FEF7 : FF;
FEF8 : FF;
FEF9 : FF;
FEFA : FF;
FEFB : FF;
FEFC : FF;
FEFD : FF;
FEFE : FF;
FEFF : FF;
FF00 : FF;
FF01 : FF;
FF02 : FF;
FF03 : FF;
FF04 : FF;
FF05 : FF;
FF06 : FF;
FF07 : FF;
FF08 : FF;
FF09 : FF;
FF0A : FF;
FF0B : FF;
FF0C : FF;
FF0D : FF;
FF0E : FF;
FF0F : FF;
FF10 : FF;
FF11 : FF;
FF12 : FF;
FF13 : FF;
FF14 : FF;
FF15 : FF;
FF16 : FF;
FF17 : FF;
FF18 : FF;
FF19 : FF;
FF1A : FF;
FF1B : FF;
FF1C : FF;
FF1D : FF;
FF1E : FF;
FF1F : FF;
FF20 : FF;
FF21 : FF;
FF22 : FF;
FF23 : FF;
FF24 : FF;
FF25 : FF;
FF26 : FF;
FF27 : FF;
FF28 : FF;
FF29 : FF;
FF2A : FF;
FF2B : FF;
FF2C : FF;
FF2D : FF;
FF2E : FF;
FF2F : FF;
FF30 : FF;
FF31 : FF;
FF32 : FF;
FF33 : FF;
FF34 : FF;
FF35 : FF;
FF36 : FF;
FF37 : FF;
FF38 : FF;
FF39 : FF;
FF3A : FF;
FF3B : FF;
FF3C : FF;
FF3D : FF;
FF3E : FF;
FF3F : FF;
FF40 : FF;
FF41 : FF;
FF42 : FF;
FF43 : FF;
FF44 : FF;
FF45 : FF;
FF46 : FF;
FF47 : FF;
FF48 : FF;
FF49 : FF;
FF4A : FF;
FF4B : FF;
FF4C : FF;
FF4D : FF;
FF4E : FF;
FF4F : FF;
FF50 : FF;
FF51 : FF;
FF52 : FF;
FF53 : FF;
FF54 : FF;
FF55 : FF;
FF56 : FF;
FF57 : FF;
FF58 : FF;
FF59 : FF;
FF5A : FF;
FF5B : FF;
FF5C : FF;
FF5D : FF;
FF5E : FF;
FF5F : FF;
FF60 : FF;
FF61 : FF;
FF62 : FF;
FF63 : FF;
FF64 : FF;
FF65 : FF;
FF66 : FF;
FF67 : FF;
FF68 : FF;
FF69 : FF;
FF6A : FF;
FF6B : FF;
FF6C : FF;
FF6D : FF;
FF6E : FF;
FF6F : FF;
FF70 : FF;
FF71 : FF;
FF72 : FF;
FF73 : FF;
FF74 : FF;
FF75 : FF;
FF76 : FF;
FF77 : FF;
FF78 : FF;
FF79 : FF;
FF7A : FF;
FF7B : FF;
FF7C : FF;
FF7D : FF;
FF7E : FF;
FF7F : FF;
FF80 : FF;
FF81 : FF;
FF82 : FF;
FF83 : FF;
FF84 : FF;
FF85 : FF;
FF86 : FF;
FF87 : FF;
FF88 : FF;
FF89 : FF;
FF8A : FF;
FF8B : FF;
FF8C : FF;
FF8D : FF;
FF8E : FF;
FF8F : FF;
FF90 : FF;
FF91 : FF;
FF92 : FF;
FF93 : FF;
FF94 : FF;
FF95 : FF;
FF96 : FF;
FF97 : FF;
FF98 : FF;
FF99 : FF;
FF9A : FF;
FF9B : FF;
FF9C : FF;
FF9D : FF;
FF9E : FF;
FF9F : FF;
FFA0 : FF;
FFA1 : FF;
FFA2 : FF;
FFA3 : FF;
FFA4 : FF;
FFA5 : FF;
FFA6 : FF;
FFA7 : FF;
FFA8 : FF;
FFA9 : FF;
FFAA : FF;
FFAB : FF;
FFAC : FF;
FFAD : FF;
FFAE : FF;
FFAF : FF;
FFB0 : FF;
FFB1 : FF;
FFB2 : FF;
FFB3 : FF;
FFB4 : FF;
FFB5 : FF;
FFB6 : FF;
FFB7 : FF;
FFB8 : FF;
FFB9 : FF;
FFBA : FF;
FFBB : FF;
FFBC : FF;
FFBD : FF;
FFBE : FF;
FFBF : FF;
FFC0 : FF;
FFC1 : FF;
FFC2 : FF;
FFC3 : FF;
FFC4 : FF;
FFC5 : FF;
FFC6 : FF;
FFC7 : FF;
FFC8 : FF;
FFC9 : FF;
FFCA : FF;
FFCB : FF;
FFCC : FF;
FFCD : FF;
FFCE : FF;
FFCF : FF;
FFD0 : FF;
FFD1 : FF;
FFD2 : FF;
FFD3 : FF;
FFD4 : FF;
FFD5 : FF;
FFD6 : FF;
FFD7 : FF;
FFD8 : FF;
FFD9 : FF;
FFDA : FF;
FFDB : FF;
FFDC : 00;
FFDD : 00;
FFDE : 00;
FFDF : 00;
FFE0 : 00;
FFE1 : 00;
FFE2 : 00;
FFE3 : 00;
FFE4 : FF;
FFE5 : FF;
FFE6 : FF;
FFE7 : FF;
FFE8 : 00;
FFE9 : 00;
FFEA : 00;
FFEB : 00;
FFEC : 00;
FFED : 00;
FFEE : 00;
FFEF : 00;
FFF0 : 00;
FFF1 : 00;
FFF2 : 05;
FFF3 : D0;
FFF4 : 00;
FFF5 : 00;
FFF6 : 6B;
FFF7 : 90;
FFF8 : FF;
FFF9 : FF;
FFFA : 53;
FFFB : 52;
FFFC : 2F;
FFFD : 43;
FFFE : 44;
FFFF : 48;
END;
